std,rho,mu,omega,alpha1,alpha2,alpha3,beta1,beta2,beta3
0.011539464467320062,-0.01885851481517562,-0.02067579474936507,0.4068980112594692,0.14682633081603436,0.26108022655085505,1.636711941615834e-16,0.1509380856098071,1.0453184967155136e-16,0.10287310001542599
0.01688962620074701,0.03012653251724419,-0.01657424348775424,0.5717950120984507,0.16905310874122959,0.1379993853623815,0.03313794822241974,0.0,0.0703782053606735,0.017421729843078246
0.010107301284668904,0.047694220236744946,-0.016512035040071336,0.06193875882131838,0.36425481439761387,4.28903182357125e-13,1.3382928147035528e-12,0.3730031827955735,0.03905107769034353,0.19771795668690043
0.016216494918543583,-0.026723904156168633,-0.003083306094668959,0.2056459350254879,0.15543114863452315,0.08290847921396267,0.057993054340696,0.07650315123907711,0.11799606504199996,0.3399114553459806
0.01699327723054568,-0.05606559327653484,0.011091394964315387,0.11618366505440764,0.0922287238220998,0.19995920937050285,0.0,0.0,0.0,0.5974522774087381
0.012208543903155311,-0.08270420007976304,-8.266202066957807e-05,9.999999999940612e-09,0.43749989349408935,0.0,0.1655596811131822,0.0,0.0,0.4021085621218295
0.013622613926810412,0.014856961686482255,-0.017917558024641088,0.12195413964746728,0.05251901048366858,0.02680642156843408,0.008742855006948073,2.921498885137255e-13,0.11493690336148994,0.6724800708600832
0.011568958599802176,-0.035976537275533106,-0.0024759602266762695,0.011380464161140745,0.07831825559034675,0.0,0.027287538516188356,0.0,0.017573680678944544,0.8768205568947651
0.012734435913491344,-0.041582277360004846,0.03264563776532525,0.038220155243725865,0.167228083651661,0.044883808767942505,0.015794217040443027,0.0,0.3055133173173366,0.43851312233867046
0.016216494918543583,-0.026723904156168633,-0.003083306094668959,0.2056459350254879,0.15543114863452315,0.08290847921396267,0.057993054340696,0.07650315123907711,0.11799606504199996,0.3399114553459806
0.01113887961328272,-0.008651162414757751,0.01202838171367705,0.14809663201143394,0.20301246460852074,0.04524740766701848,0.0,0.0,0.001895477128980614,0.6138222123958281
0.015627990207511898,-0.06808642851106814,-0.0016988046752823142,0.01450698672058889,0.2538256073925706,0.05877832656797231,2.7825305947805086e-09,0.39072756412796505,1.030881701794377e-08,0.2966684898971063
0.013322776185285797,-0.04732884459453517,0.024823083342201617,0.29093347882632936,0.26777520419451833,4.515095039818621e-16,0.05184460231039208,0.0,0.06679479462486675,0.3430537955900838
0.016216494918543583,-0.026723904156168633,-0.003083306094668959,0.2056459350254879,0.15543114863452315,0.08290847921396267,0.057993054340696,0.07650315123907711,0.11799606504199996,0.3399114553459806
0.016771267331409486,0.10929436180362637,-0.006072443383191387,0.028852236294977254,0.3273214444387406,0.09902097265430475,0.1252846871802912,0.0,0.17052402160356528,0.2653141393222468
0.01004426373089258,-0.06976036623191124,-0.02210546433964618,0.04391791744497408,0.07943594792451579,0.08928787092076805,0.1617018784148344,0.0,0.0,0.6662417676179359
0.01271956280098814,-0.04468366943352602,0.05425755652833979,0.6541014744301641,0.22421425007060347,0.11073806499884381,0.04137020682892594,4.434027010171756e-14,6.30123001770374e-15,0.0
0.01487373505588737,0.06569815017411121,0.005426190516980251,0.05574111378257432,0.17722715675483272,0.06288459996068792,0.012005260408972896,0.0,0.0,0.7046883695290684
0.010068903379550236,-0.07266634737907894,-0.010065295381871663,0.18994995790173363,0.2204709914115182,1.7450564168582437e-10,3.104399032168144e-11,0.3795316933195166,0.0,0.19877840454516274
0.010403052395002279,-0.03807477994150377,-0.018781282029555476,0.00509519512094712,0.07767473101692825,0.018021783854401185,0.01752161967789258,3.952958242492244e-09,1.4030811452908893e-09,0.8867818831066879
0.03647877954829498,0.0802264546384731,-0.03592890675686179,1.0003070761245925e-08,8.049707107044252e-12,8.994096411706425e-12,7.876021436042085e-12,1.450360754427578e-13,0.7826447521573493,0.20959243536850458
0.026105183002241125,-0.11511869962819674,-0.013489271769678759,0.044296833477188255,0.0880312815952105,6.575089941642821e-17,5.964140306305372e-16,0.262137865716494,1.0078397794832476e-16,0.610467408647241
0.008608339465832393,0.048525981189955776,-0.09468422273444657,0.502315245284389,0.0,0.999999999388431,0.0,0.0,4.1391555123763573e-10,5.579230704674296e-12
0.011326226229656598,0.02678948178555986,0.01363334654265073,0.11752426357666199,0.19689138247309246,0.056632227087555005,0.0,0.16608074302982506,3.2737269315795135e-16,0.4620364015871237
0.02208247174856531,0.029129208605255738,0.019332341409445945,0.012542188738553974,0.0,0.0,0.0,6.42507260162201e-07,6.761271083339158e-07,1.0
0.012965605876567692,0.02148133526124829,0.07670624945359768,0.401652966697983,1.4294349413920498e-13,0.2651452588417211,0.32068581257209533,2.0595599001845243e-14,0.07033605854895228,3.4277371411787206e-13
0.021321191554086984,-0.011616227951514346,-0.06538368497883361,0.06842860257063682,0.07577751051132332,0.05545481661184462,0.372251466532953,0.49651620640064054,0.0,0.0
0.013318444592807763,-0.13248623994841918,-0.0538610663812262,0.5216688692665279,0.16298559950741856,0.4532701205619824,0.0,0.0,0.015651923754339353,0.06464535653396614
0.009536157417095119,-0.05615635369688157,0.009428411208630891,0.1544868421692194,0.16237555501503573,0.18443782948657572,0.0,0.2630364329872168,0.0,0.2317347776325785
0.008861633130929178,-0.009683087549005296,-0.03232101020111957,0.319458516318594,0.23720482499530568,0.09218320294313681,3.988509237830539e-14,0.07837219007252884,0.0,0.28541451409469054
0.016001907699655493,-0.07657274929282624,0.08593925507887894,0.20901188015979189,0.06800125223596554,0.034179521060783015,0.21407080448648472,0.0,0.0,0.5091179316553255
0.010318358971612892,0.011529573342516999,-0.016594125789592868,0.27225545035033427,0.28100227929544086,0.07362608182423479,0.07242012248078276,0.0423906079331243,0.0,0.22668557870871278
0.010035225030539677,-0.06431480883969608,0.04271011961183729,0.07808637012222011,0.1456050570188842,0.0,0.0,0.14518357166266507,0.0,0.6500998770187946
0.01133072467037358,-0.047314820042725775,-0.011835394081524855,0.11402934545731992,0.22356728955378055,0.18110641348741258,0.0,0.36293634391265356,0.0,0.18706534600507332
0.008164378707417956,-0.12494350033923546,0.0024496466114830983,0.18715637390135514,0.3616141534053503,0.0,0.10855504383203671,0.18033967392389888,8.092751349189376e-15,0.21212853947251686
0.016216494918543583,-0.026723904156168633,-0.003083306094668959,0.2056459350254879,0.15543114863452315,0.08290847921396267,0.057993054340696,0.07650315123907711,0.11799606504199996,0.3399114553459806
0.007419066986243246,-0.17189468917604012,-0.040932791755947516,0.5736409344031151,0.25778434255226007,0.13651870754482234,0.05793867769600441,5.438941537878557e-13,2.087038493940058e-12,6.402457442751143e-12
0.016216494918543583,-0.026723904156168633,-0.003083306094668959,0.2056459350254879,0.15543114863452315,0.08290847921396267,0.057993054340696,0.07650315123907711,0.11799606504199996,0.3399114553459806
0.00880672733145725,-0.05418814156835537,-0.010657473438400442,0.09655336405562143,0.19902243644378204,4.302773463374424e-12,0.0,0.0,0.5782290322747938,0.1383889904766726
0.01098267600849853,-0.07422307148682229,0.011316385748856586,0.04174849204690821,0.197704464593957,2.7690144598972813e-18,0.040641450094339664,0.24168316888276917,8.245509725027461e-18,0.49988463461372984
0.010966347233968011,-0.05021198957594169,0.0015609512877411296,0.22093534732287026,0.22119442873631812,0.02215925595020958,0.03867066894929153,0.07298837101467477,0.0,0.4055971907311043
0.016216494918543583,-0.026723904156168633,-0.003083306094668959,0.2056459350254879,0.15543114863452315,0.08290847921396267,0.057993054340696,0.07650315123907711,0.11799606504199996,0.3399114553459806
0.010489935027001183,0.020803149435884818,0.010705014390708046,0.11833732487255798,0.20885796140419166,2.0143008879602465e-16,0.10421520900673922,0.013152655941724269,0.2978183724222355,0.2637780486670211
0.012144796028457347,-0.2762641476639971,0.0023119914504243174,0.06903715500152023,0.35414571978420706,0.0,0.0,0.0,0.0,0.6458542808520055
0.010315181390910545,-0.039441176667414646,0.08717101453447433,0.06433473298147906,0.18456484338990414,8.889377493527182e-13,0.0,1.7976497752808163e-11,0.0,0.7674888921673408
0.013674218568035213,0.031168348752754878,0.02293575698347309,0.8536686883521061,0.10781924895308125,0.01429188922477869,0.0,0.03213126483812282,0.0,0.0
0.016216494918543583,-0.026723904156168633,-0.003083306094668959,0.2056459350254879,0.15543114863452315,0.08290847921396267,0.057993054340696,0.07650315123907711,0.11799606504199996,0.3399114553459806
0.011736422970214894,-0.03228033188133453,0.015239705441963501,0.3102444774457048,0.15493166824038979,0.03180987423750244,3.2378676353708852e-12,0.04451919804624401,0.0,0.46682695600490526
0.007205804983583708,-0.014277930886036959,-0.06818401577484443,0.1841558578043605,2.7423631505320135e-13,5.261488069559345e-13,5.722547179354298e-13,0.04319450843586206,0.7500811461612991,0.0
0.0438266483504653,-0.37642864069182075,0.019702977042941085,0.0016389108769510857,0.04212230346296941,7.926003018327357e-05,1.2412206114969367e-08,6.773986685343818e-08,1.3574050885956043e-08,0.9578170727575993
0.010137205058195252,0.06639723389101845,-0.0280708517508696,0.32809655836266094,0.2590798206061287,0.0,0.01917654469984943,0.10526714495160575,0.0,0.27463258637374527
0.016216494918543583,-0.026723904156168633,-0.003083306094668959,0.2056459350254879,0.15543114863452315,0.08290847921396267,0.057993054340696,0.07650315123907711,0.11799606504199996,0.3399114553459806
0.010267645775874511,-0.04714052647546272,-0.011938693733769995,0.24325730458214834,0.3326883973106227,0.2604363402457365,0.04714434433761092,3.022355255868522e-14,8.205386495534153e-14,0.18893740493724678
0.010241530604893443,-0.012324960986973154,-0.007541725891277334,0.05798831059475723,0.08751957789234012,0.1279024019160019,0.0,0.0741186062192729,0.0,0.6641251024932465
0.011933821031990817,-0.044734369811351676,0.002701029050607086,0.09439673514349639,0.15262100811876367,0.047408060126600295,6.538905287449968e-05,0.12049509947176108,1.5212051873194996e-11,0.585914641913216
0.009689640530429776,-0.06136078857135278,-0.039915427623009876,0.32982139497306223,0.13308728682138576,0.01529991881986351,0.13014259794516508,0.0,0.34968584011880244,0.03687742980058383
0.010492051300729353,-0.08367989156073481,0.00042032008776758645,0.13019800886644595,0.1308919623743452,0.08406982357835367,0.007481082494867479,1.5341588813831167e-09,8.222073525570012e-09,0.6447632078542883
0.00925885511334715,-0.12333080021022243,-0.04926636362812797,0.19197034942740404,0.2307049891129836,0.0,7.585697401034569e-13,0.0,0.21373700174039129,0.3558997619937971
0.011491437969123568,-0.07059567639873471,-0.03296517507756098,0.04487252790502348,3.8291913065620506e-11,0.2298658094158487,0.00506117156192923,0.0,0.7644163052664011,1.2853588535964798e-11
0.015691981151510544,-0.03726935025843705,-0.009852026147354788,0.26554197328639867,0.3866494873715642,0.0,0.0,0.11226473881820015,0.2238247887905835,0.06784194634247596
0.015250870156874832,0.056982743204816444,0.019376502567234416,0.12299284050548134,0.1688600766434992,0.11618318348719209,0.0,0.28471432340382946,3.489814014846139e-14,0.2895723031714715
0.02677453208339656,0.04559937602755165,-0.06981984687621194,0.032945934175079815,0.0015732158226304696,7.597974244663038e-07,0.4461698526267792,1.808768665540255e-06,0.0006053232113346262,0.5516642065056421
0.009860654151728635,0.02294170489914188,0.007103519081654892,0.1785478084731123,0.11936448664380704,0.06525512735957124,0.3124053853134557,0.06447940071137141,0.1614500424297605,0.1210079649740283
0.014523981773223123,-0.0412721396103306,-0.027275738051150373,0.007000238690106312,0.040215028906952006,0.0028290465311877227,0.07269159302866669,1.806293698429718e-10,6.102709070072453e-10,0.8842643307396443
0.017062964409655757,-0.040026543800986275,0.005924827580474744,0.02816666893215688,0.05745679750738721,0.136433697071487,0.20412611622753707,0.05372521424904078,0.0,0.5482581676611433
0.010536451612089654,0.04931427708721489,0.010724194511725571,0.28832975646997683,0.37318859557265877,0.015779127864461704,0.11039612800997006,0.0,0.0,0.28946960512466724
0.020670626847048647,0.07222637988361814,-0.1378635767198409,0.3941335226542088,0.9832734980483447,2.4153464169670898e-11,1.5689238644662468e-10,2.1101514988206934e-10,3.668445088260663e-10,0.016726501088394262
0.017686106127579287,-0.08154351864454493,0.01221094421377716,0.09337185636197805,0.11986695748392845,0.07888205888998792,3.052143811398068e-14,1.7517105466613363e-14,2.127951409193916e-14,0.695648096598719
0.010880308999329921,-0.05257754347426948,-0.088111834804641,0.6225127428483194,0.33335561305190403,7.830655729745433e-12,9.849297742146065e-13,4.4312456321616e-12,2.1517828796079687e-12,0.030094358435379616
0.010398012035706465,-0.013722719899930309,-0.031290369913764826,0.027447858086661555,0.1311220235503965,0.029649279976897546,0.020330519562923352,0.010773206918735768,0.0,0.7962855690860094
0.012408602621477874,0.0562795327073748,-0.02339786414457571,0.06769139876944566,0.1278475917463457,2.02102325147427e-09,0.0,0.0,6.697715187933118e-08,0.8158132509181918
0.014713732444073167,-0.092855404037929,0.022895853768590418,0.24550197276596594,0.6146927169901798,0.3435601956480698,0.011321108032188772,8.080900189338281e-11,0.03042597925316264,0.0
0.017390500918270803,-0.035306190042606905,0.005940269440218328,0.003955480634974798,1.1708126599001458e-05,1.991137071053388e-10,2.3577076597458223e-10,4.755179659784816e-05,4.796774568071473e-05,0.9999999994606669
0.01193920517501332,-0.09629031558225862,-0.0016074061037332078,0.6478850588066372,0.0972860485487436,0.1042698656694296,0.218598108598523,6.764178541460381e-12,0.03129304585242039,1.477553762897793e-11
0.016216494918543583,-0.026723904156168633,-0.003083306094668959,0.2056459350254879,0.15543114863452315,0.08290847921396267,0.057993054340696,0.07650315123907711,0.11799606504199996,0.3399114553459806
0.016216494918543583,-0.026723904156168633,-0.003083306094668959,0.2056459350254879,0.15543114863452315,0.08290847921396267,0.057993054340696,0.07650315123907711,0.11799606504199996,0.3399114553459806
0.010242039163917442,0.05092333863423617,-0.019254490136018383,0.030104994665372684,0.18338129019307364,0.040976556972539865,0.0010733993738978526,1.0789245715145586e-10,2.651697680800147e-10,0.7572474829002419
0.05002225833467514,-0.18188448977641816,-0.004603162858108637,0.00235995643064082,0.3511497074387342,0.10043804069959493,1.2808856697385006e-09,0.35931583366868064,0.0,0.18909641890359868
0.009182967004699333,-0.054003266524711616,-0.03749284511234435,0.041141367756318145,0.0692067517998026,0.002378606587947743,0.16291356193886922,0.0,0.2114829886079891,0.5253346849034122
0.009792103919354153,0.02856164782082599,-0.013208618030417469,0.018573516311359263,0.11202931231775884,0.025345960046363036,3.0075022925734506e-09,4.550021734247268e-08,0.11736861059345911,0.7326983952184274
0.017104790047292432,-0.1346326583043866,-0.04480534843132035,0.04897130988097988,0.11794490031533089,0.00314870571761928,0.002075461831343085,1.6865943585176728e-15,0.8185018377531326,2.0620065234250435e-15
0.018269382269202623,0.0056464639530659205,0.0035584780252116035,0.008788378934741561,0.1570585886348942,0.030917454875414703,0.0025340776849251483,3.0747835487365484e-13,4.004348492366833e-13,0.8094931774923526
0.010720762421233359,-0.03448938934754177,-0.03128996845941031,0.010702460159971481,0.056856467064738625,0.01607251883709102,0.05142460201778655,0.008125982128634699,1.2908028787595527e-10,0.8631320925077828
0.011787891738141026,0.04394023923925141,-0.028264932973882346,0.03645738384351165,0.17744579884262468,0.01448497950150473,0.009580789114915543,0.36098892451714804,1.4814663785167769e-15,0.3995823647176558
0.008134081418160861,-0.10515186305147553,0.03602605799504346,0.09660059410149252,0.11506048294201113,0.02654659024398899,0.0,0.6125134188464499,0.0,0.14100030700825164
0.011653516467957953,-0.0478369163642526,-0.028248016420574718,0.672470985316744,0.49620431867463927,0.0,0.0,0.015884981968718324,0.0,7.116036962492652e-12
0.01163608333575313,0.055178119216217576,-0.009842123534153157,0.03974108870469459,0.10595856499388223,0.14041946305939426,0.0,1.5515250196810016e-09,0.06163257757717241,0.6619962750759446
0.016497519132152645,-0.12812550928962374,0.03486189455909021,0.4387745709996365,0.2701541678082315,0.09542411156859784,9.749164152925602e-14,0.0,0.07578917339142834,0.09099805020252098
0.016216494918543583,-0.026723904156168633,-0.003083306094668959,0.2056459350254879,0.15543114863452315,0.08290847921396267,0.057993054340696,0.07650315123907711,0.11799606504199996,0.3399114553459806
0.010724571102096701,0.11122309886532958,-0.003961352119174201,0.0638582885158291,0.12126107771427154,5.008399539656205e-11,1.5983743199578692e-11,0.46384454179029455,8.798390978467397e-13,0.34579576921871513
0.00905239356637117,0.019253520321389876,0.01177960128228694,0.10456458367042283,0.09755923805280443,0.08080984893215408,0.14593329044506476,0.0,0.0,0.5764703806161797
0.016216494918543583,-0.026723904156168633,-0.003083306094668959,0.2056459350254879,0.15543114863452315,0.08290847921396267,0.057993054340696,0.07650315123907711,0.11799606504199996,0.3399114553459806
0.010905979016827614,-0.012656203136409565,-0.000961614004544651,0.08570924326663619,0.05524607627704643,0.10366790573935845,0.03479614903522002,0.10232130895719849,0.0,0.6165688422076024
0.011385816659738368,0.046151282674730745,0.012476417337847748,0.24797312549531553,0.18462261348368078,0.06916874352540839,0.08785681271546711,1.0964287904679355e-12,9.135140690024043e-13,0.41388156876065507
0.009436486655265997,0.0021400852447337753,-0.0011996284914882805,0.10798281726558241,0.2524914498716601,0.12988415358490274,5.238421680624812e-14,0.3539862300313404,0.0,0.1868092392743994
0.014728557513789967,-0.1346982436533234,-0.04805983174307685,0.4321808630293985,0.11726564927425005,0.6742188851208595,0.0,0.0,0.0,0.0
0.01076221902710782,-0.06326234949782653,0.015500068290155182,0.4876077192944726,0.1837813811623213,0.36720438825391305,0.0,0.0,0.08400719020820883,0.0
0.010774158782724074,-0.11818678606143013,0.015008538325266314,0.04278865799577269,0.07012319534973913,0.02625666533236358,0.12388157761845535,8.552806351025323e-09,1.4845697740132839e-09,0.7552048661644588
0.008948011093934309,0.13395274851282818,-0.10265530924674574,0.34531734839304956,0.04237690897770317,0.030795740398757248,0.7584697468794451,7.467091951074654e-07,0.16835262655395297,7.977426884809996e-07
0.008804334098987182,-0.05153899966455111,0.02195157729074932,0.04978047863425899,0.08424514961575169,0.007876994403431196,5.546510477658932e-12,7.900188622071662e-12,0.8618004374845722,2.0238129948635935e-12
0.030474791510334623,-0.2087608360874702,-0.014763038492549887,0.012741767778594846,0.3333775789196291,5.8562384702951296e-12,1.4366046739781591e-12,0.4166769175171384,1.1282745827136129e-13,0.24994635451727637
0.011400497964948134,-0.033428664195488386,-0.037201161243944354,0.14844833406966795,0.1787673400715144,0.09933853461833377,0.006017184254434397,1.0474399682548684e-13,0.10884498168563236,0.4671123399034769
0.014545749869790502,-0.13979413521618783,-0.02715019912954115,0.10026678407764335,0.22158441796287565,0.05777755192836909,0.012079240021140544,0.0,0.0,0.6036387449120306
0.011090288704973226,-0.0019950955576112945,-0.035015991647030176,0.26636236433484933,0.029433602385272692,0.031726263294174585,0.8258932851894336,0.0,0.004363280194414889,0.10858356894576292
0.006017351384521781,-0.16269410927910513,-0.12351729147988562,0.8302461608258189,0.12490988538176687,0.0,0.04410829998065721,2.2086862759556224e-13,2.220536908299839e-13,2.4079162813609177e-13
0.016216494918543583,-0.026723904156168633,-0.003083306094668959,0.2056459350254879,0.15543114863452315,0.08290847921396267,0.057993054340696,0.07650315123907711,0.11799606504199996,0.3399114553459806
0.01574855115535036,0.007285953778761037,0.031518871172011284,0.3084513944753214,0.09293791071169608,0.2342501670259746,0.008376774246080326,1.3324492586688943e-16,0.38523531596668903,3.7534349767647214e-16
0.019877805285650398,-0.03703758921923823,0.01385712654303011,0.20344130913516878,0.10201622045475905,0.5802028806996453,4.091623957398943e-13,7.618763502682742e-13,0.31785744895553814,1.7054050244559796e-12
0.014594477274652982,0.056800788845606735,0.001787846955377178,0.8733417575633745,0.12918548584980016,1.795880451294181e-11,5.579998642300243e-12,0.0,0.0,0.0
0.032148100939069356,-0.4446922239525728,-0.014991215584345118,0.01781032305342563,0.2547588522355971,0.011751085505039794,7.757568959190579e-10,0.27381401172877007,7.661707001062697e-10,0.4596785358893263
0.016216494918543583,-0.026723904156168633,-0.003083306094668959,0.2056459350254879,0.15543114863452315,0.08290847921396267,0.057993054340696,0.07650315123907711,0.11799606504199996,0.3399114553459806
0.016216494918543583,-0.026723904156168633,-0.003083306094668959,0.2056459350254879,0.15543114863452315,0.08290847921396267,0.057993054340696,0.07650315123907711,0.11799606504199996,0.3399114553459806
0.011891008852388087,-0.032537887931951844,-0.0216000900883807,0.019058923738730593,0.057350409309434275,0.10545890166401706,0.0010188162266287152,0.0,0.0,0.832053415246128
0.011329136656179246,-0.016359135699006874,0.029778647200303487,0.06958532665558821,0.15018003189824577,0.03153618989930541,0.0,9.944250800304445e-15,0.5542547800071959,0.20521254114572032
0.016216494918543583,-0.026723904156168633,-0.003083306094668959,0.2056459350254879,0.15543114863452315,0.08290847921396267,0.057993054340696,0.07650315123907711,0.11799606504199996,0.3399114553459806
0.016216494918543583,-0.026723904156168633,-0.003083306094668959,0.2056459350254879,0.15543114863452315,0.08290847921396267,0.057993054340696,0.07650315123907711,0.11799606504199996,0.3399114553459806
0.01023199455555265,-0.04090755163848948,0.010828926892704299,0.009530131288129198,0.041717896547235366,1.2633553207845956e-10,0.0,0.26585555431386065,8.030329097597206e-09,0.6862956095717286
0.013903717465322759,-0.04493619978854626,-0.03132618807649653,0.11004399101027271,0.026755644174157215,0.09039660810646793,0.2995713998356947,9.70497668596263e-12,0.12775973120795187,0.4116238765888182
0.011167955353910956,-0.03176547579145722,0.0010683915891574775,0.10662575150199337,0.47854093421038746,2.0935473417766648e-13,9.97314802471512e-13,0.3737335120811996,0.0,0.12484077628687115
0.017660161459638776,0.07258395961430673,0.02369596843524977,0.03995493496927469,0.048187993264558554,0.11623000120163335,0.004191467346896003,0.15865308987212812,1.4948817456537558e-10,0.6240327103326919
0.021642793547066795,-0.07694525209056535,0.01281569956595546,0.01836440265665315,0.2765897127355351,0.0,2.8208946886435403e-16,0.2514165924561116,0.0,0.4719939327450007
0.014306568233136613,-0.21594800875595244,0.019014480960687856,0.04122208222485818,0.2138252494816007,0.07763160408147238,0.28785301902923516,0.0,0.0,0.4206901274103006
0.01428961772385925,0.007904828120183343,0.006323301223491814,0.2676312368049578,0.29219146168813465,0.03692386451556887,0.10160538749576845,6.602662607390508e-15,0.22405316521072985,0.08725711293045418
0.008863201573950746,-0.02790759096855854,-0.03891549687971189,0.6043219934918683,0.37087812603195397,0.030915432986125188,0.028843218390161674,5.361099097514485e-16,6.343910045881203e-16,2.492589158881368e-15
0.014900000917679375,0.007270235880993653,0.03341436788312961,0.008930887489826452,0.04393786607984671,1.2677947306971322e-12,0.008589893999764404,9.660239324900603e-13,2.7440680539801158e-12,0.941951707002788
0.010482128442115528,-0.038257843045322475,-0.044852523205891004,0.04079601311002095,0.21551116925475322,7.910604267676459e-12,2.137581828782446e-11,3.479921157137324e-11,0.49672010913541526,0.278007382051494
0.018149720292055794,0.11278882459519757,-0.0020073569275597895,0.14625210324708543,0.121249812775894,0.03197255458266331,0.09484954336285484,3.541578087198894e-14,0.009303035848171546,0.5771454577657239
0.014499243197718377,-0.05456261334992399,0.0391762320715243,0.35982054372967776,0.7601694160990069,0.14942592242029942,0.05073160040012917,4.137700270560398e-12,0.036207201069079195,5.368545767069248e-13
0.011535943234973383,0.06841328530504105,-0.07840823519217782,0.05302956416066733,0.20205293384164302,0.0,0.0,1.3991445418094441e-11,0.0010391293667659182,0.7650731071968594
0.010075945614062522,-0.0010017380795633907,0.038473323550183514,0.28810054028267706,0.11132046460552537,0.10522953954060422,0.016697898931782723,0.0,0.0,0.46859050696956644
0.008858373536744388,0.06135216777632739,0.04684958061783531,0.08395345993673477,0.14094618171293266,0.284971676769928,0.0,0.016990338344770154,5.051955756837479e-11,0.5570918029124022
0.017969906073412815,-0.026108962145304202,0.009036878494017056,0.034203245938997054,0.03412061119073949,0.09021736448734644,0.21051293560709022,0.0,0.6651490898377614,0.0
0.01187700540434788,-0.029506993735231354,0.01489279990434015,0.016251455684640297,0.07346499396774346,2.162414101336866e-12,3.2069950005589777e-12,0.41012209207395917,1.46611720563529e-11,0.5048762743632876
0.011502064416579435,-0.0414703897722173,-0.0024030332738188332,0.18313433745207927,0.1635150219973532,0.03923948370022129,0.2673145559564786,1.0963980051155581e-13,0.014099670697450273,0.39554510459692915
0.01109224338413394,-0.15049408022065455,0.0068450520192971445,0.07327315719181623,0.09265869259719489,0.049976781751954774,0.11297096624829342,1.9095945007296202e-13,0.6754738665508944,9.683485370580226e-12
0.009761337570491713,0.03811954641521102,0.013309027168610616,0.0867146778191093,0.19878687140920775,0.0,0.0,0.2662999704225029,0.2602104939900794,0.18464819946560973
0.011286033655352431,0.03553104602752873,-0.008854074873004245,0.2232287932762335,0.20676572171449534,0.0006403269103042125,0.0,0.0,0.5692253878985548,0.0
0.009941014945307795,-0.009772713590874123,0.016544813925440317,0.3294392916471532,0.4839528618256004,1.2174910699408005e-16,0.0,0.233248997020262,0.007724163510664366,0.050458624468048476
0.018706302879912717,-0.07859719705915263,-0.0028297791585833072,0.09651257956201935,0.2005633060908393,0.0030493405647514676,6.899691018472102e-13,1.2370882482337777e-12,0.10715749685098368,0.5834953736470757
0.016216494918543583,-0.026723904156168633,-0.003083306094668959,0.2056459350254879,0.15543114863452315,0.08290847921396267,0.057993054340696,0.07650315123907711,0.11799606504199996,0.3399114553459806
0.011460638862505724,0.04087317558410088,-0.01958588742371017,0.20407721637533155,0.0,0.0,0.0,0.3184907784557088,0.48174699454669134,0.0
0.008200461332339306,-0.07401991009150216,0.001017340639244249,0.04876511977428899,0.083298211950879,0.02890400469479035,0.05183272193880867,0.013443817820306429,0.0,0.7734080265969259
0.009244422442338187,0.0023888636081646547,0.018802707050831948,0.06251509435933053,0.10541750215808772,0.03441584120522594,0.03577218848476938,2.0960511328926703e-16,0.5280000769429385,0.22357362109105736
0.008912395179518126,0.002870034150450457,0.0032346320168873555,0.08984638002159738,0.19361437920723712,3.3952559916417426e-14,0.0,0.02497470412048368,0.5896143148247729,0.09928124131860189
0.007757209475907573,0.014265558443417007,0.035711431488901414,0.061802073762166586,0.09661136801046194,0.039203953638577135,0.0,1.1523383316454416e-13,0.2778324219306584,0.5207550357592575
0.016216494918543583,-0.026723904156168633,-0.003083306094668959,0.2056459350254879,0.15543114863452315,0.08290847921396267,0.057993054340696,0.07650315123907711,0.11799606504199996,0.3399114553459806
0.01151707114653226,-0.011260906619698216,-0.009758978478802785,0.020808228069379073,0.19911689398962673,0.03365219364030639,5.52834994290649e-13,6.822365049077215e-13,0.47597744503496764,0.28272039689239414
0.013201161400653352,-0.0470636214018744,0.012561868712621107,0.14770454201666924,0.14791737631161217,0.01723272418488617,0.019381588494442787,0.0,0.18588991886110914,0.47177541724401983
0.008919415531238322,-0.07603168957708256,0.03591292004379147,0.021361648787231232,0.03640181239110908,0.062260648433929304,0.000353884045570344,1.4153079006477414e-10,0.005638821250734093,0.8796954193161252
0.016216494918543583,-0.026723904156168633,-0.003083306094668959,0.2056459350254879,0.15543114863452315,0.08290847921396267,0.057993054340696,0.07650315123907711,0.11799606504199996,0.3399114553459806
0.012871231285124298,-0.05204483427017505,0.00944682058613941,0.22213817976592296,0.15291259825005557,0.0,0.20502803566010985,2.1277541641481914e-09,1.8324704698162054e-09,0.4653825830598183
0.008131869451291391,-0.03155752191094518,-0.0010144133640353997,0.03096477224135065,0.11848268700241549,0.03483775625184987,0.0,5.625199049771664e-14,0.6407286681169997,0.18061018374925425
0.01363999416830282,-0.04859709023181934,-0.001311731929957564,0.011168395601975864,0.06516247527416355,9.606741182556456e-11,1.4981233839375211e-09,1.0177932300749469e-08,0.3303782513706439,0.5944903950466761
0.011058469031582344,-0.06758797130367511,0.0320122155474455,0.055370278738883866,0.13024567942455853,0.006726104641165595,1.0258325945439399e-10,7.272515821569612e-11,0.18296848496640444,0.6328704751727777
0.008944965446435756,0.0009750388446346714,0.005279193199872623,0.3458858324624084,0.39468248364907066,2.477282461816506e-11,0.0,0.0,7.705532667953366e-11,0.31980348628178495
0.016216494918543583,-0.026723904156168633,-0.003083306094668959,0.2056459350254879,0.15543114863452315,0.08290847921396267,0.057993054340696,0.07650315123907711,0.11799606504199996,0.3399114553459806
0.011944599581544074,0.03915469286743883,-0.0341485795887558,0.2372214971058503,0.0,0.23805206847783114,8.603291082223252e-12,0.0,0.47624672127617274,0.04029305499131029
0.015225677120273657,-0.01612424531929334,-0.02122562710261032,0.13113944634450475,0.06269426383278201,0.11372378778090701,0.17077519375871783,3.552302682007829e-11,8.381050079771967e-11,0.5609034652812122
0.016688619215187602,-0.01722467823935158,-0.003948936845461266,0.1033158658020309,0.006219495570133506,0.37977244958832573,0.0,0.0,0.0,0.6140080549227792
0.013224486308592603,-0.02207487465249568,-0.02292562567069893,0.04117913455103558,0.15060985415003947,0.0,0.05195974453745942,0.044523046618387185,6.683369191200066e-11,0.7208829799997533
0.01038131859004953,0.00840421968393281,0.011540273204312784,0.19652812213052945,0.21855624916091335,0.3022817160482909,0.0,0.0,0.364933712169125,0.0
0.015684567328755256,-0.036268594484626444,-0.016687890640553524,0.030427383252137313,0.11813483929566553,3.4580574050081106e-13,0.01015840185672609,0.0,0.40923509314217027,0.432551362341248
0.009774652651798074,-0.07029260058941238,0.046836355261870175,0.033404280777133026,0.06235736993619379,0.09945005814346237,0.0,0.36816752801467634,0.0,0.43873896268745516
0.02160853435706663,-0.04576411118492403,-0.012096944625416536,0.32378870545073374,0.201752248045993,0.013558825915929011,4.877497156281249e-10,7.153204759286996e-10,6.627918085807173e-10,0.4804267967289565
0.009190664311894269,-0.09499232937156406,-0.012045550803904324,0.23838495516329852,0.3644435581621554,0.12561461058330112,0.0,0.19093735226842684,0.0,0.12814230705811058
0.010934870368646566,-0.10352167145731075,-0.027363065826398084,0.2831489186053181,0.518790526558755,0.2232234346756657,0.09773945285545933,2.6820739149512586e-14,2.3758731430260527e-14,0.02705118918959512
0.007028955603683711,0.019575247923567324,-0.024076270385258634,0.4079019713696412,0.063523526348764,2.0404716968379216e-09,0.0,1.6614865369921138e-10,5.632204288633065e-07,0.5159250021622293
0.012568935136293551,0.05505370527968752,0.02563139710535411,0.019867345784635927,1.306487751437999e-08,0.00462334787756925,1.1178485046509123e-08,1.965392895847111e-09,1.560412653197311e-09,0.9876917250264714
0.008765933966741603,-0.053346513725718796,-0.015675980198367388,0.5434619157731071,0.15171556277977383,0.20856851505935023,0.07318979589109396,0.0,4.5162009422174834e-15,0.03376919642036272
0.015585972672431796,-0.05919866033670759,0.06153559926582053,0.2710876452495277,5.962004168069864e-15,0.12398756183171211,0.0,0.2149644140426004,5.2033773160458594e-15,0.38753050773037234
0.008407191777787355,0.033805178560424205,0.014769796255841816,0.041735924656554804,0.1101344088172122,7.295515557242124e-13,3.034898860297191e-13,0.18962668824308015,4.9814125820026e-12,0.6592740277484264
0.008665188445951018,0.006328314237958319,0.008157217935106813,0.17176913711038216,0.3211619138784841,0.14212491972562966,1.185782976625475e-15,0.0,0.16191709289227682,0.2611630576876814
0.010094735504345864,-0.03124290122033916,0.0005428080338162893,0.2844667471278783,0.35481443080801667,0.03420340817098102,0.07659068834512595,2.9186625694415633e-15,0.20215633057337135,0.06229939129194829
0.01434198214630736,-0.060205029193829314,0.002908640218950492,0.061006368622208686,0.16146682298386977,0.0,2.1865934501454035e-11,0.0,0.7029623473768761,0.07076378749455067
0.009147286845385131,0.0023870851269746206,0.03799109501638153,0.10284954364084586,0.1782882976632411,0.037976210935832706,0.07087212816476463,5.419016214824133e-16,0.24140559698700043,0.35809907098783345
0.016216494918543583,-0.026723904156168633,-0.003083306094668959,0.2056459350254879,0.15543114863452315,0.08290847921396267,0.057993054340696,0.07650315123907711,0.11799606504199996,0.3399114553459806
0.016216494918543583,-0.026723904156168633,-0.003083306094668959,0.2056459350254879,0.15543114863452315,0.08290847921396267,0.057993054340696,0.07650315123907711,0.11799606504199996,0.3399114553459806
0.012621904262158111,0.06246967766978188,-0.09247701329905719,0.5364479502872784,0.6785012619080015,0.0,0.0,0.0,0.0,0.00830506711597613
0.012888558437362427,-0.02124153020327377,-0.04359741697928825,0.7333060064174853,0.0747963707982137,0.21355864005581926,0.0,0.0,0.0,0.006535014985345931
0.010882205272872602,-0.02528404113992003,0.033632206180295755,0.060400428580697205,0.07222123023306116,0.05045280820353341,0.0,0.5544333422656741,0.0,0.26505895416567665
0.012303722986626778,-0.011433366961983642,0.006120387093140451,0.5761034502461887,0.1472879471801513,0.0,0.10255280739026745,0.10303756065038776,0.030707884805422535,0.0
0.00837793553219273,0.01596202781265674,0.027487512564650086,0.08829147565258608,4.578781555212513e-12,5.0684230209671697e-08,6.916789125337049e-12,2.4992197481126088e-14,3.411713899112599e-14,0.904933180772339
0.011321563145601302,0.17448516689001198,-0.006799437283191683,0.11006993906243202,0.19108897010091877,0.28566874812147103,2.6229487497478636e-13,0.0,0.14484474185231708,0.2769690970669813
0.009637363597010892,-0.03310007738468099,0.033142539845082426,0.18974202773907906,0.2247379839824358,0.010332582886105706,0.0,0.21474199828178236,4.7796283214555685e-15,0.36271457520925443
0.009151167159353962,-0.006360804797896913,0.003680107065647713,0.07086806662390269,0.1306256840398481,3.043201929277732e-13,0.0,5.179034071032777e-12,0.46466480375652264,0.3344613161024047
0.006063246023756172,0.21485989478050985,0.04990164975399601,0.15324762903987257,0.4442012922304477,2.185183007012931e-15,0.0,0.0,0.0,0.5557987077695935
0.009701104377315199,-0.057859144302794485,-0.00354548055137848,0.07231801330753708,0.14535098527995097,0.03582352488381943,2.992155837119603e-12,0.0,0.0,0.759997030466666
0.01098299073325554,-0.04992283101004068,-0.0016889932044673055,0.03771007422395176,0.18328516773832826,4.720792962841896e-12,0.0,0.10831696427040553,0.2802818264156389,0.40069288992107427
0.00942765223615346,-0.0397218348525762,0.04455794162401669,0.15851413636350192,0.09622991931349012,0.05642837504817154,0.10439603627620986,0.0,0.0,0.5779695301222122
0.01572397114960839,-0.05111697308363565,-0.0005724109043843415,0.08777034564213483,0.14392537159761704,0.09121709344718856,7.231693868571691e-13,0.0,0.09711373597085551,0.5887205966984517
0.009782361860391466,-0.026009374118168626,-0.022377259158979187,0.02969826960103177,0.12074629581591374,0.0,1.9670877229511155e-10,0.08712317917561911,0.5713958836927634,0.19445524716439544
0.01042297971486741,0.0007655428001246839,0.004254313604739521,0.01323530538188146,0.026947189972435018,0.004579975379287016,5.553165293563745e-08,8.528518187250224e-08,0.0,0.9581048877079545
0.011288315346021729,0.011102176689018231,0.011516480799495998,0.00444630760103019,0.030554465813650525,2.796477684070951e-10,0.0,0.24538720389242663,6.459476376458195e-09,0.7219682339120338
0.010596694936946104,-0.2194524615244017,0.014455090207825944,0.253494598461913,0.2565473420513318,0.0,4.568341207157824e-13,1.1401110001705322e-11,0.4084352560129913,1.2899558983586284e-11
0.011744634509348038,-0.07676320439242157,-0.02262395749452759,0.26587918039288416,0.04746516596145,0.19924058382667478,0.018732711763305213,1.1412584640494662e-10,1.357904991391515e-10,0.49137856317654754
0.011401650711681881,-0.05357489969652655,0.011203719238373057,0.3427521466120724,0.16084634362191091,0.1791022704592195,0.1353833939050859,2.9053086490729824e-15,7.236713968678085e-15,0.18286207943663924
0.010658352690543825,-0.024147928014867016,-0.011227060650530111,0.09580592468806132,0.12203220988671529,0.01447490080233918,0.04655704097329316,1.9511503523972356e-15,6.583469496610996e-07,0.7307384710540179
0.01304076263356719,-0.060305860723424934,0.011148108941149029,0.1563521262297151,0.15267457302183318,0.09749831182835493,0.11789991421400352,2.228940961882933e-15,0.0416009376196071,0.4277842222304683
0.008697407365150688,0.00898489529459146,0.03297729987422613,0.10040863342297124,0.13999602505166647,3.75741524898691e-12,0.0,4.7683593246262926e-12,0.6769190659707416,0.08100044559380859
0.01837342779564453,-0.07644289558441907,-0.060193861689140316,0.35775134991050894,0.8010282284660879,0.0,0.181903997195404,0.0,0.012075833598050315,0.0
0.014453359685245437,-0.09909333790835133,-0.011465142871701167,0.017855568986376226,0.19212295572596136,1.4275827550537995e-12,0.13165769307780764,0.07448927061782223,0.0,0.6017300805925836
0.011997135184768463,-0.09594118592094034,0.025445209830334627,0.40616567177499546,0.24401733556724342,0.024610936035848293,0.0,0.30152324897948374,4.96731371379587e-15,0.0379292682721212
0.008271888934512276,-0.03948609316394797,0.00039141315016809585,0.09601027292072921,0.25060511735878277,0.0,1.2565788538345121e-13,0.15596344466558074,0.4542317540886575,0.03147443023971963
0.011067693720924667,-0.11444724465184408,0.008884454163269514,0.015183284793671143,0.14803812494578814,0.0,0.0,0.0,0.7903913566650624,0.06157051841853202
0.008837749122004704,0.022709372364587525,0.0322675653323554,0.0320451156004845,0.15507160921696836,4.1939313810342004e-10,6.832562225270093e-11,0.24043935664217161,0.3749650561569589,0.20055493494800955
0.01267565919691279,0.0021557108924477996,0.02516581637655113,0.016678742774975937,0.044846135879392963,0.0,1.1862019110691234e-09,4.725542353080959e-09,0.5066729303818764,0.43427977180940386
0.016216494918543583,-0.026723904156168633,-0.003083306094668959,0.2056459350254879,0.15543114863452315,0.08290847921396267,0.057993054340696,0.07650315123907711,0.11799606504199996,0.3399114553459806
0.009649524772969636,-0.06239274641958506,-0.026261546626892063,0.4138128173680151,0.09317978656096305,0.24126492954843282,0.0,0.1025458866079463,0.011417246513002837,0.18463522118084122
0.011249465564966823,-0.11507969212579026,0.018447809225112133,0.03621541035669702,0.09710378194694763,0.01840268539167976,2.7719137313622143e-10,1.4782967590862484e-10,0.1334873899926599,0.7244129695185422
0.0115813211057291,-0.015026824303280246,0.014975135247357572,0.007626293592830698,0.09288567593773933,0.00026802918913986916,2.169423591372657e-13,0.21019295878853175,1.3751938021960618e-12,0.6966534005277415
0.007800168539074943,0.014682194707125732,0.02165656323127446,0.1058507743543383,0.14493184256405214,1.3796430066910443e-09,2.573956751795222e-10,0.39454486709596603,2.1004390376936444e-08,0.35004286484038677
0.02158217430590682,-0.0919141554367904,0.028285024967178066,0.05285943941463749,0.010571524388249149,0.0,0.0,0.0,0.0,0.9278955316870616
0.01453450377471524,-0.01932011457495228,-0.009454871215802633,0.16684170277480587,0.07033129931404214,0.025364549859200187,0.08781362483828514,9.78229379541515e-10,5.417394797589875e-10,0.6516583693397431
0.010073898802118375,-0.07722429380043078,0.01972854419302156,0.3467271419362667,0.1543488687319847,0.029652030672727748,0.1671767549407865,3.2513751789362075e-12,3.085516417118313e-12,0.31753621072238086
0.010404973348939727,-0.053205625831435066,0.03452662893217456,0.06635289944307421,0.05661513939392052,0.1255119060133924,0.0,0.43285530199357036,0.0,0.32960669111540275
0.010293318360971457,0.04738823994352629,0.0010822655202059378,0.051906570673976,0.08133755302900753,1.799023152670998e-15,1.94512494999799e-14,0.3645745257525241,8.367347654530092e-10,0.5019526991531565
0.008796117446694904,0.02959563642361233,0.016373877210029173,0.06793208655315004,0.16122583631924917,0.0643742537716763,0.0,0.008198591147042508,0.080983848056658,0.6160101765040841
0.010861578523973795,-0.0604895438528893,0.01650829573936904,0.11142543808641975,0.06880640949003858,0.02864051964414479,0.06723597710313586,5.643317198234865e-08,4.902744876744692e-17,0.7236397077806291
0.008669188984718872,-0.04172609985898051,0.020223402378041228,0.08968268013470013,0.1386738257666834,0.031889686023156255,0.035438167008748786,3.9859432892243656e-16,0.05643538798952327,0.645620444027772
0.016530196697724025,-0.1535610794971906,-0.018719366779117643,0.18488992717782685,0.18598918307742773,0.27788308191456923,0.012783145056491902,0.0,0.326615336429132,2.660057985806132e-13
0.014779190865303384,-0.068921224935719,0.005158877153841647,0.1063531940826248,0.05355828966336898,0.011277682198038881,0.2523198757634248,3.98526843888169e-13,0.011550190708080877,0.6039348421488211
0.013762978135356829,-0.01909072647199234,-0.004146100095640731,0.0030901779889169175,0.17124571962807328,0.26847138128178877,0.083781984367163,0.03620441982879781,0.10333605608177243,0.36979340926241305
0.008583516191238538,-0.025174486899419857,-0.030699823950162786,0.028043313887015336,0.1310058882620771,0.017273678117184065,0.0013042344451944263,0.0,0.14130139853317,0.6894611935256724
0.014765072098522448,0.07253220286874594,-0.009391056474763486,0.20557970229406708,0.14183088757187917,0.016026026590640972,0.2977954112933359,5.849748149243494e-11,0.4236050260162805,3.1987964408332796e-11
0.01285865597459722,0.011408513475943436,-0.003518753106382287,0.43813434670294454,0.2513584871221941,0.08019879308594258,0.08729606159560092,9.042368788152899e-12,1.0411154189483607e-11,0.15779931273137213
0.009887265770299991,-0.02249186473938776,-0.006941956206883769,0.15585859211619404,0.14790311847429236,0.0,0.32938890648050345,0.10109170415291177,0.0,0.321140294803934
0.008887320767701164,-0.03171893870871531,0.028083512705194883,0.21687640922778728,0.4607809799494395,0.0,3.373282031102414e-15,0.23440602706297306,0.0,0.15858758651740415
0.01337743364955314,-0.08307271982123504,-0.0027091894724333306,0.011386035999488741,0.11024585660551887,1.4112440671686471e-09,0.0,0.4263390504248348,0.0,0.45729082512292507
0.010193174163959583,-0.06551063276296046,0.020681327960154545,0.32231937175489095,0.17163114670473514,0.49100352616280857,0.01209977407900009,0.0,9.529447504623e-13,0.17948502765213395
0.015414372553601665,0.05238949113519644,-0.11541195219996744,0.17381796396468321,0.02076904515031627,0.00912083237827205,0.5487450263939062,0.09236206726856458,0.329003217232529,1.625659912193909e-07
0.008837295360373313,0.015303292706235315,-0.052564570330485366,0.29137065912357196,0.1363732933663592,0.19766327602812153,0.0,7.177934265846393e-14,2.5994439231806418e-14,0.37557956725585107
0.009472095028354438,0.03537557613278613,0.06737718114741421,0.42032942271527396,0.2403580977584472,0.4069900688434667,8.301088062138253e-13,4.973302416774555e-13,0.052643228358824644,0.0
0.011711807720927472,-0.0627454447234226,0.09493458635102316,0.40906188386587344,0.8869002093375723,0.10561217764011842,3.3087451410869e-12,3.2310270519138295e-13,4.094457126352766e-12,0.007487613020535647
0.013175470811222298,0.006206038727622472,-0.05097785381261861,0.03387779656587113,0.09893574794391234,0.011487355236398631,0.0,0.0,0.288288338318784,0.5709443294237951
0.00843128956042985,-0.02834238887074914,0.025145973128470268,0.14073080771563165,0.15710091544738328,0.147519094250273,0.0,3.475037848650018e-16,0.535210337489932,0.0468951289144041
0.016216494918543583,-0.026723904156168633,-0.003083306094668959,0.2056459350254879,0.15543114863452315,0.08290847921396267,0.057993054340696,0.07650315123907711,0.11799606504199996,0.3399114553459806
0.011436845875584857,-0.027450359464970583,0.007035615082076516,0.03883597966919414,0.06306624633249776,0.07000184198658249,0.0,0.0,0.0,0.8276848689216615
0.010869714445030652,-0.017671252063808943,-0.015204889048804836,0.10328336189252764,0.029557632053847146,0.033080267993480864,0.15547034075974003,0.0,0.28274722363302346,0.41433903986874493
0.010089354153716961,-0.041538708664925206,-0.008386154907834136,0.1103628333232575,0.11576050794913387,0.03980148584044304,0.0,1.7132229271099852e-14,0.10660689211719984,0.61866160904256
0.013878150320803884,-0.043326073332955024,-0.002235152018108984,0.01838986532571988,0.0019862144193782518,0.05583191254456892,1.0209553629678787e-08,1.0972047608992815e-06,0.07579344204184564,0.8536671796791488
0.016216494918543583,-0.026723904156168633,-0.003083306094668959,0.2056459350254879,0.15543114863452315,0.08290847921396267,0.057993054340696,0.07650315123907711,0.11799606504199996,0.3399114553459806
0.016216494918543583,-0.026723904156168633,-0.003083306094668959,0.2056459350254879,0.15543114863452315,0.08290847921396267,0.057993054340696,0.07650315123907711,0.11799606504199996,0.3399114553459806
0.020527117117751813,-0.18755819186474856,-0.02585206335007013,0.030773070644652827,0.2578731171212487,0.0,0.2898147725920344,0.14499218989646656,0.0013160512910958396,0.30600386908919963
0.01287173005477392,0.01920525304441653,0.01167227997801356,0.025420675750924982,0.06306618436190671,0.10469982722251346,0.05876777912809216,0.0,0.06255889602440666,0.6951774324914405
0.009401164201966272,-0.04600789138302558,0.025201064977732227,0.18512031465640902,0.22068441291505145,0.37139522934824803,2.944373097201854e-13,0.0,0.3259199820406176,0.0
0.024839346969570915,-0.07838422182413916,-0.02227689414055612,0.019352297487906588,5.870971390723503e-10,1.380589865241247e-09,1.824077727357101e-09,1.5484573014115351e-09,1.5484573014115351e-09,0.9999999968006539
0.013247276003835433,-0.05358862672577124,-0.01912499867937373,0.15804932614890205,0.19485079521076368,0.05368459582363963,0.27620010452505644,0.14966977984661134,0.0,0.19352299981982046
0.025837929027236205,-0.03343091684553763,-0.16675905585800863,0.06444461250320642,3.2110495616101675e-10,2.742902609642796e-11,2.891972719603652e-10,6.973761128886563e-12,0.964358995616591,6.763038226342185e-12
0.011194509813884512,-0.0740665406618576,-0.016804240561203547,0.012873256477016504,0.11884498320042552,1.1637729717945963e-13,6.88900841800429e-14,0.38616279340154847,5.082301023451607e-13,0.4949922473340318
0.011529713227618824,-0.018782891917524604,0.011464225590218481,0.14111214371137956,0.07337568413296777,0.18448953404850812,0.023579807868965477,3.758761595751556e-12,4.554744156948963e-12,0.5891889806699891
0.010305598116936996,-0.05953695515697213,-0.01299527825841152,0.057000854419158045,0.11038884847132853,0.05006530674202548,0.008210916859869242,3.843753197256235e-16,1.697169221886115e-06,0.7816619631290608
0.012109710246930794,-0.14720081097873441,0.0069984959072824735,0.012152974229302333,0.1669254894435466,0.05080987073111689,5.1208972189743017e-11,5.24516638937113e-10,0.6996245937967116,0.08264004465933805
0.016216494918543583,-0.026723904156168633,-0.003083306094668959,0.2056459350254879,0.15543114863452315,0.08290847921396267,0.057993054340696,0.07650315123907711,0.11799606504199996,0.3399114553459806
0.015392456315817496,0.022599563486625295,0.024102714938682174,0.1546610182642756,0.10580366994311526,0.19257541153334254,0.19575786437585607,1.2028540429954868e-16,0.01902425178569954,0.3228104856106166
0.01589967659839387,-0.05957037569991491,-0.035302580731066964,0.039381329812035716,0.17566589296942417,0.002567013407045728,0.0,0.0,0.0,0.8217670964213106
0.013215925171159156,-0.033104936969629344,-0.03069124016727124,0.5470840856759224,0.06574755521323132,0.0,8.65403341611706e-13,0.0,0.0,0.3846623615999265
0.0080182004294792,0.03460931380246019,-0.0719403198561853,0.5005062038800102,0.060470561908552274,0.9395294380521855,1.5389147896576104e-10,1.435195021772537e-10,1.1898125611855648e-10,2.5253797990945116e-10
0.015305539841366927,0.012964790262718923,0.055767931382855816,0.2774638129319367,0.821048361876422,4.802091717853047e-14,3.661700435867252e-14,0.025585053014564218,0.04638480037618884,0.10698178473273096
0.009994379239550853,-0.023223929709932752,-0.04624374660484818,0.26263382122875517,0.27502225580740836,0.12981673173622524,0.01663768659317818,0.0,0.0,0.29590096920297615
0.012001046146216209,0.03001069261587523,-0.03191852452839783,0.8485777060418762,0.06266276976054155,0.05296250514383706,0.03674174171887039,1.0401428149803256e-12,1.079127610933462e-12,1.064425984780523e-12
0.013397456034044594,-0.012569987440576616,0.03466172698473669,0.20547944085712716,0.12607313391036118,0.024821146806239973,0.03317560010034514,0.0,0.0,0.6227212296777862
0.02036443924855455,0.12063166011338279,-0.04614134275486723,0.022061320749044877,0.16423804023871444,0.0701866958284824,5.2355528338907695e-09,0.17268726573172008,1.968409557683655e-08,0.5856390173694369
0.010415344031791157,-0.10976574879922009,0.010260970127192843,0.18167965905878414,0.2662523204511909,0.09033752890200375,0.00860083915538916,1.4718645189848166e-12,0.4880515455221498,0.0
0.011411334939599404,-0.022737486784372166,-0.005334883885115988,0.3427215036157631,0.22057999185023358,0.11492549502079857,1.0513412024533566e-12,0.0,0.0,0.3583654660427739
0.009965649735964362,-0.09066240603417666,-0.017033199307407543,0.2881384886193865,0.11559028044008945,0.1626104231499548,3.669403755076696e-05,4.3368335444251465e-11,5.1050107439054794e-11,0.4315813288524708
0.014369567508819242,-0.03024028744170645,0.002910877714619801,0.08082209813338505,0.06885747957714203,0.18787363805261867,0.0,0.0,0.22891409684179279,0.4457804140111388
0.008938547732781918,-0.058428249701426904,0.011773357595008502,0.21892514102973484,0.11115363068650269,0.018712037887748594,0.18509379547279883,2.6025010640872163e-10,0.030862563444944247,0.4564949640027984
0.008200948012151,0.03994178500485109,0.019108517094464848,0.33792292612286357,0.1135644785084264,0.13355162931377237,0.0,5.504757799575562e-15,0.06061792879878895,0.35863567925688766
0.015074782550397731,0.003347225414429726,-0.03198383279154081,0.4635667443012643,0.1836918542449546,0.17834258312713722,1.12850316131875e-16,1.1131688879576417e-14,0.17946796283759142,0.045335292313622225
0.011072896979156914,0.2029380278847418,0.07810735823725329,0.05381871201038184,3.252214955533217e-12,8.425853159355191e-11,3.1469182389847135e-11,7.522269788745134e-10,4.746654644575287e-10,0.9352857358257783
0.015686399750933718,-0.2126599472646472,0.10733465262442794,0.35770849470781363,1.0,0.0,0.0,0.0,0.0,0.0
0.010766630486313409,-0.005955558215375188,-0.012364832925065175,0.49426791827540417,0.1035232205115902,0.1818095586001509,0.19123039211587006,0.0,0.0,0.08646254987992463
0.011971109337415067,0.040399071358871164,0.005286708148668405,0.10626221118670977,0.16100678508899324,0.0,0.0,0.027543773075463143,0.675979996348696,0.02157764240857136
0.01113633891850641,-0.03464313194296329,-0.003945619065064996,0.184491940514525,0.13062026152585965,0.0,0.07509693554095716,0.1944211028161421,0.0,0.42304848249466237
0.009990318322514222,-0.07365040147127423,0.009221659496113714,0.35695493998877786,0.21280777313231428,0.10958663267878357,0.0,7.231452867223455e-13,0.06434932502840895,0.2746706368946482
0.013106456054533467,-0.2812168570293884,0.020530148491638,0.07258930237182847,0.34317044957418036,3.97267127229754e-13,9.917763115989698e-13,0.033751591362245134,8.865553553207929e-13,0.6230779590613307
0.016216494918543583,-0.026723904156168633,-0.003083306094668959,0.2056459350254879,0.15543114863452315,0.08290847921396267,0.057993054340696,0.07650315123907711,0.11799606504199996,0.3399114553459806
0.012283996979076658,0.061574546942811115,-0.02007061319431786,0.059984313712384045,0.12297060334465776,0.06725352463237513,4.297533154573503e-13,0.0,0.3409719410900191,0.41358918713417053
0.016216494918543583,-0.026723904156168633,-0.003083306094668959,0.2056459350254879,0.15543114863452315,0.08290847921396267,0.057993054340696,0.07650315123907711,0.11799606504199996,0.3399114553459806
0.007823486378085262,-0.001238881684455677,0.00417524718684881,0.08178862017476911,0.12325180846294265,0.04349808025077543,0.003272937948991059,0.08444969793625916,2.781843856818435e-14,0.6604092829832517
0.010082013115595725,-0.08400820890368817,0.006704455054867301,0.2113175992726022,0.21320025896125233,0.09677630223608151,0.14903395580137418,0.17122070941773712,2.4278919438334567e-14,0.24199830961624166
0.012701373483257847,-0.11403276533274566,-0.015088696371745368,0.04427303859320594,0.1953903796990189,0.08674771148733625,0.0606226391640881,1.0945545300261109e-15,0.0076556223622337985,0.5895519152771208
0.012293595925720229,-0.041002427576607645,-0.0023144345534478004,0.006622644611938391,0.051108929075819265,0.0,2.0646123314429663e-09,0.13195152344349806,0.0,0.8169395174706289
0.012135882906968078,-0.03310588668657068,0.051192768594454055,0.022509108394200974,0.008895480478986256,0.05482525894263158,0.006877347768057814,0.06143993605210167,6.355127280866296e-16,0.8503632987058822
0.016186488099664862,0.03163641495163966,-0.00947362250288714,0.09996724846109933,0.04615815152720961,5.366874328166515e-13,0.13818792945939087,0.055772533630200155,1.3864795521538203e-12,0.659250560341752
0.00864952256975366,-0.06694263397206676,-0.03783724286320081,0.3992224711918127,0.15113843844841648,0.029538354740792173,1.5220052818866302e-15,1.4986119644457527e-14,0.05761945204239683,0.3747978298269676
0.010487689953265369,-0.012138792592772061,-0.0027637374553716176,0.0993993128588163,0.3083649648523876,0.0,0.03005447872200932,0.21791735911472887,0.0,0.37203409773944845
0.012957699149023234,-0.022158207112299638,-0.014778173680160992,0.015023433444925485,0.10727514943576061,0.015055017435376468,0.0,0.3490306148874253,0.0,0.5223539638952387
0.009093959207149963,-0.0800888318865673,-0.024606728363001255,0.17228386128813666,0.13807870989940013,0.07347136278418821,0.2202481931050682,0.0,0.4346791418311347,0.0
0.01005636078588228,-0.07236695107574381,0.014493541162616686,0.29575251494808336,0.26701909481225766,0.0,0.0,0.12379769587916852,0.2642092256565324,0.05449048812783651
0.017997276998073335,0.02895090008190229,0.012161086882979568,0.11208853918771786,5.198856782909208e-10,1.5129364106764292e-15,1.887388835771052e-15,5.023577172684876e-18,0.27231223340648003,0.6124699110839026
0.011269854024956689,-0.019681848191576513,0.0033360521568941122,0.1925026725658516,4.5625522059908767e-07,3.314012009716795e-07,4.1700428745538744e-07,3.0424950320067235e-08,0.12381277425534692,0.689623620620046
0.008910712095750705,-0.07437178268228425,-0.024560648210627836,0.36417252127467165,0.16790402663108725,0.0026239255217267526,0.20079816399427577,0.0,0.12993853961885404,0.11197427439718943
0.014501254000709602,0.026799980681627547,0.007477906354728974,0.004227284838774152,0.049513451216377694,8.060751498460766e-07,3.5302251318448254e-07,0.5060116192768287,5.539990731062808e-06,0.4433987433453131
0.012607652432199745,-0.08442433283196775,0.08440052736553326,0.4284320054867289,0.049406225103306896,0.8287907196021844,0.06899779013625759,0.05280526331590153,2.082637282020764e-10,1.772515235175234e-10
0.014781592408009804,-0.15184486498935096,-0.13367669268944152,0.42369324575183187,0.7255420974851386,0.03149352985690099,5.572769336627593e-15,0.0,0.0,0.012870750692030605
0.009591971295959277,0.03123065712777059,0.006837351003811152,0.13089802473508952,0.09655784422222888,0.02199183705250263,0.04111512729504222,7.47530733936406e-16,0.7165335650185773,9.59648621922925e-16
0.013489907350343583,-0.060243700093895715,-0.006004355113601278,0.05826208784942012,0.2314741443194402,1.4110952723963467e-13,0.0,0.2908922787571124,0.08724664836961282,0.3262891345991046
0.007761002783138251,0.009940558900295956,-0.019524594238491573,0.3600740684009135,0.13655206402397008,0.0,0.08552297086922249,0.17790470787282545,0.2249529137179122,0.0
0.012199780955324325,-0.15009365587945964,-0.07709007959881639,0.3259133239853547,0.04738589006712024,0.04104253476449312,0.7909631240214683,0.019976854545741055,0.05727765020445919,0.0
0.009508831691623278,-0.03141848605754494,0.005489407243474402,0.012727375303048976,0.07326002157300061,0.0,8.337622650311011e-09,0.4625048839814289,2.2756488162254053e-08,0.4542208320827951
0.01280367260884634,-0.017211013987256454,-0.02776446873615908,0.25850832208659524,0.09862951582047012,0.0,0.016691530384939892,0.0,0.6265710829104182,0.0
0.016216494918543583,-0.026723904156168633,-0.003083306094668959,0.2056459350254879,0.15543114863452315,0.08290847921396267,0.057993054340696,0.07650315123907711,0.11799606504199996,0.3399114553459806
0.010191434674097194,-0.025417123409329535,0.015870656682866004,0.27611545259055587,0.0819131938718192,2.4736053174988286e-16,0.06974747157875195,0.39226414409752275,1.3750515376987997e-14,0.18168438690035033
0.0070364916993978285,0.02541075357077208,0.06437378858645353,0.2544083591571549,0.10335211864125314,3.991088984362731e-12,0.30113837550253403,9.84186482402675e-13,2.2240762001422066e-12,0.4304824912488454
0.008581345149425185,-0.01037858408427698,0.02560907296654395,0.020862682376651814,0.07016286196931494,0.04912903415382531,0.0,8.503531963736353e-10,0.0397832757816494,0.8225577134694876
0.011501881293855569,0.13752723748491102,-0.08938514795341512,0.169210044773898,0.07364084756595264,0.012240045585375506,0.062498187196971096,0.6794557291870336,0.0,0.006802874760468551
0.01386988613054055,-0.07159888230226004,0.00024987114837280187,0.05348148378367346,0.1181311455721956,0.09016644657467114,0.012837675311213364,0.0,0.0,0.7243446060685914
0.012289829136643707,0.012187100816013787,-0.043135501671625644,0.015200833782281474,0.14492124059624156,0.0,0.0,0.17140006844661146,0.41649554333255157,0.25817810258669455
0.011080855125611782,-0.15509265072587552,-0.010529684399142522,0.22906338830258594,0.5070666694933866,0.0,2.9827563046267796e-13,0.05710933532607828,0.17499696453171407,0.05390931555471213
0.01205020458351832,0.022550154489669,0.004897696119371051,0.06398318365830795,0.09080631935099294,0.04667021423764027,0.0,0.599561677449418,1.6600979047990912e-14,0.19712758125189284
0.011107437682463903,-0.03105008507401322,-0.019957354806169093,0.10724445227350884,0.13820021121795423,0.28234173664541146,1.1181489993401452e-14,0.2654232003232498,0.0,0.2502855430127778
0.013449333945259883,-0.08201699108958707,0.01799407768735217,0.021758058714026213,0.09472030046484459,0.023030099946174033,9.347557511430612e-15,0.028513671854929805,0.7122956359189141,0.12033081423453186
0.012590011059028362,0.0008704043961564647,0.014313419321544835,0.03019543334626483,0.09817754124531947,0.021436097121105505,0.017417066979121088,0.0,0.06588809055797223,0.7703554773650133
0.016216494918543583,-0.026723904156168633,-0.003083306094668959,0.2056459350254879,0.15543114863452315,0.08290847921396267,0.057993054340696,0.07650315123907711,0.11799606504199996,0.3399114553459806
0.015869315615427062,-0.024911309566573725,-0.0020107185074482925,0.036910621220320204,5.1843511464153915e-11,0.007230148409153181,0.16115724895693354,0.07896838971710582,0.01505783883073458,0.7260590822343058
0.01175545715313387,-0.09012325499906829,0.014063641780974134,0.1913781501354099,0.27383351996641914,0.40727531856202814,0.15010200008826394,0.0,0.04441343039133591,0.10719583583576511
0.015735125231309884,0.03983278682191029,0.04801031688390197,0.01781387690344659,0.10490602615117892,0.0005235448399437673,0.0,0.06993548361436518,0.0,0.8246358069009669
0.01966911799206629,-0.0201261100659611,0.03107802684078713,0.3539370118384777,0.020562005696979233,0.15504548018750974,0.026068840772746994,4.159504865796322e-11,3.9474376871282277e-11,0.46592964327173003
0.007731352199739091,-0.016696473923366602,-0.01775724731377793,0.08779807207335871,0.14442185317747117,1.1830832898504056e-10,3.093359249591851e-10,0.0019753492337109494,0.04314132568316914,0.7332965366366374
0.013285610361564922,-0.07070739674577547,0.04907123055575944,0.1437964281366656,0.06672339063415421,0.08968608238304128,0.0,0.13949899931196688,0.0,0.5506975537224642
0.008695027984871406,-0.01815382524320875,0.05280470382451198,0.14479779081284455,0.23028941903149874,5.809720176821305e-14,0.04654773367811313,0.29889722747643543,5.7210485978692e-13,0.28178329522051304
0.01135858371027688,-0.06441466098566458,0.07700223080150266,0.3552976433063076,0.20723568397595968,0.0,0.0,2.7153152852281772e-11,0.0,0.45533662095327154
0.012364429069662805,0.06857541014225542,0.005144867491166311,0.2458701755925132,0.18942134222337717,0.037191410830518044,0.0927166103910139,0.0,0.0,0.44060881137737795
0.016671490483805302,0.010465996299745544,-0.02044418411168655,0.03907330250198245,0.041036047181456224,0.03510500848209159,0.0,0.0,0.015372905556430746,0.8713810377841823
0.008331188272314941,-0.03575598804378962,0.022263836847465638,0.5413624985546035,0.0002691132995910859,0.0,0.23506033863330697,0.23889102703814724,8.029265058479825e-15,0.0
0.014693730666358304,-0.05905442125217781,0.018140401836965057,0.7422428191627504,0.02061894886239648,3.6546574124410785e-13,0.2202179969147569,0.03071223357378773,0.020051399246257675,1.2249455890982364e-12
0.011199440866747987,-0.04976021383667939,-0.009870314517777224,0.2574800790594888,0.35303680009184485,0.14198331922382382,2.7454611780855155e-15,1.6731549451816201e-15,0.22517763621240355,0.08157447357019097
0.01310630683593425,-0.05262404979201275,0.005351897169973199,0.11525133751446243,0.07154317382671506,0.021649430398382356,1.210374696579796e-15,7.927250556378725e-16,1.3234368290897695e-15,0.788187368765398
0.016216494918543583,-0.026723904156168633,-0.003083306094668959,0.2056459350254879,0.15543114863452315,0.08290847921396267,0.057993054340696,0.07650315123907711,0.11799606504199996,0.3399114553459806
0.00954452075221227,0.006778933305315125,-0.033470077350921,0.033615919326868,0.16972934647951124,0.035138577973304455,1.6193126835850605e-07,0.0,0.0,0.7864921899753491
0.016216494918543583,-0.026723904156168633,-0.003083306094668959,0.2056459350254879,0.15543114863452315,0.08290847921396267,0.057993054340696,0.07650315123907711,0.11799606504199996,0.3399114553459806
0.013414860592997114,0.0109920892832795,-0.01932938803230235,0.01040353471057678,0.0052978537906277715,0.04498067084723903,2.0470532766079208e-15,0.197268316986571,4.839260142112261e-16,0.7476785870002182
0.014462474306244935,0.019885950212058082,0.036209497674245396,0.07377849757408982,0.020280391612170216,0.1205926618392664,2.159790181166871e-12,0.04486921467865095,2.6720694078690605e-11,0.7443712636027288
0.01039839668225431,-0.03113604775658229,-0.02405837004015155,0.006069312396022093,0.010116726228010596,3.556564256142754e-08,1.5539942162194862e-07,1.4350314597605648e-06,0.26542260303405285,0.7200403906178646
0.00911306511410011,-0.0832462947813413,-0.0021929983573167337,0.34562757778625947,0.034662397709712064,0.07164929751731285,0.19397025428433523,0.36441188246467876,1.3502006451755358e-15,0.0
0.016216494918543583,-0.026723904156168633,-0.003083306094668959,0.2056459350254879,0.15543114863452315,0.08290847921396267,0.057993054340696,0.07650315123907711,0.11799606504199996,0.3399114553459806
0.015528809130659018,-0.06940087028516975,-0.07270336475014874,0.18804167051849957,0.16142429956785437,0.049031741001233836,0.32648392788233715,0.0,0.0,0.36542117159687204
0.008850619870675484,0.029249678464028494,0.007141598519723063,0.0781158721467102,0.12050105132109168,9.861771817181332e-15,0.0381144175595284,5.829922831210596e-15,0.7701608223211042,5.382246658676491e-15
0.016216494918543583,-0.026723904156168633,-0.003083306094668959,0.2056459350254879,0.15543114863452315,0.08290847921396267,0.057993054340696,0.07650315123907711,0.11799606504199996,0.3399114553459806
0.01315333830875028,0.007331010054608484,0.008321217219637297,0.28163770745369554,0.0770452313255066,0.10255573389039907,0.06407746638531495,0.0,2.490015699200644e-13,0.4604641506971367
0.008350796342663027,0.023738186206753716,-0.017371092584239942,0.07555790011240333,0.1347897886271715,1.5578530721545322e-11,2.265578454893171e-11,0.2863612371476865,5.494128085654543e-12,0.5018716209187875
0.026401408954745523,-0.014658086641770736,0.006457549055559635,0.1559524975036555,0.31084985890267297,0.04724492454018016,0.0,0.0,0.0,0.5582720522500313
0.014609551659231052,-0.10152030609534962,-0.0265524138706695,0.8323145125434055,0.06533050961169914,5.749248946991273e-14,7.402509297664498e-14,0.0,0.0,0.10057883840115424
0.011999416671213963,-0.10590491553467264,0.00010419162867074626,0.034381971460603136,0.02065025016996829,0.08934087519096741,0.04149262445433406,0.18534799730167834,0.0,0.6314339042329162
0.00938808344739318,-0.026522102795527202,0.03874991616794391,0.138494134216903,0.14830732351593204,0.06734470198492022,1.299139763661862e-12,6.168967954798103e-12,0.6404531950089325,1.2449073533039685e-12
0.016216494918543583,-0.026723904156168633,-0.003083306094668959,0.2056459350254879,0.15543114863452315,0.08290847921396267,0.057993054340696,0.07650315123907711,0.11799606504199996,0.3399114553459806
0.01200194781203356,0.006528965910061964,-0.0006943271689279588,0.02854576925039707,0.12864134416940531,1.1394190240013144e-10,0.0,0.0,0.4695200193851793,0.37571925968122766
0.012795604830153408,-0.022749855976332865,-0.042290578756227014,0.07041431512919034,0.13495476765016765,0.2102173997491906,5.658053796894686e-11,0.3986189945858386,1.6908195045887444e-10,0.21152310659223023
0.015423123104342908,-0.0057345120961723554,-0.013524987207102022,0.023346574217091142,0.10596100544197663,0.0799138335696822,0.023263803050830457,0.036181803846426074,0.0,0.7440374506613325
0.012285858102820823,0.051631378225885795,0.014662704102035755,0.2932334565234866,0.10442325167313368,0.03208143080784603,0.03850805875183986,0.0,0.0,0.5115517450712604
0.016216494918543583,-0.026723904156168633,-0.003083306094668959,0.2056459350254879,0.15543114863452315,0.08290847921396267,0.057993054340696,0.07650315123907711,0.11799606504199996,0.3399114553459806
0.026655279718859632,-0.10073492988902877,-0.026002579674619244,0.02118637639503522,0.019479245450186325,1.8408120158793095e-08,5.557499687989694e-09,1.3130835639464572e-07,0.05970955982526769,0.9013931638598327
0.02302698997966525,0.14092565314242678,-0.05515144662466216,0.29871903349559153,0.010485985873139068,8.996839228262107e-11,0.0867185567953555,6.365540816277723e-10,5.998012706454561e-10,0.6047215095360468
0.010006479451438741,-0.0988574083029432,-0.045392460084217025,0.6425485439259889,0.13368092966502684,0.23285893568837085,1.4802310454571344e-12,7.317898950283134e-13,2.5533705857087656e-13,0.04586002205948603
0.01774213084833757,-0.21547186312960215,0.0070733673749963566,0.01458935442588754,0.16286353311875623,0.25964666326190877,0.024878145626948598,0.03946515531942208,0.0,0.5131466150648011
0.016216494918543583,-0.026723904156168633,-0.003083306094668959,0.2056459350254879,0.15543114863452315,0.08290847921396267,0.057993054340696,0.07650315123907711,0.11799606504199996,0.3399114553459806
0.016888452139855507,0.0573949024440124,0.04159915894099617,0.32410221368983233,0.10940339888416466,0.009104557774012995,0.13902360221052487,0.353627010064994,0.0,0.042053683648088966
0.012911821418903778,0.025321717375842906,-0.002355078627162513,0.4184827572799891,0.3366803485974731,0.337901023290447,0.0,0.0,0.0,9.24764945952784e-12
0.016216494918543583,-0.026723904156168633,-0.003083306094668959,0.2056459350254879,0.15543114863452315,0.08290847921396267,0.057993054340696,0.07650315123907711,0.11799606504199996,0.3399114553459806
0.017941646078695254,-0.03303320770008975,-0.01899731807434287,0.6823086982139873,0.03605509507435829,0.11872122792029494,0.04354257217305416,0.0,0.1307682022625719,0.0
0.03543669529587261,-0.10642635388595018,0.013062705315171962,0.0404568387425629,0.35797165063858977,0.16556794131506503,0.43119504933332076,0.006473552921205759,0.038791805848670105,0.0
0.016216494918543583,-0.026723904156168633,-0.003083306094668959,0.2056459350254879,0.15543114863452315,0.08290847921396267,0.057993054340696,0.07650315123907711,0.11799606504199996,0.3399114553459806
0.01692573397960046,0.02327649425704897,0.0026630490546421504,0.016376627656705275,0.009123026101349114,0.0,0.10272015373561261,0.8881568201737242,0.0,0.0
0.019607478586234624,-0.25946747562761874,0.0014321449893983853,0.01157594439213949,0.0366713375897815,0.21750454017954202,8.345198188675388e-10,0.0,3.8603607061530813e-10,0.745824123192073
0.013089216644328761,-0.08732166106561899,0.054445297388002724,0.20565972429794277,0.00796041028657829,0.6177047218555648,1.3282654323121814e-11,0.0,0.058267009910605405,0.31606785794164655
0.014224787000885945,-0.015982968778453392,0.000729649077037499,0.37956272129402857,0.13193710912109466,0.10924361093804082,0.0,0.17571472516623501,3.7905868685268005e-14,0.20693259484376347
0.016216494918543583,-0.026723904156168633,-0.003083306094668959,0.2056459350254879,0.15543114863452315,0.08290847921396267,0.057993054340696,0.07650315123907711,0.11799606504199996,0.3399114553459806
0.014862984767234655,-0.038134747819989226,0.012750721321757025,0.029919272638899097,0.0,0.2284981468003099,0.06402432855147605,2.39252796082148e-10,0.000455165162828826,0.7070223585457387
0.015141934224260965,0.049049525613128656,0.050622736149721154,0.514651865134618,0.17406171155046388,0.03820691382506366,0.09941377326715069,1.595876092058546e-14,0.058638256188487246,0.14297333912149038
0.017895661165910834,-0.10196108528564314,0.053804764793390275,0.372985998924517,0.04522296702888207,0.15425734669162042,0.7239598421102718,0.01611015507533954,0.0,0.0
0.05650120221302153,-0.003495615001216346,-0.07795994223115234,0.04240562085614448,0.5576133726769199,0.13571144977862923,1.0685197882192116e-10,0.2901214802437897,0.0,0.01655369763397888
0.037864016418264,0.1605190214802187,-0.003873544161074984,0.0027622701895761597,0.17648385396634897,0.0,0.19053659284040755,0.009733814967602304,0.6169644084340371,0.006281452351972872
0.012837072385958615,-0.027421211503190927,-0.028009974378579834,0.014985751997039082,0.16545837884546713,6.212483137411629e-09,6.8507285194006005e-09,0.4597811782151904,0.24790779801893614,0.11795202273531283
0.009300838969008716,-0.007375116442730546,0.023605028898752746,0.04992711453298811,0.06845304662626428,0.028091917596316268,0.0,1.2548056081435211e-12,0.6142370763215882,0.2349592496241043
0.027512104836631808,-0.023382499197339673,-0.034931087359919746,0.010688563182910884,0.0,0.0,0.01795705832583059,0.0,0.0,0.982043267867114
0.024034234469125292,0.028351767798765297,0.007141719845004259,0.002927907667796861,0.02048215219590667,0.0321271119849915,0.008716378381190113,0.03224884275280612,0.36313827524527975,0.5432542844970747
0.01177425436707574,-0.06591109562689744,2.0645994797743933e-05,0.10383531942634754,0.0678645640130858,0.12746459044569255,0.23922540099503606,2.3432642429156296e-07,0.5376315044631385,2.3546451347696124e-07
0.03198218519625966,0.014762864169607929,0.051215825397710156,0.015620132970678522,0.01795204443131581,0.0,6.403148781795957e-13,2.827290484900941e-12,0.5945601399292583,0.37139458848029644
0.016216494918543583,-0.026723904156168633,-0.003083306094668959,0.2056459350254879,0.15543114863452315,0.08290847921396267,0.057993054340696,0.07650315123907711,0.11799606504199996,0.3399114553459806
0.007267012222144235,-0.12294977599285149,-0.0037351640310221124,0.7590906014004063,0.07625870777585728,0.17488291869072323,0.0,0.0,0.0,0.0
0.016216494918543583,-0.026723904156168633,-0.003083306094668959,0.2056459350254879,0.15543114863452315,0.08290847921396267,0.057993054340696,0.07650315123907711,0.11799606504199996,0.3399114553459806
0.018348814718471714,0.07623762546910696,-0.03286213084579095,0.5635304985026158,0.019660188983618227,0.19141354298061863,0.3734160204946246,0.0,0.0,0.0
0.015777570106087612,0.18043908993363353,-0.008881219883075605,0.024233664102969888,0.1386812186814002,0.00818937063362625,0.033766425846808015,4.789661942436392e-10,5.623002991349178e-10,0.7779516876473693
0.010335499577848946,-0.08144131097953873,-0.04569389811336912,0.22583684341585364,0.06157527159861519,3.5114684195989316e-10,0.26972430053875895,5.659695085032602e-10,5.099407065325924e-10,0.4989612431164147
0.011435331200632037,-0.12077123682452562,0.05760987398949378,0.19942686635486848,6.164156550070357e-12,4.102670942261014e-12,1.572166613378315e-11,1.7962324303299514e-10,0.1895718893760308,0.602908239071472
0.014875336265078499,0.024260283053845984,0.008577251981811237,0.23301884945514928,0.173404453856694,0.005271496549000232,0.08248374022398082,0.026002612419896556,0.0,0.4812602473182925
0.010885497874809247,0.0437936956330214,-0.020524397359522356,0.83620795017162,0.08772079081547242,1.5360058051270228e-14,4.9405452462799096e-14,0.0,0.0,0.08040718009402074
0.012907243340681957,-0.11629739724724954,0.020464966428920848,0.15790439480643131,0.09028096007742746,0.06944963096292156,0.21085930730234548,0.48201772569517276,2.8886948697518315e-13,0.0
0.023307489949788603,0.033019098404671744,-0.03980197855480987,0.008868496533045249,0.036568025038717686,8.349054145300716e-14,6.611059427501851e-14,4.2274236603644495e-15,0.24063736020419463,0.717296026305613
0.016216494918543583,-0.026723904156168633,-0.003083306094668959,0.2056459350254879,0.15543114863452315,0.08290847921396267,0.057993054340696,0.07650315123907711,0.11799606504199996,0.3399114553459806
0.014418819278200297,0.06311648341829777,0.01283650906610252,0.046417317811227314,0.02742106856004293,0.051613529225944914,7.221624835206801e-11,0.08894738186743122,1.6279189900878655e-11,0.785214611132211
0.018494761031278308,-0.09397544634584984,0.026053823619982895,0.4988309648549796,0.01853901197782511,0.8490837371768705,0.0,0.0,0.014021758034763996,5.328688060238935e-14
0.016216494918543583,-0.026723904156168633,-0.003083306094668959,0.2056459350254879,0.15543114863452315,0.08290847921396267,0.057993054340696,0.07650315123907711,0.11799606504199996,0.3399114553459806
0.014668166378975845,0.04216511667045243,-0.008742062020284378,0.09181713148626022,0.38741761917684087,0.04010132150177218,0.0,0.0,0.2253759154994069,0.3187983038979899
0.013682702093206158,0.027016838533951298,-0.023054506303631553,0.05004684084684654,0.20438555176561407,8.539664245270062e-13,4.18269718303332e-12,0.20090232813560183,0.3352706939351489,0.20387231243691087
0.02316717462409921,-0.049378158551090054,0.009633617912586214,0.33482473997983014,0.2869904570459505,0.0006407688972991071,2.44633611148315e-12,0.0,0.18550785446726964,0.22393698847459434
0.010730207624912108,-0.041862662395929805,-0.007687135895849782,0.08835694639483392,0.0766636181536365,0.012871689183746001,0.0,0.0,0.16316188596666528,0.6619882495272805
0.016216494918543583,-0.026723904156168633,-0.003083306094668959,0.2056459350254879,0.15543114863452315,0.08290847921396267,0.057993054340696,0.07650315123907711,0.11799606504199996,0.3399114553459806
0.01637445209914381,-0.1961324319063794,0.0042244354617514855,0.0975230645218333,0.1022063488022094,0.21837048639224482,1.903874819937113e-11,0.053491077199598766,0.014676702833000323,0.45974293095257485
0.023775919557347282,-0.06179048175120624,0.01973065290395174,0.14612822075916332,0.12301483639506404,0.1429114400643139,0.02989133699787859,1.6361995204122478e-13,2.0333994744149211e-13,0.5551758675096488
0.010332574995745789,-0.07071858200935942,0.036329500291578366,0.3719261525565397,0.21554529566988198,0.004374670779737055,0.7792783666213265,0.0,0.0,0.000801667132454202
0.016216494918543583,-0.026723904156168633,-0.003083306094668959,0.2056459350254879,0.15543114863452315,0.08290847921396267,0.057993054340696,0.07650315123907711,0.11799606504199996,0.3399114553459806
0.009895749413372705,-0.06555600383717887,-0.014347748382173122,0.2322383774542155,0.10255320788787736,0.07730595376624316,0.10320567534145536,0.006661458722670756,1.761063131570147e-12,0.44482003184867047
0.009513924696093986,-0.03554229137161421,0.06725386786821946,0.08793699812906534,0.11537408394312058,0.0019450174064914233,0.042996393473254194,0.06267971889915142,1.2423598832843056e-13,0.6856475905022217
0.009737257951965774,-0.10320306795486087,0.023426708973650442,0.142934095566463,0.2037144833843496,0.021313827978712133,0.0,2.1717597024361105e-11,0.6000633788871067,0.0313789455672717
0.012376008998322181,-0.07552603434260169,-0.01972298271566681,0.30913275786151617,0.16260892601421162,0.0,5.18708380726466e-13,0.34298636603797883,1.3861267948585494e-13,0.18351840041431275
0.016216494918543583,-0.026723904156168633,-0.003083306094668959,0.2056459350254879,0.15543114863452315,0.08290847921396267,0.057993054340696,0.07650315123907711,0.11799606504199996,0.3399114553459806
0.011615789500881669,0.0018816500859042855,-0.031413635407670545,0.016965789915326452,0.1731046576843742,0.02131791067860484,0.0374421426043413,2.694787453245697e-10,0.0,0.7681352910372861
0.015471136279657124,-0.003921608891368275,-0.009452641220978913,0.3696185859186826,0.08415850482873362,0.7346251064256636,2.7178256769239553e-12,2.98461548720515e-12,0.06474110332917817,0.0303203113465156
0.012318616958603224,0.016747917092143523,0.006023641229695491,0.16716779825610814,0.18690901538247476,0.13498135661562205,0.24699651319634155,0.0,0.0,0.25915213541908727
0.012563575102910493,-0.00016021055948100104,0.038358276893493325,0.08508799213168204,0.311086576890544,1.9004539363094093e-14,0.0,0.27847479941990716,0.047255343286273836,0.27451748449546254
0.01728763338523846,-0.0028424108180584075,-0.007443890214718073,0.5292024746927402,0.09542637275735065,0.022881383709120306,0.26980693686815826,1.949731844269119e-13,0.1833455765146544,0.0
0.01170396821015009,-0.15893353925460854,0.012076972672123251,0.06949197325828338,0.09364266084846457,0.053963717691177915,0.024979101867074235,1.8400099906848638e-14,0.6891914294436332,0.05711240357351698
0.018132553612167215,-0.014457761644117278,-0.015652173347377157,0.32982401052681204,0.0003466590738304891,0.9196769324511685,0.0,0.0,0.018495780980385363,0.040121206617969744
0.01751587293982617,-0.047361818696140846,0.011011191492812013,0.07418511276720963,0.1359735277347855,0.12114189901456379,0.023188456186077632,0.0,0.011553524410659283,0.6294448319725364
0.01788453557971157,-0.05258751257680919,0.012935572151375327,0.06035414632471882,0.0009595489312793341,6.865471322057839e-14,2.747325633298115e-15,5.97376439931559e-16,1.9586021763855307e-16,0.9299047057784058
0.013475226523791739,-0.0626327473288548,0.008716522072080882,0.011004060481885613,0.0445183962403497,0.003611941710520934,2.0396409553669094e-10,3.980139030295224e-11,0.028168796797675,0.9147828553988735
0.01540597274397864,0.015247033922101218,0.030461162097855033,0.5285835354050495,0.04808320898952231,0.3395130872766922,0.17443795317382574,0.029071477889714654,1.1989397352167102e-10,1.8015332734110864e-10
0.009465113091244284,0.07784906205241221,0.08088900911211933,0.5799646767070464,2.8121743618332303e-14,0.3935697981009624,0.0,0.0,0.0,0.06647576557953165
0.013557620627279639,-0.04825993645032458,-0.0077237202864827255,0.7871312160092542,0.019090908925745487,1.5573053400065787e-14,0.1452295158430993,0.05411832572861967,0.0,2.21163181129675e-14
0.02202918105220635,0.03062019610559379,0.014433845579152973,0.014521292257032246,0.0,0.055225304582432515,1.142116058165022e-07,0.01578286832911926,0.0,0.9289925292721415
0.020195370372271742,-0.03402037817772553,0.010863507060984408,0.21536776884463085,0.11053926619131711,0.2190277404917296,0.011870115967736551,0.0,0.1351408907363082,0.2868180782341698
0.016216494918543583,-0.026723904156168633,-0.003083306094668959,0.2056459350254879,0.15543114863452315,0.08290847921396267,0.057993054340696,0.07650315123907711,0.11799606504199996,0.3399114553459806
0.01688136189615233,0.034771546185936184,0.003845331970765351,0.44973952725650757,0.2165823439442764,1.8140148167593191e-10,0.0,1.5895121933097196e-10,1.0673773506338005e-10,0.2807140736690675
0.009671682086871723,0.31147382099569715,0.09369486497536685,0.2585228726039585,0.08994696460181843,0.7846669282494697,0.0,0.0,1.0135417342669474e-14,1.3165636001958946e-14
0.01095284788600856,-0.1285465751938747,-0.06185001925813918,0.2730367634790006,0.23212151613146192,0.11727958291129473,6.7747816122700345e-15,1.7200967717486946e-14,4.283714215781712e-15,0.3937138278317562
0.017414848421099687,-0.06718902567765012,-0.015860854408206188,0.3111584281888084,0.10988146128858964,0.2584131292645135,0.0,0.05871351828202152,7.47303271703021e-13,0.2964084580648357
0.01570829573893095,0.052700547030668524,0.06620409916156338,0.29815795852820737,0.12599961470470544,0.05541345716055179,0.1796859568806649,0.3453771688767258,1.7550457437544512e-11,2.0350914278412545e-11
0.014553322292188182,-0.02618511850449421,0.040060402853575316,0.0051607527906192,0.02159207520241804,2.78078557383853e-07,3.7397873901352357e-07,1.9014730044246424e-10,0.01353730162092309,0.9648728413999346
0.013048652493784547,0.050939467502639627,-0.01647915693593976,0.3599814145501355,0.013017429335007808,0.3189063344209711,0.036328561350413735,2.815429421036456e-10,0.3138041081798749,2.6511580993286378e-11
0.02125224640428683,0.13711134096855054,-0.009895379170985978,0.08053969504772636,0.014413669857244472,0.2382001896884101,0.18180307501140863,0.47792090556224104,1.4336672981964948e-11,0.0
0.011068724515019121,-0.10450224556858186,-0.06720343272695133,0.6434692552211554,0.3329602292752485,0.0,1.0110363151139047e-16,9.939935849376946e-17,0.03021629634887944,1.949496298510058e-16
0.023446686213172887,-0.021159786247895034,-0.024103513213278575,0.03044297210188529,0.08845387570174687,0.002838806072901641,0.03072332667584269,1.0504736291837866e-11,0.6622711977853263,0.19489420004435323
0.016216494918543583,-0.026723904156168633,-0.003083306094668959,0.2056459350254879,0.15543114863452315,0.08290847921396267,0.057993054340696,0.07650315123907711,0.11799606504199996,0.3399114553459806
0.036453328125244204,0.033264197374812975,-0.007411981617475267,0.2714365208863609,0.15921862678780302,0.0,0.3149171911181165,0.373535633814093,1.8371388532216378e-13,1.3534876333367718e-13
0.013105561366722645,0.01081927373188778,-0.009835245575868437,0.5920003713540198,0.1696570946295779,0.26234128150287755,0.05186107336256658,2.9729013769665573e-12,7.552225453941681e-12,0.046598216057709994
0.011989200826093494,-0.11820840042077149,-0.04778623349870048,0.045287772223624706,1.6681523264301642e-11,2.6078378782977446e-09,7.13909015628537e-09,0.9571091899904963,3.894490718425974e-06,7.900396403239313e-06
0.010173949484747355,-0.044053043457302266,0.008140044869730186,0.19859397273681445,0.22215423050965877,0.0,0.14566873832412908,0.23318494184975166,3.142881777891019e-14,0.20684623428029722
0.015515577265685617,0.005885139865167341,0.0126023216194939,0.46678822816715926,0.03142146736802177,0.16706712974778654,0.0,3.4189812858849475e-13,0.3085364847640882,0.03775928969752259
0.017975932391196502,-0.15054199682504402,-0.03403586203922548,0.011895241190197773,0.008493818520942173,4.20021044035278e-09,1.8023225571056414e-11,2.3942245038467906e-06,0.2953165340874009,0.696187426133792
0.00851619615765373,0.001262192429954175,0.018546417166843125,0.5312178792483062,0.21990023417432134,0.09581381767752609,0.2007435106503528,0.04931190180537832,4.955310433729724e-15,0.0
0.016216494918543583,-0.026723904156168633,-0.003083306094668959,0.2056459350254879,0.15543114863452315,0.08290847921396267,0.057993054340696,0.07650315123907711,0.11799606504199996,0.3399114553459806
0.12457322095373184,0.5506267926516865,-0.00014356858380506173,0.0020190532616040473,0.2764927067325781,0.2570115972414329,0.34891139223026213,8.862655941976326e-12,3.6684420990073376e-11,0.11758430373738622
0.019916938155710287,-0.0012049543110317041,0.019919575944726563,0.7785267622630355,0.17613421047591565,0.009898741409519473,0.03221320375410268,0.0,0.0,0.0
0.012496090428012516,-0.007652378457066259,0.00031029152930937793,0.18989163767908707,0.119156915002222,0.0,0.5912260558415736,5.183449015437392e-12,0.23440334604383825,0.05521368421765755
0.011346434183649617,0.0028762425736484198,-0.031112736132185615,0.009874171408136297,0.10509725574754834,0.021106870024138382,1.6816136535529772e-09,0.0,0.6764423233991438,0.19735356289604217
0.027615773003725374,0.021845294967725085,-0.03550693759884179,0.3628988905258488,0.5090378477079753,0.0129850251800212,0.0,8.337386332540979e-12,6.1210951688176475e-12,0.293790935102934
0.01223262150603506,0.023732521905782678,-0.021953797448181364,0.0554835668574729,0.2072448471780636,0.03952170064962066,0.0,0.0,0.3281051988108577,0.37309336732201726
0.016216494918543583,-0.026723904156168633,-0.003083306094668959,0.2056459350254879,0.15543114863452315,0.08290847921396267,0.057993054340696,0.07650315123907711,0.11799606504199996,0.3399114553459806
0.014266685046421852,-0.08075490234610463,-0.05075262515509872,0.08473351109646825,4.924148297796767e-09,0.18442902529165878,1.513024207619252e-08,0.15558318245491803,3.5306868539919387e-15,0.6241390765834923
0.01626667251330053,0.014603841174587047,0.01702985027446714,0.1434764261022208,0.33840981823201005,0.05714196596952425,2.5151556819110377e-15,0.0,0.26931446851549,0.20406064166976676
0.016017059480739056,-0.0259620501909133,-0.09076996854229394,0.37238556586646504,0.0,0.0,0.012203918940789683,0.6165511764605555,0.0,0.0
0.023614416980597085,0.00809652610019207,-0.04543358956283534,0.43080884822404036,0.0005766907885928107,0.11854744612074249,0.16514015346370692,0.0,0.2975848989389915,0.0
0.02282380228803608,0.044579170764490444,-0.0704811308225365,0.5537928217877421,0.4730010973205034,0.08000467164562902,4.162297656043291e-11,0.0,6.298528837443424e-12,0.052235685171677974
0.013151799286439432,-0.0383168382915785,0.04435113872107553,0.11059909948218186,0.10013318030039181,0.11506020304274388,0.0032629483943366878,0.0,4.740918550332592e-09,0.6899305235104226
0.022183959861384356,0.010344442980524787,0.05232103852557638,0.561011104809606,0.2792041762105736,0.006986310817331056,0.0,0.0,0.0,0.18410838625615705
0.013097144693368845,0.022048984302362084,0.0016597728093302594,0.015470703200635066,0.04945571721597557,0.0,0.14531933145300371,0.5206013336405668,0.0,0.2764786958579565
0.024447406988181805,-0.12475668357941175,-0.03392215431376895,0.0337247951159749,0.11996914636199167,0.0,0.0,5.124102215216229e-10,0.19296084538995822,0.6664682736103802
0.012172818375340231,-0.03247319309372496,0.07574156762166953,0.13417129641697131,0.050225129431837316,0.0,0.0,5.34667008573516e-12,0.1362093164486546,0.6838527623084606
0.015856042612309967,-0.007507358438972322,0.00037832651136096064,0.21636220470274317,0.0014214815785201429,1.0785515692422815e-10,0.006606377016605823,0.0,0.5038204147206415,0.25302876462661783
0.016217071887393904,-0.0761034477632294,0.021025936143708568,0.6644117753815685,0.2967492856158144,0.052880083223744774,4.649628944333998e-13,1.1919868263247236e-13,1.689081822861598e-13,0.008229208907712917
0.008518608491570906,-0.007294625896960694,0.024482847060286708,0.39795785904913106,0.13655530128939014,7.480280026865845e-14,0.007103842734670093,0.008422668897229287,0.0,0.4518045159047654
0.013620007649825568,-0.009620866077920112,-0.00827799651281504,0.11613273487090593,0.27171029100009264,0.05439277839591813,0.0,5.968118754271213e-13,0.2870963005369532,0.28659732812395566
0.04422376307759293,-0.18582918573399693,-0.09778765539518916,0.0348742420471274,2.6974907479930896e-10,3.2859413208567346e-10,0.0,1.4067098032975298e-08,1.6223608075692513e-08,0.9999999640980246
0.021931718331520373,-0.12262664840801414,0.035910568492216875,0.7130545196526273,0.23415080180663642,0.05251850187209768,0.0959210646701864,0.0,0.0,0.0008693196010259387
0.011069951565106621,-0.04260777492297091,-0.009910582424546387,0.01104083459533128,0.09398013416217584,0.011469746234317789,0.0,9.740220693072038e-12,0.803675716233507,0.08849132999399463
0.012153142353910032,-0.056155714642140725,0.018843206639524983,0.002797114848448898,0.0,0.0,0.0,1.0,7.393821724712809e-09,7.42147458905159e-09
0.016305843327397474,0.015517942074979559,-6.719280212555127e-05,0.032985077123990736,0.00616288027934545,0.0,0.0,0.0,0.0,0.9644443589526958
0.029128062229622987,-0.036209591336844024,-0.11624534392170681,0.8122136313801964,0.08416528954801558,1.0805508961621814e-13,0.10501070280863617,0.0,0.0,0.0
0.021209840385985373,-0.002464963602697003,-0.0047457424943208,0.7089967745339465,0.23945541760241576,0.11008539216556633,0.0,0.0,0.0,0.0
0.013747609866760565,0.015521446330256433,-0.00017506892033587417,0.24009667938845636,0.06917029710406958,0.11057137000978985,0.16074766508715674,0.08738081443689336,5.156657154054326e-15,0.34322208870183446
0.01482538098274884,-0.030956116646877082,-0.013871010061065074,0.019543255126531222,0.08049069017491292,0.04971322935459702,5.1483330033900623e-11,0.17481819845353763,1.494073378350064e-11,0.6789798564262831
0.009770588257527022,-0.013883441950964864,0.04484661716918888,0.08485059026850722,0.13857149547489028,0.0394006171693276,0.01753737521574391,1.4314444238881478e-09,0.660073829818571,0.06529962629066222
0.015610167299330128,0.0346648025208751,0.007145088496135512,0.9066861223546554,0.051393440846776606,0.0,0.04438137100794917,0.0,0.0,0.0
0.018576740664441038,-0.0018781659715002886,0.025478756024402423,0.26624612881157417,0.6095197856811428,0.35299334078513533,0.0,1.2466946048913348e-13,0.0,0.03748687353343185
0.01573283234141285,-0.10242223079427533,-0.07316504779537808,0.3361663596048987,0.0,0.0,0.06204179700666344,0.6003892336620692,0.0,0.0
0.02285902751230132,0.0020322733962927905,-0.011676902266790133,0.028582438296981514,0.07788198866749192,0.01856718473288058,0.0,8.103224273895866e-11,0.7773859844815746,0.08929657394296193
0.010355500356120644,0.0008201559115513586,-0.03558046698444439,0.05559219520990481,0.12278297461948703,0.06898379266972304,0.10341185238845085,0.0,3.492481223674155e-11,0.6796236633165016
0.014564668105891167,-0.028315626431397633,0.03311220459274918,0.42574751509703096,0.22279094699022967,0.014230817530467746,0.08599211516080846,1.4463091062662833e-14,1.4791207710717697e-14,0.2625759818918654
0.028870403738547306,0.03072541995539506,-0.03155963684675343,0.3033509585134714,0.21541358573898092,0.10617764527317014,0.0,0.2958084039993689,3.972197024806636e-15,0.10585835966161782
0.012350998331226146,-0.09060840454009603,0.030624702927701718,0.155657666112256,0.2854881960347407,0.022851940727046098,6.95756614068856e-14,1.1084521964162325e-13,0.3435782336688285,0.19703316765962037
0.02006853810129817,-0.026299096750779915,-0.02758242964061346,0.5013143855495341,0.08499722252580941,0.05246819165193079,0.10976900146810332,0.26749171865859067,0.0,5.454822729363176e-15
0.01415432927211028,0.06828663809072603,0.01923445674916097,0.6344429626215334,0.04649341506028102,0.13034202526054744,0.15220833249323756,0.03458032343438503,0.0,0.05279005043012864
0.01497657922996834,0.03153440935643963,0.018458046279842887,4.302436070715508e-07,6.634372798646966e-13,5.810399389279745e-08,0.015245744403202666,0.02056879249185773,9.289712567255076e-13,0.9595023432679181
0.02021218760517424,0.1408528476351156,0.06781622520093605,0.5269483068847313,0.5522749483614472,0.03406005647819411,2.0627704663662376e-11,0.0,1.6707515975122014e-11,0.012520347059491049
0.03125284636347571,-0.04000951733912485,-0.03159470136892962,0.06560791654016002,2.6529683531155654e-11,4.2360775525281937e-11,0.027435504406943357,0.018800811129052637,0.0,0.8896792694530617
0.013350433318350192,-0.03466514042059347,0.000669281305856488,0.10598756630331393,0.13336991002908594,9.693749078538453e-15,0.0,0.4177902638127802,0.0,0.33602196834400777
0.019506446891417378,0.2052177051074635,0.005871440708415151,0.0882566785370998,0.14830387617648655,0.18966008205700643,0.0,7.739525217169821e-14,0.3086735284805161,0.25008963080795965
0.02011720826296994,0.005839857307972464,-0.03116381621694608,0.15368579103905805,0.22867786790444936,0.11239004542976117,0.0,0.34928402299564715,0.0,0.17979014056910403
0.015668482891888845,0.014973552423950163,0.043410094930670495,0.7405672288539548,0.06994545646825398,0.031215674835455953,0.0,3.19974358164842e-13,1.2441807300191306e-13,0.1551375740077026
0.013119744681926561,-0.03248625670955436,-0.05534705754800833,0.26862821789192315,0.5201253256915367,0.07139310787464025,0.11143962637308183,1.0830492356655397e-15,0.07152790728846518,0.0
0.017677298607302976,0.04707515137500976,0.02264496514298583,0.03495487972418159,0.07637303366565527,0.0095406908423397,1.0203109468420736e-14,1.1825757530194276e-09,9.681855317467129e-15,0.8844079684293867
0.02888531399033399,-0.032096284225424085,-0.025584074875044726,0.8713470336901594,0.0004813162388754586,0.0388955712789711,9.387360622226482e-14,0.0,0.08904458121353334,0.0
0.022638928031270048,-0.1155672975248971,-0.08657337675127742,0.5127555597528213,0.0012333101317672803,0.05305554174229242,1.2384973659448223e-12,1.0092806565151193e-11,0.31549569192263577,0.12118947784089214
0.018670597719269936,0.05127730408940068,-0.02636332621266168,0.1784752279875287,0.08110109378491744,0.9075019263148695,7.195787162497737e-15,0.0,0.0,0.011396979903259195
0.0666450935898647,0.004514013365501148,-0.01435004410819924,0.007593572943406491,0.0640607622631236,1.1953923047486966e-11,1.9395532240622705e-10,0.6440287434484553,0.0,0.2919104940704774
0.022926351016181883,-0.05680918426693536,-0.008999266792219131,0.7030351429742987,0.04896748198139842,0.23227418079554865,0.031285057098285,1.2096338099241135e-13,1.9323764304486924e-13,2.7196159101193473e-13
0.041158054667847915,0.0713517625795316,-0.060867945668759645,0.31964259601158823,0.002434109181270924,0.0,0.02544701725609802,0.28119213155822853,0.0,0.3742052902703422
0.04358364541087191,0.06884134370601522,0.01198897745395557,0.28253796393974767,0.21048134918764408,0.048799327810315624,0.20778544048359976,1.9882720964100543e-12,0.3335025251691208,2.393158683077516e-12
0.019248215077126544,-0.07476303665448389,-0.0565191561921627,0.054058095485767725,0.0283788359139279,2.314790754446186e-11,1.672377325319426e-11,8.300169012855037e-12,6.7689684216278935e-12,0.9159845042759256
0.03333280434579576,0.0003381939225222056,-0.0031014790201303933,0.15169790983296186,0.024306307367761595,0.1319919184485248,0.16110541085021296,0.0,0.0,0.5373885182571295
0.04184040257085372,-0.1432108602574078,-0.07569777977650065,0.1755855210366752,0.28540859357293447,0.6327820337137546,0.08180937262653792,0.0,0.0,1.9347585195154632e-10
0.011049139097496942,-0.01729507960415863,0.013307317220330548,0.8125717953451299,0.03881095622394435,0.1540647135555358,2.5876072214343783e-12,8.057915553515058e-13,0.0,1.2660706324180475e-12
0.015645735449273047,-0.054163459035415924,0.03896978719796982,0.11367510563464042,0.03638770587283821,4.717944925324072e-09,0.009475210626696822,0.0,0.7445557257962235,0.09588323090691662
0.015318661324701619,-0.07089776150593545,-0.02011868809909797,0.037234263777457886,0.05394892145300374,2.1938889006711695e-14,3.5815608690030656e-15,7.187060874895123e-15,0.09450874145155005,0.8100121636625236
0.05677767071948405,0.06786448985954223,-0.09664521180174077,0.06610931112454155,0.12351518128177638,0.006854830304306252,2.996754252405768e-12,3.312195191914147e-13,0.252871788187886,0.5347279094675853
0.044287200557379086,0.07339830358474113,-0.0034608946911532587,0.000377270474360193,0.2378096888727716,0.06938027348134253,0.04474158064051676,0.3759434518613924,3.9940557458158756e-17,0.2721236267952662
0.0331543576233,-0.030873549610473998,0.0633887718103305,0.5871388545409344,0.17791566710794673,0.0,0.0,4.5734622373168684e-11,4.3861613458481946e-11,0.25266074661514804
0.009654029031791463,0.01105928995804849,-0.01259417678398234,0.053175252419644874,0.04748836416870737,0.0,0.0,0.07758359853760798,1.2508413783942547e-10,0.8187036302904956
0.06323962558410902,0.005024630963360233,-0.09233230646788532,0.2940847210204951,2.310564279361242e-11,0.024431072207099683,0.6344277818630115,1.9828972978130433e-11,0.3077327782279354,0.03340836773600794
0.04097279255303423,0.021750624871848638,-0.0656710110553455,0.23257699513689295,0.19403433110521334,0.08440272976748335,0.054592597535269204,0.0,0.4147243811899422,7.547906938467017e-16
0.034673197787167154,-0.07898957379847228,-0.027975303353720136,0.6383588684845733,0.01949877319497565,0.09132981357808434,0.0,0.0,0.0,0.24446905619888393
0.045619584203129344,0.049691107874834335,-0.18035729574188863,0.0002714233584598798,0.1591362278150589,0.15003748911168222,0.26891118226048155,0.018356002891310782,1.618535377866082e-05,0.3890983871028939
0.01622315344675037,-0.12356476021862127,0.02067016703377091,0.7822323175332058,0.2083630947184116,3.5146567589480357e-14,0.01630026390805599,0.0,0.0,1.2575190383290344e-13
0.05111120366638968,-0.05741950630028608,-0.05750811869153296,0.5636602427718923,0.23017874267055324,0.1420625284505155,8.905306348887967e-12,1.666030213776057e-12,0.0,0.13096557938715017
0.014677661058211423,0.012161896404374503,0.07580922637850429,0.042981344035213025,0.07846423694560162,1.364895370003991e-09,1.064169500963581e-10,8.233219464803891e-10,0.0012074254804880307,0.8767885095633257
0.01802996516063207,0.018844356047812424,0.08751498642668681,0.4352057310097334,0.22290134692241131,0.3929301570163475,0.07298319400830504,3.297220614494899e-15,8.932760973779696e-15,0.05452132649939743
0.02438824617711014,-0.15745167157745715,0.007715746427287937,0.004098910620127441,0.13052623146117737,0.2512419205897948,0.26308337260252507,0.0,0.0,0.35514904670228964
0.02272201183744018,0.04702659491476386,0.036127392184096274,0.3896301428368707,0.18474432523936984,0.006307630870455705,0.1943906500293318,0.0,0.28029851454778326,0.0
0.02158568240331754,-0.070941436496174,0.010138670837581755,0.02454322293392543,0.2702569853683683,0.0,0.0,0.19749008462129639,0.0,0.532252931471198
0.03161435539834323,-0.20978337353857213,0.045927658234619875,0.11388162882361588,0.0,0.16217967900901592,0.0,0.0,0.707417898337813,0.0
0.021460514522428743,-0.026109673317399905,-0.04589357924707537,0.20431319293660144,0.1668780572571144,2.1678689936777406e-12,0.10280500395315127,0.0,0.5358147342447583,0.015563354963007953
0.018587287705975314,-0.034198039646586735,-0.0005714551203937591,0.5085521895977823,0.09546902003413427,0.0,0.14794951261733144,2.7348365892634894e-12,0.23800852052237276,4.715886906751681e-12
0.45659850509054967,-0.11363645818321494,-0.01646952439633055,0.013721023058273376,0.9874318505270483,2.4788806147964876e-08,0.009316560542052103,5.483963594218032e-06,2.1507217542502464e-16,0.003232200801555004
0.01630265745484319,-0.048126740897658025,0.018746466320388996,0.31400170129628396,0.19929643779967043,2.0240006697184607e-13,0.0,1.2508282690233022e-13,0.4489004354969643,0.036179487187217904
0.023925287747202557,-0.04623721634812971,0.04924814438882618,0.3451057444162672,0.5811446417845764,0.0,2.6945130435885145e-14,4.6881377873667015e-14,1.5005653871051003e-13,0.22773396187590375
0.015669927110942772,-0.15196151651977802,-0.09220380611668506,0.4184335762147727,0.5336907235889908,0.0,0.11323273539293426,0.0,0.10130516197858036,0.0
