0,1,2,3,4,5,6,7,8,9,10,11,12,13,14,15,16,17,18,19,20,21,22,23,24,25,26,27,28,29,30,31,32,33,34,35,36,37,38,39,40,41,42,43,44,45,46,47,48,49,50,51,52,53,54,55,56,57,58,59,60,61,62,63,64,65,66,67,68,69,70,71,72,73,74,75,76,77,78,79,80,81,82,83,84,85,86,87,88,89,90,91,92,93,94,95,96,97,98,99,100,101,102,103,104,105,106,107,108,109,110,111,112,113,114,115,116,117,118,119,120,121,122,123,124,125,126,127,128,129,130,131,132,133,134,135,136,137,138,139,140,141,142,143,144,145,146,147,148,149,150,151,152,153,154,155,156,157,158,159,160,161,162,163,164,165,166,167,168,169,170,171,172,173,174,175,176,177,178,179,180,181,182,183
0.393044790552279,2.9585296770595727e-05,0.0,0.0,0.0,0.0,0.0,2.8553825013175206e-06,0.0,-1.0070629560929967e-27,0.0,4.824959129742073e-06,0.0,0.0,0.0,0.0,2.9240535447022337e-05,0.0,9.962090219301446e-06,8.217747737864701e-06,7.028034994749759e-28,5.249566212548016e-06,0.0,0.0,0.0,-9.52171858884347e-27,0.0,0.0,2.809051049204827e-26,4.490570680204567e-06,-7.237980460268643e-27,-1.6772176772274863e-26,1.6182196796286288e-06,7.212477022110264e-26,-2.933031002738543e-26,0.0,-3.997034432304093e-27,0.0,2.424713462897522e-29,0.0,-7.871665870521619e-26,9.219346478573152e-06,-5.813668514717552e-27,0.0,0.0,4.122974283164728e-06,0.0,7.982118181135631e-28,6.776653470576595e-07,0.0,0.0,1.4013337441654228e-06,7.325325043720567e-07,1.3432232381070908e-27,5.0414266826654915e-06,2.188809342894813e-06,0.0,-1.5880131520397915e-28,0.0,4.899024405453359e-06,1.0260627586520888e-05,0.0,2.2370676500943037e-05,3.6545868782996453e-06,9.438850444001022e-06,8.670177786500036e-27,-3.5224636365895417e-28,1.3422254010032505e-05,7.140346467868221e-06,-7.292991641562039e-27,2.6164407565655177e-07,0.0,-1.0811680416756316e-25,5.176022754278316e-06,7.543582683952301e-06,2.7827548649660188e-05,2.8444714461169644e-27,6.47870036266427e-06,1.815979209007793e-27,1.0842415592751364e-06,3.040288626791957e-27,1.5970886278440707e-05,0.0,4.70532012942659e-06,-1.0336040513016e-26,0.0,9.527865013218059e-07,-4.006592653185189e-27,2.3709029600341783e-05,-6.754417514673259e-28,0.0,1.7387302047189914e-27,4.6641466939281945e-27,-4.768550291054241e-27,2.3947911759473007e-06,2.114294686370836e-06,0.0,0.0,0.0,0.0,0.0,0.0,0.0,0.0,-6.275180650228844e-28,3.975459020128556e-06,1.3759223827881522e-05,0.0,0.0,1.9906209805427905e-06,-1.3510748563830573e-26,6.802486003674702e-27,1.7601889387578822e-05,-9.570261029962615e-27,0.0,1.3793029358151818e-06,0.0,0.0,-1.0750723488443426e-27,0.0,1.622821119243209e-05,-4.9884939366601174e-27,0.0,-8.417712698886042e-27,1.0720335643691188e-05,0.0,0.0,3.359940713008615e-05,1.4452952678523384e-06,0.0,8.404607851898073e-29,4.020689888017681e-07,0.0,5.670610057927322e-07,0.0,1.8434399553419416e-05,0.0,-6.9199728508580865e-28,0.0,0.0,1.9849818236050942e-05,4.81649656621529e-06,0.0,2.9169666691973806e-06,-7.157810012373556e-26,8.03664088140362e-06,0.0,0.0,0.0,3.096573609736508e-05,0.0,0.0,1.0521582159427283e-05,0.0,1.4403520031210987e-05,0.0,0.0,0.0,8.157182402308667e-06,3.9453031432946804e-06,0.0,9.789316360063433e-06,0.0,-3.660161370515276e-27,0.0,1.2008441715119835e-05,0.0,0.0,0.0,0.0,0.0,0.0,0.0,0.0,0.0,0.0,0.0,0.0,0.0,0.0,0.0,0.0,0.0,0.0
0.2483030621790161,5.877356795930398e-05,0.0,0.0,0.0,0.0,0.0021541443456879815,0.0001232610945044993,0.00024656036576320027,0.0016718320790033942,0.0,6.561378328889571e-05,1.9472714949957465e-05,0.0,0.0,0.0,0.000294741813493986,0.0,0.0041459430878875445,0.000915860295636346,5.79665142110609e-05,0.00034523987757444855,0.0005539028567441057,0.0,0.0,0.0025179330418127525,0.00042436367983667586,0.0,0.002167945105918528,0.0008064441851030858,0.0027821336322829283,3.9951175233604595e-05,0.0016843263794092344,0.0001034288188373837,0.030445540984368573,0.0,0.003684249734342121,0.0,8.700427362599435e-05,0.0,0.0012570641595292897,4.7167540343955436e-05,9.951858902813602e-05,0.0,0.004219355911383242,1.0829067155044003e-05,0.0003415127543591667,0.0008706824571362778,0.0018524532362889706,0.0,0.0,0.002837389650641653,0.00011788405986645344,0.00030034694678552823,0.0036978172109373127,0.005062203235325179,0.0,0.0019013406075976047,4.353461399715719e-05,0.019976678536344827,0.00037110372638461014,0.0,0.00028273683103009333,0.0018601315110887266,0.004110181214608186,0.0011397375841520733,0.0015629119328292662,0.0006281294016684574,0.0025234627569825268,0.0027785317729287404,0.002617524071203555,0.0022741108511941895,0.0037247708075201853,0.0028913189396056007,0.0020671392011006556,0.00031697406536069134,0.004284226831080402,0.003554381561553654,0.0037249177207743615,0.002893223678455443,0.0018471520781851477,0.0018441273347642824,0.0,0.003291946933281019,3.297028153215657e-05,0.00888114063329622,2.1512286846873326e-06,0.0019702616682813335,0.00508734959995547,0.0014555942490738598,0.0018209873995535806,0.0016575384883211243,0.00030681636940658053,0.0017773206391390871,0.0025715615260565607,3.183576002003591e-05,0.0,0.0,0.0,7.542669459609029e-05,0.0,0.0,0.0,0.0,1.7825085095951844e-05,0.0032201588759841753,0.0014953494153139293,0.0,0.0003540808825656502,0.0008625720495911837,0.010254569909934565,0.0002060354329821524,0.005073161021617678,0.001349013811637349,0.00023062064868183422,0.0020925827174772134,0.0,0.00026326896096625393,0.0004166349467453104,0.0,0.0027018604148716886,0.007463067434925195,0.0009617623924303562,8.8141657348096e-05,0.00037603604606512253,0.0,0.0,0.00010380056581218979,0.0018103576664044124,0.0,0.002826876203920409,0.002160400105896704,0.0,0.0021988460498635035,0.0,0.008792769381431535,3.2104654842740406e-05,0.00021453429648270268,0.0,0.0,0.00039401311195724835,0.005427824692756817,0.0,0.00020250925698941884,0.00040954538082652226,0.0017651062798236213,0.0,0.0,0.00025267079103238,0.0002007370153711861,0.0,0.0023435240948827957,0.0030288638801389514,0.0,0.00787308050577581,0.00037325716507353947,4.212145496555817e-05,0.00022061486528267252,0.00017600156536691727,0.00027962820401457127,3.812286702402208e-05,9.280529545704756e-05,7.375577643290383e-05,0.0002626479227314627,0.00020995191471972748,0.0027504593174429077,0.00011388340399119027,3.025701890812468e-05,0.00012945784749875485,0.00014666954547779717,0.009634335005999962,6.592151499225336e-05,0.00018516447422411845,0.0047736640974383035,4.346358386969704e-06,0.00022495555020155577,0.00016762010687491628,0.0001839904655585094,9.954217688101788e-05,0.0002660033785469465,0.00015425658614997195,0.0001482697242332926,0.00012850764446557507,8.029807131314778e-05
0.2483030621790161,5.877356795930398e-05,0.0,0.0,0.0,0.0,0.0021541443456879815,0.0001232610945044993,0.00024656036576320027,0.0016718320790033942,0.0,6.561378328889571e-05,1.9472714949957465e-05,0.0,0.0,0.0,0.000294741813493986,0.0,0.0041459430878875445,0.000915860295636346,5.79665142110609e-05,0.00034523987757444855,0.0005539028567441057,0.0,0.0,0.0025179330418127525,0.00042436367983667586,0.0,0.002167945105918528,0.0008064441851030858,0.0027821336322829283,3.9951175233604595e-05,0.0016843263794092344,0.0001034288188373837,0.030445540984368573,0.0,0.003684249734342121,0.0,8.700427362599435e-05,0.0,0.0012570641595292897,4.7167540343955436e-05,9.951858902813602e-05,0.0,0.004219355911383242,1.0829067155044003e-05,0.0003415127543591667,0.0008706824571362778,0.0018524532362889706,0.0,0.0,0.002837389650641653,0.00011788405986645344,0.00030034694678552823,0.0036978172109373127,0.005062203235325179,0.0,0.0019013406075976047,4.353461399715719e-05,0.019976678536344827,0.00037110372638461014,0.0,0.00028273683103009333,0.0018601315110887266,0.004110181214608186,0.0011397375841520733,0.0015629119328292662,0.0006281294016684574,0.0025234627569825268,0.0027785317729287404,0.002617524071203555,0.0022741108511941895,0.0037247708075201853,0.0028913189396056007,0.0020671392011006556,0.00031697406536069134,0.004284226831080402,0.003554381561553654,0.0037249177207743615,0.002893223678455443,0.0018471520781851477,0.0018441273347642824,0.0,0.003291946933281019,3.297028153215657e-05,0.00888114063329622,2.1512286846873326e-06,0.0019702616682813335,0.00508734959995547,0.0014555942490738598,0.0018209873995535806,0.0016575384883211243,0.00030681636940658053,0.0017773206391390871,0.0025715615260565607,3.183576002003591e-05,0.0,0.0,0.0,7.542669459609029e-05,0.0,0.0,0.0,0.0,1.7825085095951844e-05,0.0032201588759841753,0.0014953494153139293,0.0,0.0003540808825656502,0.0008625720495911837,0.010254569909934565,0.0002060354329821524,0.005073161021617678,0.001349013811637349,0.00023062064868183422,0.0020925827174772134,0.0,0.00026326896096625393,0.0004166349467453104,0.0,0.0027018604148716886,0.007463067434925195,0.0009617623924303562,8.8141657348096e-05,0.00037603604606512253,0.0,0.0,0.00010380056581218979,0.0018103576664044124,0.0,0.002826876203920409,0.002160400105896704,0.0,0.0021988460498635035,0.0,0.008792769381431535,3.2104654842740406e-05,0.00021453429648270268,0.0,0.0,0.00039401311195724835,0.005427824692756817,0.0,0.00020250925698941884,0.00040954538082652226,0.0017651062798236213,0.0,0.0,0.00025267079103238,0.0002007370153711861,0.0,0.0023435240948827957,0.0030288638801389514,0.0,0.00787308050577581,0.00037325716507353947,4.212145496555817e-05,0.00022061486528267252,0.00017600156536691727,0.00027962820401457127,3.812286702402208e-05,9.280529545704756e-05,7.375577643290383e-05,0.0002626479227314627,0.00020995191471972748,0.0027504593174429077,0.00011388340399119027,3.025701890812468e-05,0.00012945784749875485,0.00014666954547779717,0.009634335005999962,6.592151499225336e-05,0.00018516447422411845,0.0047736640974383035,4.346358386969704e-06,0.00022495555020155577,0.00016762010687491628,0.0001839904655585094,9.954217688101788e-05,0.0002660033785469465,0.00015425658614997195,0.0001482697242332926,0.00012850764446557507,8.029807131314778e-05
0.2483030621790161,5.877356795930398e-05,0.0,0.0,0.0,0.0,0.0021541443456879815,0.0001232610945044993,0.00024656036576320027,0.0016718320790033942,0.0,6.561378328889571e-05,1.9472714949957465e-05,0.0,0.0,0.0,0.000294741813493986,0.0,0.0041459430878875445,0.000915860295636346,5.79665142110609e-05,0.00034523987757444855,0.0005539028567441057,0.0,0.0,0.0025179330418127525,0.00042436367983667586,0.0,0.002167945105918528,0.0008064441851030858,0.0027821336322829283,3.9951175233604595e-05,0.0016843263794092344,0.0001034288188373837,0.030445540984368573,0.0,0.003684249734342121,0.0,8.700427362599435e-05,0.0,0.0012570641595292897,4.7167540343955436e-05,9.951858902813602e-05,0.0,0.004219355911383242,1.0829067155044003e-05,0.0003415127543591667,0.0008706824571362778,0.0018524532362889706,0.0,0.0,0.002837389650641653,0.00011788405986645344,0.00030034694678552823,0.0036978172109373127,0.005062203235325179,0.0,0.0019013406075976047,4.353461399715719e-05,0.019976678536344827,0.00037110372638461014,0.0,0.00028273683103009333,0.0018601315110887266,0.004110181214608186,0.0011397375841520733,0.0015629119328292662,0.0006281294016684574,0.0025234627569825268,0.0027785317729287404,0.002617524071203555,0.0022741108511941895,0.0037247708075201853,0.0028913189396056007,0.0020671392011006556,0.00031697406536069134,0.004284226831080402,0.003554381561553654,0.0037249177207743615,0.002893223678455443,0.0018471520781851477,0.0018441273347642824,0.0,0.003291946933281019,3.297028153215657e-05,0.00888114063329622,2.1512286846873326e-06,0.0019702616682813335,0.00508734959995547,0.0014555942490738598,0.0018209873995535806,0.0016575384883211243,0.00030681636940658053,0.0017773206391390871,0.0025715615260565607,3.183576002003591e-05,0.0,0.0,0.0,7.542669459609029e-05,0.0,0.0,0.0,0.0,1.7825085095951844e-05,0.0032201588759841753,0.0014953494153139293,0.0,0.0003540808825656502,0.0008625720495911837,0.010254569909934565,0.0002060354329821524,0.005073161021617678,0.001349013811637349,0.00023062064868183422,0.0020925827174772134,0.0,0.00026326896096625393,0.0004166349467453104,0.0,0.0027018604148716886,0.007463067434925195,0.0009617623924303562,8.8141657348096e-05,0.00037603604606512253,0.0,0.0,0.00010380056581218979,0.0018103576664044124,0.0,0.002826876203920409,0.002160400105896704,0.0,0.0021988460498635035,0.0,0.008792769381431535,3.2104654842740406e-05,0.00021453429648270268,0.0,0.0,0.00039401311195724835,0.005427824692756817,0.0,0.00020250925698941884,0.00040954538082652226,0.0017651062798236213,0.0,0.0,0.00025267079103238,0.0002007370153711861,0.0,0.0023435240948827957,0.0030288638801389514,0.0,0.00787308050577581,0.00037325716507353947,4.212145496555817e-05,0.00022061486528267252,0.00017600156536691727,0.00027962820401457127,3.812286702402208e-05,9.280529545704756e-05,7.375577643290383e-05,0.0002626479227314627,0.00020995191471972748,0.0027504593174429077,0.00011388340399119027,3.025701890812468e-05,0.00012945784749875485,0.00014666954547779717,0.009634335005999962,6.592151499225336e-05,0.00018516447422411845,0.0047736640974383035,4.346358386969704e-06,0.00022495555020155577,0.00016762010687491628,0.0001839904655585094,9.954217688101788e-05,0.0002660033785469465,0.00015425658614997195,0.0001482697242332926,0.00012850764446557507,8.029807131314778e-05
0.2483030621790161,5.877356795930398e-05,0.0,0.0,0.0,0.0,0.0021541443456879815,0.0001232610945044993,0.00024656036576320027,0.0016718320790033942,0.0,6.561378328889571e-05,1.9472714949957465e-05,0.0,0.0,0.0,0.000294741813493986,0.0,0.0041459430878875445,0.000915860295636346,5.79665142110609e-05,0.00034523987757444855,0.0005539028567441057,0.0,0.0,0.0025179330418127525,0.00042436367983667586,0.0,0.002167945105918528,0.0008064441851030858,0.0027821336322829283,3.9951175233604595e-05,0.0016843263794092344,0.0001034288188373837,0.030445540984368573,0.0,0.003684249734342121,0.0,8.700427362599435e-05,0.0,0.0012570641595292897,4.7167540343955436e-05,9.951858902813602e-05,0.0,0.004219355911383242,1.0829067155044003e-05,0.0003415127543591667,0.0008706824571362778,0.0018524532362889706,0.0,0.0,0.002837389650641653,0.00011788405986645344,0.00030034694678552823,0.0036978172109373127,0.005062203235325179,0.0,0.0019013406075976047,4.353461399715719e-05,0.019976678536344827,0.00037110372638461014,0.0,0.00028273683103009333,0.0018601315110887266,0.004110181214608186,0.0011397375841520733,0.0015629119328292662,0.0006281294016684574,0.0025234627569825268,0.0027785317729287404,0.002617524071203555,0.0022741108511941895,0.0037247708075201853,0.0028913189396056007,0.0020671392011006556,0.00031697406536069134,0.004284226831080402,0.003554381561553654,0.0037249177207743615,0.002893223678455443,0.0018471520781851477,0.0018441273347642824,0.0,0.003291946933281019,3.297028153215657e-05,0.00888114063329622,2.1512286846873326e-06,0.0019702616682813335,0.00508734959995547,0.0014555942490738598,0.0018209873995535806,0.0016575384883211243,0.00030681636940658053,0.0017773206391390871,0.0025715615260565607,3.183576002003591e-05,0.0,0.0,0.0,7.542669459609029e-05,0.0,0.0,0.0,0.0,1.7825085095951844e-05,0.0032201588759841753,0.0014953494153139293,0.0,0.0003540808825656502,0.0008625720495911837,0.010254569909934565,0.0002060354329821524,0.005073161021617678,0.001349013811637349,0.00023062064868183422,0.0020925827174772134,0.0,0.00026326896096625393,0.0004166349467453104,0.0,0.0027018604148716886,0.007463067434925195,0.0009617623924303562,8.8141657348096e-05,0.00037603604606512253,0.0,0.0,0.00010380056581218979,0.0018103576664044124,0.0,0.002826876203920409,0.002160400105896704,0.0,0.0021988460498635035,0.0,0.008792769381431535,3.2104654842740406e-05,0.00021453429648270268,0.0,0.0,0.00039401311195724835,0.005427824692756817,0.0,0.00020250925698941884,0.00040954538082652226,0.0017651062798236213,0.0,0.0,0.00025267079103238,0.0002007370153711861,0.0,0.0023435240948827957,0.0030288638801389514,0.0,0.00787308050577581,0.00037325716507353947,4.212145496555817e-05,0.00022061486528267252,0.00017600156536691727,0.00027962820401457127,3.812286702402208e-05,9.280529545704756e-05,7.375577643290383e-05,0.0002626479227314627,0.00020995191471972748,0.0027504593174429077,0.00011388340399119027,3.025701890812468e-05,0.00012945784749875485,0.00014666954547779717,0.009634335005999962,6.592151499225336e-05,0.00018516447422411845,0.0047736640974383035,4.346358386969704e-06,0.00022495555020155577,0.00016762010687491628,0.0001839904655585094,9.954217688101788e-05,0.0002660033785469465,0.00015425658614997195,0.0001482697242332926,0.00012850764446557507,8.029807131314778e-05
0.17642696824985712,0.0,0.0,0.0,0.0,0.0,0.004278376867658627,0.0,0.0,0.002098425897103059,0.0,0.0001210120372762768,-8.932661485756573e-26,0.0,0.0,0.0,0.0007633233173439199,0.0,0.010334092071072191,0.00016719167736830673,2.2732802986897493e-05,-1.6627006804430322e-25,6.198312215584762e-05,0.0,0.0,0.003972847476854638,0.00026233819489367496,0.0,0.0022655167404300584,-1.9512272041440382e-25,0.005304899823578793,-3.444197545083885e-26,0.0026960798517034713,-1.4740403751394643e-26,7.914368145306908e-24,0.0,0.006225272531573902,0.0,0.0,0.0,0.0,-5.861694648356467e-26,1.4987974306136093e-26,0.0,0.009802093905746769,0.0,0.0002884110993632922,0.0022762236451932135,0.004068220405312656,0.0,0.0,0.007824490245662032,-2.151244453623919e-25,0.0007828961212849988,0.009915123253510716,0.006567518141266602,0.0,0.002311036073650237,-1.0010435232646457e-25,0.0007432247330461828,-1.445330061844468e-25,0.0,-3.0506641152070394e-26,0.0031613231500434128,0.0073285498730039774,0.0020108484671164627,0.0014913934804701772,5.802495187295545e-25,0.00591249533095786,0.0024311998852201526,0.006678119701204104,0.0011874042205664997,0.006867959407662055,0.0038859054037065793,0.0027123612568357887,2.127826202323884e-25,0.011519109989702552,0.005003915468015266,0.010122933248363462,0.005287886277862585,0.00174745800254838,0.003565989279898631,0.0,0.004782578767472005,3.848619652540685e-26,0.013188718179717791,0.0,0.003747341937460261,0.009423921375088273,0.0012906321346116748,0.002837246984707623,0.002715082470870779,2.413554013416601e-25,0.0036134585230804903,0.003967002381539525,-3.820619644940435e-27,0.0,0.0,0.0,-2.755183106513179e-25,0.0,0.0,0.0,0.0,0.0,0.006515796716003323,0.0021784276160455147,0.0,2.454849461271988e-25,0.0017607957163206637,0.02782031029104895,0.0003971195103105355,0.011960105664657501,1.062590495642211e-24,0.0004183759790287664,-3.4287884530469004e-25,0.0,6.003918934802498e-26,-3.9297792734842877e-25,0.0,0.003524658618639245,0.00896491884123185,6.784946114486834e-05,3.475850783034628e-05,1.421420275980895e-25,0.0,0.0,3.351154670004415e-05,0.004344686774687687,0.0,0.0039049676997259396,0.001422148159550127,0.0,0.004731315814610747,0.0,0.013952049326004618,1.3123466188964453e-25,-4.895179583121975e-27,0.0,0.0,-1.3231500726014765e-26,0.009493165684024295,0.0,5.204023444947102e-27,1.64268769245503e-05,0.0036076602374949867,0.0,0.0,3.6083467358651887e-25,3.2340167097004216e-26,0.0,0.0043926234609895564,0.009659405993135781,0.0,0.01897968524198133,8.456528183270139e-26,-8.423581022210722e-26,6.534800029268844e-26,2.3662858578080348e-26,6.092644098677055e-26,-3.986015424309624e-26,-6.5207128362348925e-25,0.00012997956985053057,-7.48978179797526e-25,1.9948002276653812e-25,0.005980942715690792,6.072181625488996e-05,1.4151684313817486e-05,-1.0480153244887063e-25,7.168570482734776e-26,0.01913646063233117,-5.261655600829535e-25,4.8868631361516254e-26,0.010449789854775026,1.092574556194529e-26,0.00014683295599559815,-1.9409685430646053e-25,1.776251695408384e-05,0.0,0.00037454236398228263,1.72784816339121e-26,-1.393361785695459e-25,0.0001429081572234889,1.7499655583620764e-26
0.2483030621790161,5.877356795930398e-05,0.0,0.0,0.0,0.0,0.0021541443456879815,0.0001232610945044993,0.00024656036576320027,0.0016718320790033942,0.0,6.561378328889571e-05,1.9472714949957465e-05,0.0,0.0,0.0,0.000294741813493986,0.0,0.0041459430878875445,0.000915860295636346,5.79665142110609e-05,0.00034523987757444855,0.0005539028567441057,0.0,0.0,0.0025179330418127525,0.00042436367983667586,0.0,0.002167945105918528,0.0008064441851030858,0.0027821336322829283,3.9951175233604595e-05,0.0016843263794092344,0.0001034288188373837,0.030445540984368573,0.0,0.003684249734342121,0.0,8.700427362599435e-05,0.0,0.0012570641595292897,4.7167540343955436e-05,9.951858902813602e-05,0.0,0.004219355911383242,1.0829067155044003e-05,0.0003415127543591667,0.0008706824571362778,0.0018524532362889706,0.0,0.0,0.002837389650641653,0.00011788405986645344,0.00030034694678552823,0.0036978172109373127,0.005062203235325179,0.0,0.0019013406075976047,4.353461399715719e-05,0.019976678536344827,0.00037110372638461014,0.0,0.00028273683103009333,0.0018601315110887266,0.004110181214608186,0.0011397375841520733,0.0015629119328292662,0.0006281294016684574,0.0025234627569825268,0.0027785317729287404,0.002617524071203555,0.0022741108511941895,0.0037247708075201853,0.0028913189396056007,0.0020671392011006556,0.00031697406536069134,0.004284226831080402,0.003554381561553654,0.0037249177207743615,0.002893223678455443,0.0018471520781851477,0.0018441273347642824,0.0,0.003291946933281019,3.297028153215657e-05,0.00888114063329622,2.1512286846873326e-06,0.0019702616682813335,0.00508734959995547,0.0014555942490738598,0.0018209873995535806,0.0016575384883211243,0.00030681636940658053,0.0017773206391390871,0.0025715615260565607,3.183576002003591e-05,0.0,0.0,0.0,7.542669459609029e-05,0.0,0.0,0.0,0.0,1.7825085095951844e-05,0.0032201588759841753,0.0014953494153139293,0.0,0.0003540808825656502,0.0008625720495911837,0.010254569909934565,0.0002060354329821524,0.005073161021617678,0.001349013811637349,0.00023062064868183422,0.0020925827174772134,0.0,0.00026326896096625393,0.0004166349467453104,0.0,0.0027018604148716886,0.007463067434925195,0.0009617623924303562,8.8141657348096e-05,0.00037603604606512253,0.0,0.0,0.00010380056581218979,0.0018103576664044124,0.0,0.002826876203920409,0.002160400105896704,0.0,0.0021988460498635035,0.0,0.008792769381431535,3.2104654842740406e-05,0.00021453429648270268,0.0,0.0,0.00039401311195724835,0.005427824692756817,0.0,0.00020250925698941884,0.00040954538082652226,0.0017651062798236213,0.0,0.0,0.00025267079103238,0.0002007370153711861,0.0,0.0023435240948827957,0.0030288638801389514,0.0,0.00787308050577581,0.00037325716507353947,4.212145496555817e-05,0.00022061486528267252,0.00017600156536691727,0.00027962820401457127,3.812286702402208e-05,9.280529545704756e-05,7.375577643290383e-05,0.0002626479227314627,0.00020995191471972748,0.0027504593174429077,0.00011388340399119027,3.025701890812468e-05,0.00012945784749875485,0.00014666954547779717,0.009634335005999962,6.592151499225336e-05,0.00018516447422411845,0.0047736640974383035,4.346358386969704e-06,0.00022495555020155577,0.00016762010687491628,0.0001839904655585094,9.954217688101788e-05,0.0002660033785469465,0.00015425658614997195,0.0001482697242332926,0.00012850764446557507,8.029807131314778e-05
0.22815795025121952,0.0,0.0,0.0,0.0,0.0,0.0,0.0,0.009407112590491198,0.00034143575979160844,0.0,0.0,0.0,0.0,0.0,0.0,0.0,0.0,0.0027754538564179207,0.001308007713739716,0.0,0.0,5.920950720045623e-25,0.0,0.0,0.0008605129642973246,-4.860656494898296e-25,0.0,0.0,0.0,0.000933127361548623,0.0,0.0002330246409617121,0.0,0.0005273132240260704,0.0,3.6004424076422908e-06,0.0,0.0,0.0,0.0,0.0,0.0,0.0,0.00011712561949855251,0.0,0.00041863046676074813,0.0,-6.812935633517121e-26,0.0,0.0,0.0007680013376372606,0.0,0.0,0.0013926455111248047,0.002438094678749439,0.0,0.0007453719263368248,0.0,0.0,0.0008328350863223512,0.0,0.0,0.0012790474971811016,-5.175603475309497e-25,0.00046910057139205847,0.0005038408046819482,2.8011592752457197e-25,6.498569536684095e-28,0.00033916680896204173,0.00039395033835815997,0.0,0.00037867001617515063,9.700627896959994e-05,0.0036274968998581446,0.0,0.0,0.0013754845979116696,0.002457990721500291,-4.82458660844349e-26,0.0002788674552564748,0.0008639948593236024,0.0,7.205768897821683e-27,0.0,0.003016582228745897,0.0,0.000898761857069544,0.0011250826863958981,0.0003346948564997786,0.0029813996054496006,0.00023361312234377896,0.0,0.0004930468106444421,0.00046662867441328506,0.0,0.0,0.0,0.0,0.0,0.0,0.0,0.0,0.0,0.0,0.001533889281320024,0.0,0.0,0.0,0.00017057113343076606,0.00034078300551841845,0.0,0.0015591876942297339,0.0,0.0,0.0,0.0,0.00033264486202807316,0.0,0.0,0.0,0.0026410011624645436,2.9627635658635947e-25,0.0,0.0006124868816757582,0.0,0.0,0.0,0.0004707844189858022,0.0,-3.1758654924083663e-25,0.0014925266533099277,0.0,0.00036768568808097135,0.0,0.0005771484788216053,0.0,0.0,0.0,0.0,0.0036192234303014602,0.00031889473000734024,0.0,0.0,0.0,0.0,0.0,0.0,1.7258051398559096e-25,0.0,0.0,0.0004213040642396719,0.0,0.0,0.0006767559121579433,0.0014334208691880433,0.0,0.0,0.0,0.0008634191742409626,0.0,0.0,0.0,0.0,0.0015210824286047506,0.0004298899752643403,0.0005374402814090451,0.0,0.0,0.0012141798796412827,7.015791979756323e-05,0.0,0.0035178642268857306,0.0031892528722861483,0.0,2.9499681593715235e-25,0.0005822611980002123,0.0005805963379228424,0.002658458940439565,0.0019961349459306473,0.0006531735374426071,0.0,1.1775133267969358e-05,3.5455327866999316e-06
0.18870906520529152,-6.65540843810439e-26,0.0,0.0,0.0,0.0,0.0016012938039587383,-1.7161594017803777e-26,3.386331712457373e-26,0.0038696209757319924,0.0,9.998615437273846e-07,-1.3006030060530882e-26,0.0,0.0,0.0,-1.069198545510151e-25,0.0,0.003397793267337647,0.0016124017054492325,0.0004008535880714527,-4.324167018088345e-25,1.2300203846316798e-24,0.0,0.0,0.0033493933926203746,-2.323810599342793e-25,0.0,0.0046403276949836,0.0010526692521242065,0.007642226624399208,-1.4293873244575062e-25,0.001385773274899011,-1.4511194986980954e-25,0.014799998802952978,0.0,0.0038172611788411036,0.0,-4.5047418958669484e-26,0.0,-3.53046376070763e-25,-1.0664994592891131e-25,-1.0680184185135352e-25,0.0,0.007128616887534224,4.0179684968526164e-28,0.00013088020229221894,-1.3884007914162763e-24,0.001881155677481741,0.0,0.0,0.004596985386790316,0.00023068702685522685,0.00044651392833031756,0.00425279846342675,0.007373082692782307,0.0,0.0028329693082274825,1.0084231517949064e-25,0.032506711394937764,-3.83526416443618e-25,0.0,0.0003257972434453169,0.0029624127137089264,0.005475346325555931,0.002002796407077556,0.002023386100713972,0.0005967898433249934,0.004277871055364485,0.0017126781372153554,0.0021368178396678136,0.0020673931007855156,0.007154684470301532,0.0021730698002451723,0.0035603641393268533,-2.1569378009663044e-25,0.005180281868541553,0.0030110835153911073,0.004501431471877517,0.002613106321786967,0.002243076999314933,0.0019775491211478495,0.0,0.003038495265522873,-1.0757484093954702e-25,0.006697742259419899,7.949395450633439e-06,0.0036816696849023096,0.0058426411922150355,0.0013717296457357163,0.0024638722162953924,0.002723093145639009,-5.695272484949033e-25,0.0036665359960643606,0.0037061958163368907,4.297368514553275e-06,0.0,0.0,0.0,0.00010734743554206796,0.0,0.0,0.0,0.0,9.511052166446181e-27,0.002866982043354416,0.0018895261425939205,0.0,0.0003776854321087372,0.0008480646221040784,0.016392100809188223,0.0003184784695725157,0.005129982855830792,0.0005990998654866828,0.0005071306901132538,0.0027407647321924236,0.0,-3.1133691494577445e-25,2.226092450960471e-25,0.0,0.0035578714630331177,0.007127292462173261,-1.047801884698685e-25,1.8651992639146017e-06,-1.8483316610133767e-24,0.0,0.0,-1.2084539933762774e-25,0.0017642390858208694,0.0,0.00534289610063017,0.0019353573989950143,0.0,0.0033693486920904135,0.0,0.019217276072933102,5.820076586881281e-26,3.839706942355661e-26,0.0,0.0,-4.699412198399012e-26,0.011799633258875699,0.0,-1.7960578453367444e-25,-7.725469419692103e-26,0.001687972034112606,0.0,0.0,8.528118547015383e-05,0.000695932991769341,0.0,0.002880091532226225,0.0047128504029175546,0.0,0.011282130941318995,1.7006027315955175e-24,7.2004453768658125e-06,0.00023612766828105445,-5.770524615966587e-27,1.0511027014441105e-25,3.4054496777364314e-26,-4.517769806964256e-26,-6.375325084316579e-26,2.8441861822081763e-25,-1.0131185266884728e-25,0.003307907557327662,2.7918987521743648e-27,1.096853913280284e-26,-3.037777368442404e-26,2.1147470871483233e-25,0.011922180668475729,-2.221153113641201e-26,-4.5235236173169665e-25,0.004202397454204366,-1.546969379075416e-27,-1.2590481846494835e-25,3.189072403851529e-25,5.616245225483716e-05,1.0534080906958783e-25,1.3518152590710897e-05,0.00018694193786434677,-1.3215058014779994e-25,-2.6528965005339144e-26,-5.498693758404059e-26
0.2483030621790161,5.877356795930398e-05,0.0,0.0,0.0,0.0,0.0021541443456879815,0.0001232610945044993,0.00024656036576320027,0.0016718320790033942,0.0,6.561378328889571e-05,1.9472714949957465e-05,0.0,0.0,0.0,0.000294741813493986,0.0,0.0041459430878875445,0.000915860295636346,5.79665142110609e-05,0.00034523987757444855,0.0005539028567441057,0.0,0.0,0.0025179330418127525,0.00042436367983667586,0.0,0.002167945105918528,0.0008064441851030858,0.0027821336322829283,3.9951175233604595e-05,0.0016843263794092344,0.0001034288188373837,0.030445540984368573,0.0,0.003684249734342121,0.0,8.700427362599435e-05,0.0,0.0012570641595292897,4.7167540343955436e-05,9.951858902813602e-05,0.0,0.004219355911383242,1.0829067155044003e-05,0.0003415127543591667,0.0008706824571362778,0.0018524532362889706,0.0,0.0,0.002837389650641653,0.00011788405986645344,0.00030034694678552823,0.0036978172109373127,0.005062203235325179,0.0,0.0019013406075976047,4.353461399715719e-05,0.019976678536344827,0.00037110372638461014,0.0,0.00028273683103009333,0.0018601315110887266,0.004110181214608186,0.0011397375841520733,0.0015629119328292662,0.0006281294016684574,0.0025234627569825268,0.0027785317729287404,0.002617524071203555,0.0022741108511941895,0.0037247708075201853,0.0028913189396056007,0.0020671392011006556,0.00031697406536069134,0.004284226831080402,0.003554381561553654,0.0037249177207743615,0.002893223678455443,0.0018471520781851477,0.0018441273347642824,0.0,0.003291946933281019,3.297028153215657e-05,0.00888114063329622,2.1512286846873326e-06,0.0019702616682813335,0.00508734959995547,0.0014555942490738598,0.0018209873995535806,0.0016575384883211243,0.00030681636940658053,0.0017773206391390871,0.0025715615260565607,3.183576002003591e-05,0.0,0.0,0.0,7.542669459609029e-05,0.0,0.0,0.0,0.0,1.7825085095951844e-05,0.0032201588759841753,0.0014953494153139293,0.0,0.0003540808825656502,0.0008625720495911837,0.010254569909934565,0.0002060354329821524,0.005073161021617678,0.001349013811637349,0.00023062064868183422,0.0020925827174772134,0.0,0.00026326896096625393,0.0004166349467453104,0.0,0.0027018604148716886,0.007463067434925195,0.0009617623924303562,8.8141657348096e-05,0.00037603604606512253,0.0,0.0,0.00010380056581218979,0.0018103576664044124,0.0,0.002826876203920409,0.002160400105896704,0.0,0.0021988460498635035,0.0,0.008792769381431535,3.2104654842740406e-05,0.00021453429648270268,0.0,0.0,0.00039401311195724835,0.005427824692756817,0.0,0.00020250925698941884,0.00040954538082652226,0.0017651062798236213,0.0,0.0,0.00025267079103238,0.0002007370153711861,0.0,0.0023435240948827957,0.0030288638801389514,0.0,0.00787308050577581,0.00037325716507353947,4.212145496555817e-05,0.00022061486528267252,0.00017600156536691727,0.00027962820401457127,3.812286702402208e-05,9.280529545704756e-05,7.375577643290383e-05,0.0002626479227314627,0.00020995191471972748,0.0027504593174429077,0.00011388340399119027,3.025701890812468e-05,0.00012945784749875485,0.00014666954547779717,0.009634335005999962,6.592151499225336e-05,0.00018516447422411845,0.0047736640974383035,4.346358386969704e-06,0.00022495555020155577,0.00016762010687491628,0.0001839904655585094,9.954217688101788e-05,0.0002660033785469465,0.00015425658614997195,0.0001482697242332926,0.00012850764446557507,8.029807131314778e-05
0.17771408168968866,2.1860572797662187e-26,0.0,0.0,0.0,0.0,0.0009212044989154648,7.228501717083313e-05,0.0,0.0003990938788381763,0.0,0.002763012461325874,0.0,0.0,0.0,0.0,0.001549716900409002,0.0,0.001526350326161415,-1.2641868486429402e-25,-8.135898549883909e-25,-5.249119515573828e-25,0.0,0.0,0.0,0.0017627467546815535,0.0,0.0,1.3052828604149574e-24,-1.4088507236771315e-26,0.0005071968226480854,-2.928141699939947e-25,0.00015680738958516536,1.4952468946909724e-24,-1.938804817842839e-24,0.0,0.00048729179249988776,0.0,0.00012568311207911449,0.0,1.1697109828629422e-24,8.710283777412058e-05,-2.795735784960275e-25,0.0,0.0,8.910773579642727e-26,0.0,0.0029369743956094278,0.0003178295212592349,0.0,0.0,0.00017635539348617984,0.00021445089308905007,0.00021780347023315398,-1.4260077627275105e-25,-4.512805417156694e-25,0.0,-1.7313040770431648e-25,0.0,8.422617593157713e-26,0.0001771207775046444,0.0,0.0012235720964932067,0.0002036540541022797,0.0034083679185324778,7.104604695672935e-05,1.2676799123669146e-25,0.0028775570193235395,0.004550784625581077,0.0015973597308252248,0.0009023264835981556,0.0028510261803703753,1.8259347167880035e-24,6.603574779720315e-05,0.00016073497408377848,0.0017594298847787226,-3.098305619081752e-25,0.00024685784375321114,8.033499065774662e-26,2.747826091698546e-25,0.00014752711984344045,0.00022412139213250673,0.0,-8.257161033870542e-25,4.671280168727137e-26,-9.69520084148768e-26,9.72310583571903e-06,0.0003211902540233049,0.002816576648206985,0.0003357263416797128,0.0011458523891476407,0.0002557198586155358,2.4481698832021712e-05,1.5992266881185893e-25,-1.1201084852980385e-25,2.36681089503196e-26,0.0,0.0,0.0,0.0,0.0,0.0,0.0,0.0,4.5805479991658534e-05,0.0007062876771784664,0.0006893496218149391,0.0,3.3023158689221344e-06,0.0005199331682560948,0.001881784272776997,0.0006342915797169715,0.0002948764236141792,0.0036234730619024674,0.0,8.05455570551331e-26,0.0,0.0,0.0023179758427181708,0.0,4.138197627667086e-25,1.6107755789494587e-25,0.0,-9.530858604274733e-25,-8.141540260165506e-25,0.0,0.0,-1.0004289447676024e-24,2.47966927266182e-25,0.0,2.2264857433233875e-24,0.00021525949064011828,0.0,-1.580795360637392e-25,0.0,2.615468189383402e-25,0.0,0.0013290660615400606,0.0,0.0,-5.128377071318167e-26,0.0005923399135316841,0.0,7.852817353798685e-05,0.01146153386412178,0.0010503430982218205,0.0,0.0,0.00040134777818945106,1.1183486476974248e-24,0.0,0.0,8.75304700472124e-05,0.0,0.0010243976282230242,0.0,0.0,-3.544000599306926e-25,0.00019306079531054499,0.00017356266756750962,0.0,-5.8216683392490755e-25,0.0,0.004047924465442031,0.0,0.0004072468869328367,0.0,0.0,0.0,0.0,2.0485660480939602e-54,0.0,0.0,0.0,0.0,0.0,0.0,0.0,0.0,0.0,0.0,0.0,0.0,0.0
0.36460211169904166,0.0,0.0,0.0,0.0,0.0,-2.8693824636017044e-27,0.0,0.0,-2.6888562635552078e-27,0.0,0.0,7.931398113245875e-06,0.0,0.0,0.0,0.0,0.0,8.427740339913375e-27,-7.030281822555279e-27,0.0,0.0,5.488010308856519e-27,0.0,0.0,-2.3834152943326424e-27,-7.796646282923912e-27,0.0,0.0,0.0,1.4355194877505713e-05,0.0,-5.151281251377002e-27,0.0,0.0,0.0,1.009817551390394e-05,0.0,0.0,0.0,0.0,0.0,0.0,0.0,-2.2288642207964804e-28,0.0,-9.568902017559009e-27,0.0,-5.5247623665895975e-27,0.0,0.0,4.544382117960036e-06,0.0,0.0,1.6945113782895737e-27,-9.392442940982236e-28,0.0,-7.933163579046265e-27,1.2190833947798776e-05,0.0,-7.42842469475598e-27,0.0,0.0,5.723168239371311e-06,-7.201102618492503e-27,2.0828211047090742e-06,2.74500465464566e-06,-1.3497051174864792e-29,0.0,1.592221772400651e-05,1.2680331361998453e-27,0.0,-2.9915375611848817e-27,-2.0349185822294634e-27,1.0548547317522825e-26,0.0,0.0,1.6889785041082705e-05,4.341665537436933e-06,2.9775198309897986e-27,2.5730286779527997e-27,8.373563199013052e-06,0.0,-1.6592508163490584e-27,0.0,1.568926562137629e-05,0.0,5.043990685990696e-07,1.812151748790318e-27,1.1476972239873672e-07,-1.2347471430177905e-27,-1.522978484858337e-27,0.0,3.9801102260918834e-06,0.0,0.0,0.0,0.0,0.0,-2.0626284975621458e-27,0.0,0.0,0.0,0.0,0.0,0.0,0.0,0.0,0.0,1.2061751272748346e-27,3.6971460059747347e-06,0.0,6.287544473822979e-07,0.0,3.2504477840055846e-05,0.0,0.0,2.0228864255266267e-05,0.0,0.0,0.0,-4.712646602383267e-29,0.0,0.0,1.289388383357867e-27,0.0,0.0,0.0,-1.5039066457729198e-27,0.0,2.032918692872001e-06,2.941146045064459e-06,0.0,-4.644028589568534e-27,0.0,-4.123864543839093e-27,-1.7038281277402148e-27,0.0,0.0,0.0,5.858627477287104e-07,5.579686592061488e-06,0.0,0.0,0.0,0.0,0.0,0.0,1.8897754029621043e-06,0.0,0.0,-4.7776042799559106e-27,0.0,0.0,-2.593435096663713e-27,3.89086911640984e-05,1.3278363905115632e-26,0.0,0.0,5.504195155467029e-05,1.3766676497983634e-06,0.0,-1.9068394543085616e-26,0.0,-4.591200425254714e-27,1.4204745902549554e-06,-3.7379529831669595e-27,6.809816288579237e-27,8.277394898815676e-06,1.4367933998959239e-05,2.274155394945594e-05,0.0001564792283856832,4.991873429200814e-06,1.5022390686996592e-05,0.0,1.0344891073421469e-06,1.3600732631974527e-05,-2.0086153041717744e-27,0.0,2.3075358863066825e-05,2.3808646803457293e-05,9.805981331896314e-05,9.2849143991667e-27,1.4968032139651801e-27
0.2483030621790161,5.877356795930398e-05,0.0,0.0,0.0,0.0,0.0021541443456879815,0.0001232610945044993,0.00024656036576320027,0.0016718320790033942,0.0,6.561378328889571e-05,1.9472714949957465e-05,0.0,0.0,0.0,0.000294741813493986,0.0,0.0041459430878875445,0.000915860295636346,5.79665142110609e-05,0.00034523987757444855,0.0005539028567441057,0.0,0.0,0.0025179330418127525,0.00042436367983667586,0.0,0.002167945105918528,0.0008064441851030858,0.0027821336322829283,3.9951175233604595e-05,0.0016843263794092344,0.0001034288188373837,0.030445540984368573,0.0,0.003684249734342121,0.0,8.700427362599435e-05,0.0,0.0012570641595292897,4.7167540343955436e-05,9.951858902813602e-05,0.0,0.004219355911383242,1.0829067155044003e-05,0.0003415127543591667,0.0008706824571362778,0.0018524532362889706,0.0,0.0,0.002837389650641653,0.00011788405986645344,0.00030034694678552823,0.0036978172109373127,0.005062203235325179,0.0,0.0019013406075976047,4.353461399715719e-05,0.019976678536344827,0.00037110372638461014,0.0,0.00028273683103009333,0.0018601315110887266,0.004110181214608186,0.0011397375841520733,0.0015629119328292662,0.0006281294016684574,0.0025234627569825268,0.0027785317729287404,0.002617524071203555,0.0022741108511941895,0.0037247708075201853,0.0028913189396056007,0.0020671392011006556,0.00031697406536069134,0.004284226831080402,0.003554381561553654,0.0037249177207743615,0.002893223678455443,0.0018471520781851477,0.0018441273347642824,0.0,0.003291946933281019,3.297028153215657e-05,0.00888114063329622,2.1512286846873326e-06,0.0019702616682813335,0.00508734959995547,0.0014555942490738598,0.0018209873995535806,0.0016575384883211243,0.00030681636940658053,0.0017773206391390871,0.0025715615260565607,3.183576002003591e-05,0.0,0.0,0.0,7.542669459609029e-05,0.0,0.0,0.0,0.0,1.7825085095951844e-05,0.0032201588759841753,0.0014953494153139293,0.0,0.0003540808825656502,0.0008625720495911837,0.010254569909934565,0.0002060354329821524,0.005073161021617678,0.001349013811637349,0.00023062064868183422,0.0020925827174772134,0.0,0.00026326896096625393,0.0004166349467453104,0.0,0.0027018604148716886,0.007463067434925195,0.0009617623924303562,8.8141657348096e-05,0.00037603604606512253,0.0,0.0,0.00010380056581218979,0.0018103576664044124,0.0,0.002826876203920409,0.002160400105896704,0.0,0.0021988460498635035,0.0,0.008792769381431535,3.2104654842740406e-05,0.00021453429648270268,0.0,0.0,0.00039401311195724835,0.005427824692756817,0.0,0.00020250925698941884,0.00040954538082652226,0.0017651062798236213,0.0,0.0,0.00025267079103238,0.0002007370153711861,0.0,0.0023435240948827957,0.0030288638801389514,0.0,0.00787308050577581,0.00037325716507353947,4.212145496555817e-05,0.00022061486528267252,0.00017600156536691727,0.00027962820401457127,3.812286702402208e-05,9.280529545704756e-05,7.375577643290383e-05,0.0002626479227314627,0.00020995191471972748,0.0027504593174429077,0.00011388340399119027,3.025701890812468e-05,0.00012945784749875485,0.00014666954547779717,0.009634335005999962,6.592151499225336e-05,0.00018516447422411845,0.0047736640974383035,4.346358386969704e-06,0.00022495555020155577,0.00016762010687491628,0.0001839904655585094,9.954217688101788e-05,0.0002660033785469465,0.00015425658614997195,0.0001482697242332926,0.00012850764446557507,8.029807131314778e-05
0.2483030621790161,5.877356795930398e-05,0.0,0.0,0.0,0.0,0.0021541443456879815,0.0001232610945044993,0.00024656036576320027,0.0016718320790033942,0.0,6.561378328889571e-05,1.9472714949957465e-05,0.0,0.0,0.0,0.000294741813493986,0.0,0.0041459430878875445,0.000915860295636346,5.79665142110609e-05,0.00034523987757444855,0.0005539028567441057,0.0,0.0,0.0025179330418127525,0.00042436367983667586,0.0,0.002167945105918528,0.0008064441851030858,0.0027821336322829283,3.9951175233604595e-05,0.0016843263794092344,0.0001034288188373837,0.030445540984368573,0.0,0.003684249734342121,0.0,8.700427362599435e-05,0.0,0.0012570641595292897,4.7167540343955436e-05,9.951858902813602e-05,0.0,0.004219355911383242,1.0829067155044003e-05,0.0003415127543591667,0.0008706824571362778,0.0018524532362889706,0.0,0.0,0.002837389650641653,0.00011788405986645344,0.00030034694678552823,0.0036978172109373127,0.005062203235325179,0.0,0.0019013406075976047,4.353461399715719e-05,0.019976678536344827,0.00037110372638461014,0.0,0.00028273683103009333,0.0018601315110887266,0.004110181214608186,0.0011397375841520733,0.0015629119328292662,0.0006281294016684574,0.0025234627569825268,0.0027785317729287404,0.002617524071203555,0.0022741108511941895,0.0037247708075201853,0.0028913189396056007,0.0020671392011006556,0.00031697406536069134,0.004284226831080402,0.003554381561553654,0.0037249177207743615,0.002893223678455443,0.0018471520781851477,0.0018441273347642824,0.0,0.003291946933281019,3.297028153215657e-05,0.00888114063329622,2.1512286846873326e-06,0.0019702616682813335,0.00508734959995547,0.0014555942490738598,0.0018209873995535806,0.0016575384883211243,0.00030681636940658053,0.0017773206391390871,0.0025715615260565607,3.183576002003591e-05,0.0,0.0,0.0,7.542669459609029e-05,0.0,0.0,0.0,0.0,1.7825085095951844e-05,0.0032201588759841753,0.0014953494153139293,0.0,0.0003540808825656502,0.0008625720495911837,0.010254569909934565,0.0002060354329821524,0.005073161021617678,0.001349013811637349,0.00023062064868183422,0.0020925827174772134,0.0,0.00026326896096625393,0.0004166349467453104,0.0,0.0027018604148716886,0.007463067434925195,0.0009617623924303562,8.8141657348096e-05,0.00037603604606512253,0.0,0.0,0.00010380056581218979,0.0018103576664044124,0.0,0.002826876203920409,0.002160400105896704,0.0,0.0021988460498635035,0.0,0.008792769381431535,3.2104654842740406e-05,0.00021453429648270268,0.0,0.0,0.00039401311195724835,0.005427824692756817,0.0,0.00020250925698941884,0.00040954538082652226,0.0017651062798236213,0.0,0.0,0.00025267079103238,0.0002007370153711861,0.0,0.0023435240948827957,0.0030288638801389514,0.0,0.00787308050577581,0.00037325716507353947,4.212145496555817e-05,0.00022061486528267252,0.00017600156536691727,0.00027962820401457127,3.812286702402208e-05,9.280529545704756e-05,7.375577643290383e-05,0.0002626479227314627,0.00020995191471972748,0.0027504593174429077,0.00011388340399119027,3.025701890812468e-05,0.00012945784749875485,0.00014666954547779717,0.009634335005999962,6.592151499225336e-05,0.00018516447422411845,0.0047736640974383035,4.346358386969704e-06,0.00022495555020155577,0.00016762010687491628,0.0001839904655585094,9.954217688101788e-05,0.0002660033785469465,0.00015425658614997195,0.0001482697242332926,0.00012850764446557507,8.029807131314778e-05
0.2483030621790161,5.877356795930398e-05,0.0,0.0,0.0,0.0,0.0021541443456879815,0.0001232610945044993,0.00024656036576320027,0.0016718320790033942,0.0,6.561378328889571e-05,1.9472714949957465e-05,0.0,0.0,0.0,0.000294741813493986,0.0,0.0041459430878875445,0.000915860295636346,5.79665142110609e-05,0.00034523987757444855,0.0005539028567441057,0.0,0.0,0.0025179330418127525,0.00042436367983667586,0.0,0.002167945105918528,0.0008064441851030858,0.0027821336322829283,3.9951175233604595e-05,0.0016843263794092344,0.0001034288188373837,0.030445540984368573,0.0,0.003684249734342121,0.0,8.700427362599435e-05,0.0,0.0012570641595292897,4.7167540343955436e-05,9.951858902813602e-05,0.0,0.004219355911383242,1.0829067155044003e-05,0.0003415127543591667,0.0008706824571362778,0.0018524532362889706,0.0,0.0,0.002837389650641653,0.00011788405986645344,0.00030034694678552823,0.0036978172109373127,0.005062203235325179,0.0,0.0019013406075976047,4.353461399715719e-05,0.019976678536344827,0.00037110372638461014,0.0,0.00028273683103009333,0.0018601315110887266,0.004110181214608186,0.0011397375841520733,0.0015629119328292662,0.0006281294016684574,0.0025234627569825268,0.0027785317729287404,0.002617524071203555,0.0022741108511941895,0.0037247708075201853,0.0028913189396056007,0.0020671392011006556,0.00031697406536069134,0.004284226831080402,0.003554381561553654,0.0037249177207743615,0.002893223678455443,0.0018471520781851477,0.0018441273347642824,0.0,0.003291946933281019,3.297028153215657e-05,0.00888114063329622,2.1512286846873326e-06,0.0019702616682813335,0.00508734959995547,0.0014555942490738598,0.0018209873995535806,0.0016575384883211243,0.00030681636940658053,0.0017773206391390871,0.0025715615260565607,3.183576002003591e-05,0.0,0.0,0.0,7.542669459609029e-05,0.0,0.0,0.0,0.0,1.7825085095951844e-05,0.0032201588759841753,0.0014953494153139293,0.0,0.0003540808825656502,0.0008625720495911837,0.010254569909934565,0.0002060354329821524,0.005073161021617678,0.001349013811637349,0.00023062064868183422,0.0020925827174772134,0.0,0.00026326896096625393,0.0004166349467453104,0.0,0.0027018604148716886,0.007463067434925195,0.0009617623924303562,8.8141657348096e-05,0.00037603604606512253,0.0,0.0,0.00010380056581218979,0.0018103576664044124,0.0,0.002826876203920409,0.002160400105896704,0.0,0.0021988460498635035,0.0,0.008792769381431535,3.2104654842740406e-05,0.00021453429648270268,0.0,0.0,0.00039401311195724835,0.005427824692756817,0.0,0.00020250925698941884,0.00040954538082652226,0.0017651062798236213,0.0,0.0,0.00025267079103238,0.0002007370153711861,0.0,0.0023435240948827957,0.0030288638801389514,0.0,0.00787308050577581,0.00037325716507353947,4.212145496555817e-05,0.00022061486528267252,0.00017600156536691727,0.00027962820401457127,3.812286702402208e-05,9.280529545704756e-05,7.375577643290383e-05,0.0002626479227314627,0.00020995191471972748,0.0027504593174429077,0.00011388340399119027,3.025701890812468e-05,0.00012945784749875485,0.00014666954547779717,0.009634335005999962,6.592151499225336e-05,0.00018516447422411845,0.0047736640974383035,4.346358386969704e-06,0.00022495555020155577,0.00016762010687491628,0.0001839904655585094,9.954217688101788e-05,0.0002660033785469465,0.00015425658614997195,0.0001482697242332926,0.00012850764446557507,8.029807131314778e-05
0.24178190393479054,1.0002517765727648e-24,0.0,0.0,0.0,0.0,8.935489370865766e-05,1.4919775396567997e-25,0.0,0.0002797541817997311,0.0,-1.169800169396146e-25,0.0,0.0,0.0,0.0,2.3137745840494424e-24,0.0,0.0003603534821086977,2.324722438456595e-24,7.847947136416296e-05,5.552549566226583e-25,0.0,0.0,0.0,0.00028080653101988137,0.0,0.0,0.00577221551346411,9.893177663430548e-25,3.9940150222268276e-25,-3.044488716358721e-25,0.0002177078570768849,9.060798324390702e-26,3.4957776784585156e-25,0.0,0.00031356735710809337,0.0,-1.7113231048675624e-25,0.0,-7.708468669401972e-25,6.382985742780638e-26,0.0009374202029453928,0.0,0.0,-1.5215579366249305e-25,0.0,0.0034724946193602176,2.7788473111912583e-25,0.0,0.0,6.390680907835817e-26,-3.416092155083073e-25,1.038744722405574e-06,0.00015138568459042423,3.980111482100472e-25,0.0,-2.553319792468737e-25,0.0,2.1325665052395783e-24,7.87435649867921e-25,0.0,0.0011497702695543997,7.09623854620688e-05,1.092229420834334e-24,0.00020664250588486123,-1.9469545428806979e-25,-1.8496030788121313e-25,0.0012170670720474345,2.671207870566233e-25,9.819592785827429e-25,2.378961038008876e-26,0.00020972254392904704,0.0005414937360060572,3.134528768640813e-25,0.0003980438577661522,0.00022361250811240774,0.00010038307813323737,5.456487009221645e-25,0.001672153033640975,0.0008098370340933725,9.392027407254331e-05,0.0,0.0030038831231889705,5.655537610010006e-05,0.0,1.1886987563659075e-05,2.7507021889134366e-25,0.0021838192115824382,0.000630467652615492,0.0,0.000644167646193397,0.001290896624812458,1.8998825469874155e-25,0.0012077696910699613,-8.305011529740106e-26,0.0,0.0,0.0,0.0,0.0,0.0,0.0,0.0,1.8099065380184165e-26,5.0687069060600694e-05,1.8120129796456105e-25,0.0,0.0,4.189665210209432e-25,0.005856749837536393,0.004095076347920145,0.00031912788059956765,-2.3634337228701537e-24,0.0,3.0320025189881324e-25,0.0,0.0,0.0006696903989577267,0.0,0.00010222625376289174,0.00022246932753811568,0.0,-5.820139586881409e-25,3.368109351256954e-05,0.0,0.0,2.4947017482842064e-24,0.0003007578337178301,0.0,1.0694063073627895e-24,6.311766212877761e-05,0.0,3.963032660973879e-25,0.0,-1.7116864857803062e-24,0.0,0.0002986215712486141,0.0,0.0,-3.676172240066343e-28,0.00012832953742312092,0.0,0.00038762986206183827,2.155368666315026e-24,5.305257646771874e-25,0.0,0.0,0.0007476950054055649,0.0008271100406972139,0.0,0.0,9.835228562534811e-26,0.0,0.00035417921668265986,0.0,0.0,0.0,0.0005842902137269092,8.70014956176339e-25,0.0,-2.0478382300164313e-26,0.0,0.0032750096796799705,0.0,0.000320950690117833,0.0,0.0,0.0,0.0,0.0,0.0,0.0,0.0,0.0,0.0,0.0,0.0,0.0,0.0,0.0,0.0,0.0,0.0
0.2483030621790161,5.877356795930398e-05,0.0,0.0,0.0,0.0,0.0021541443456879815,0.0001232610945044993,0.00024656036576320027,0.0016718320790033942,0.0,6.561378328889571e-05,1.9472714949957465e-05,0.0,0.0,0.0,0.000294741813493986,0.0,0.0041459430878875445,0.000915860295636346,5.79665142110609e-05,0.00034523987757444855,0.0005539028567441057,0.0,0.0,0.0025179330418127525,0.00042436367983667586,0.0,0.002167945105918528,0.0008064441851030858,0.0027821336322829283,3.9951175233604595e-05,0.0016843263794092344,0.0001034288188373837,0.030445540984368573,0.0,0.003684249734342121,0.0,8.700427362599435e-05,0.0,0.0012570641595292897,4.7167540343955436e-05,9.951858902813602e-05,0.0,0.004219355911383242,1.0829067155044003e-05,0.0003415127543591667,0.0008706824571362778,0.0018524532362889706,0.0,0.0,0.002837389650641653,0.00011788405986645344,0.00030034694678552823,0.0036978172109373127,0.005062203235325179,0.0,0.0019013406075976047,4.353461399715719e-05,0.019976678536344827,0.00037110372638461014,0.0,0.00028273683103009333,0.0018601315110887266,0.004110181214608186,0.0011397375841520733,0.0015629119328292662,0.0006281294016684574,0.0025234627569825268,0.0027785317729287404,0.002617524071203555,0.0022741108511941895,0.0037247708075201853,0.0028913189396056007,0.0020671392011006556,0.00031697406536069134,0.004284226831080402,0.003554381561553654,0.0037249177207743615,0.002893223678455443,0.0018471520781851477,0.0018441273347642824,0.0,0.003291946933281019,3.297028153215657e-05,0.00888114063329622,2.1512286846873326e-06,0.0019702616682813335,0.00508734959995547,0.0014555942490738598,0.0018209873995535806,0.0016575384883211243,0.00030681636940658053,0.0017773206391390871,0.0025715615260565607,3.183576002003591e-05,0.0,0.0,0.0,7.542669459609029e-05,0.0,0.0,0.0,0.0,1.7825085095951844e-05,0.0032201588759841753,0.0014953494153139293,0.0,0.0003540808825656502,0.0008625720495911837,0.010254569909934565,0.0002060354329821524,0.005073161021617678,0.001349013811637349,0.00023062064868183422,0.0020925827174772134,0.0,0.00026326896096625393,0.0004166349467453104,0.0,0.0027018604148716886,0.007463067434925195,0.0009617623924303562,8.8141657348096e-05,0.00037603604606512253,0.0,0.0,0.00010380056581218979,0.0018103576664044124,0.0,0.002826876203920409,0.002160400105896704,0.0,0.0021988460498635035,0.0,0.008792769381431535,3.2104654842740406e-05,0.00021453429648270268,0.0,0.0,0.00039401311195724835,0.005427824692756817,0.0,0.00020250925698941884,0.00040954538082652226,0.0017651062798236213,0.0,0.0,0.00025267079103238,0.0002007370153711861,0.0,0.0023435240948827957,0.0030288638801389514,0.0,0.00787308050577581,0.00037325716507353947,4.212145496555817e-05,0.00022061486528267252,0.00017600156536691727,0.00027962820401457127,3.812286702402208e-05,9.280529545704756e-05,7.375577643290383e-05,0.0002626479227314627,0.00020995191471972748,0.0027504593174429077,0.00011388340399119027,3.025701890812468e-05,0.00012945784749875485,0.00014666954547779717,0.009634335005999962,6.592151499225336e-05,0.00018516447422411845,0.0047736640974383035,4.346358386969704e-06,0.00022495555020155577,0.00016762010687491628,0.0001839904655585094,9.954217688101788e-05,0.0002660033785469465,0.00015425658614997195,0.0001482697242332926,0.00012850764446557507,8.029807131314778e-05
0.1636546494381534,-8.079640899398459e-26,0.0,0.0,0.0,0.0,0.004174751140069066,-1.8476398740456572e-26,6.499383438329247e-05,0.0013136413314998705,0.0,-1.7888104131316678e-25,-3.343690855237424e-26,0.0,0.0,0.0,-1.9110859759197945e-25,0.0,0.011218030369650401,0.0005353449430167942,-2.0687833610188017e-25,-4.011168891463678e-25,6.287932604932126e-25,0.0,0.0,0.004427309011638309,2.4609461416721223e-25,0.0,0.0026210396098391665,1.243093694998611e-24,0.005400441684861168,-3.414870725617669e-25,0.003980245457224957,-5.401784255869017e-25,0.05383931127872498,0.0,0.007303956360369477,0.0,-8.863702338020464e-27,0.0,-4.675774311778423e-25,-2.960297525023239e-26,-1.3081193283567092e-25,0.0,0.008928937298270977,2.0395739999678364e-26,-8.77773978485225e-27,0.001342933573384157,0.0036182335986946197,0.0,0.0,0.005685507524999009,-1.040216153154184e-25,1.103273275733296e-25,0.008603017720666663,0.009107647887408499,0.0,0.003482656449258942,2.831681479946992e-26,0.048449525435393735,0.0002056500716830643,0.0,0.0009606858638806323,0.0032408299702710005,0.007821154675082665,0.0017459103521451826,0.0026641205175426882,-2.97596960361651e-25,0.0037334186154808838,0.006230777853779499,0.004767123300867151,-2.048911384478209e-24,0.006106899797377948,0.006221845777943509,0.0026219501914016433,-6.095058555095103e-25,0.009610021655563218,0.008261989053586306,0.00702019722509395,0.0065391450128540075,0.0032566707668048086,0.0031352408272545956,0.0,0.007374574434847994,5.434856041358311e-26,0.019205601035727392,-1.3364034067889615e-27,0.00438185852073156,0.007617857509204382,0.0026022803446702453,0.002971683592148122,0.002810701984013389,-1.3217506793003317e-24,0.003593042390115934,0.004891643358081701,-6.577056883087338e-26,0.0,0.0,0.0,-6.680356713833874e-26,0.0,0.0,0.0,0.0,6.068003866752188e-27,0.006273793130174271,0.003102845961553004,0.0,0.0005073133207139404,0.0013594318038408545,0.01702193326871218,-6.326692957946244e-26,0.014719010022383459,0.001075836192722229,-1.7227379854270268e-26,0.0022462659736858146,0.0,3.846643346916914e-25,-7.664457084555614e-25,0.0,0.00678213118949077,0.0094193633208983,-6.069066623928118e-25,-2.8120330818202613e-25,-6.555756158868717e-25,0.0,0.0,-4.820053286543349e-26,0.003923023512702697,0.0,0.005055261944005207,0.0050239729834257885,0.0,0.004551442177301151,0.0,0.013803393836842853,-7.76361532201229e-26,-2.825515206606568e-25,0.0,0.0,8.641170046886316e-25,0.011580935661159072,0.0,0.00026166801387726934,-1.1565574836905556e-24,0.005095081069976349,0.0,0.0,-5.313548911118475e-25,-1.0357818562979187e-24,0.0,0.004958510199178985,0.007830214549747892,0.0,0.014709834582170195,6.792310132463139e-26,5.23599950982103e-25,4.660667010346121e-05,-2.3865792126151374e-25,3.1315454777865645e-25,4.424851525991674e-26,-8.105216910453929e-25,1.4853288910430763e-25,5.619327232391517e-25,-4.1678191244706795e-25,0.006241235996850977,-7.639254545366367e-26,-1.1157851408516797e-25,1.684071049677015e-26,-2.0341716999966567e-25,0.016269398651730868,-1.5522160290000862e-25,3.3656316691609424e-25,0.011493983473000144,9.648738442665365e-27,-3.9638147044985675e-25,1.3723440044643884e-25,-5.16450703866728e-25,9.928771187919498e-27,-3.4013328797422747e-25,-1.6110887807058148e-25,-6.36769029506693e-25,-2.3948083855395664e-25,-2.0888953293942604e-25
0.27015522350496746,9.202345481587872e-05,0.0,0.0,0.0,0.0,0.0004215513952756394,0.00012383204782989536,-6.255312587195014e-26,-1.209217852856424e-24,0.0,2.6988638863401064e-25,3.75189005834112e-26,0.0,0.0,0.0,0.00039675416505494663,0.0,0.00207504957182036,0.0032634414317846464,0.00036258093109378447,-1.5000276397527827e-25,4.50695336652884e-25,0.0,0.0,0.0008796353223983048,4.296023994494537e-26,0.0,0.00030594145173005826,0.001570314712562217,0.0012996521052494805,2.647487713261268e-25,0.000652749576849353,8.079688105918637e-26,0.00882936110762049,0.0,0.0006960986496105211,0.0,0.00023357168138595348,0.0,1.4920511767531742e-24,0.0002859143654711373,0.0003310150525411679,0.0,0.0008101729865029445,-8.843315873627506e-27,0.0004792704080665323,0.011345561142728434,3.2210131118405424e-05,0.0,0.0,0.00042292709606119006,0.00032042016075754673,0.0010465060613966707,0.0004982290306821091,0.0008260608870684883,0.0,6.4353313795836705e-25,4.4932580228638566e-26,0.0006690707613595474,0.0018145524769409436,0.0,0.002520618803220616,0.0002400083369929779,0.0015141897692691531,0.00019805460222904376,0.0001028116211723129,0.0018982060552403715,-2.690529715012502e-25,0.0004910424225348482,0.0017607969913010918,0.0037860829864696773,0.0010658611601886392,0.0014264077064936721,0.00041008069806324404,0.0017216478872472572,0.0004009228991230997,0.00011766180968337446,0.0009580576395432268,0.001348732539715533,0.0003916139988947176,0.000352489446767393,0.0,0.0003336936633556531,0.00016807796643974614,0.003044778207231406,1.05392077592316e-27,0.0004697332568471047,0.0012519559411570008,0.00012751315523040554,7.630566344259681e-28,0.0004688011507560556,0.0010888752914451072,0.0004768652847888255,0.0002573619528864619,6.24682665394904e-26,0.0,0.0,0.0,-2.0402005316202493e-25,0.0,0.0,0.0,0.0,1.0901968254098242e-26,0.0003698216232221534,0.002836570465540972,0.0,0.0008298117116136796,0.00018278619008905224,0.0015729792346768799,0.00045849298502732014,0.00028758117389401206,0.0016057155366134416,4.1254049088060747e-25,1.743931487976321e-25,0.0,0.00011703940702889284,3.0689670465872682e-25,0.0,0.0003039185637553903,0.00048536051862815204,7.810441541697621e-25,0.0005718113980534889,0.0008341693149853687,0.0,0.0,0.000126438982724215,0.00029063753921813407,0.0,1.476545518106553e-25,0.0003360880851402298,0.0,0.0009891052157241318,0.0,0.0028709780338608795,7.274991605326882e-26,0.00017445447440317467,0.0,0.0,0.0008084433497841423,0.001995729650888917,0.0,0.00010022782868097719,0.0006585620969209937,0.001401194267281888,0.0,0.0,0.00020123719851074197,0.0007232515623773061,0.0,1.742209459519322e-05,0.005467626673269071,0.0,0.001588054042612217,-1.845615241445067e-25,-1.103952700815357e-26,4.9447077503834345e-25,1.4108378774902779e-25,3.2579703190325485e-25,1.3717714530525593e-26,0.0005941738539386023,2.1234538029611163e-26,-3.826543528334264e-25,2.0767180014963883e-25,0.0007674583123281821,-1.2175906992655362e-26,5.364029436969954e-26,-2.387878695804548e-25,9.003071954719185e-27,5.323353640241077e-28,-3.6261748806868124e-25,4.9040308201928285e-25,5.788849707477001e-25,3.993988097084352e-26,-9.083056412172461e-26,1.0556069297898124e-25,-4.914442957116623e-25,7.523431311635722e-05,5.551078537687587e-25,3.3288782477569706e-26,2.024192499566013e-25,-2.172210096307385e-25,-6.171578008544809e-26
0.51791296563911,-1.3379213055591726e-28,0.0,0.0,0.0,0.0,6.649998323986266e-28,2.8308605796511304e-06,0.0,4.598329469202898e-06,0.0,3.841995663652127e-06,0.0,0.0,0.0,0.0,2.0313874595843485e-26,0.0,3.191202654505576e-05,1.0800252813820534e-27,3.551988696188814e-06,1.4793323867360692e-05,0.0,0.0,0.0,3.972172383384734e-06,0.0,0.0,1.9356344142564478e-05,6.893553259525478e-05,1.691480448264768e-05,2.6998148275958634e-05,1.7042670596381532e-27,3.9753208497929435e-05,7.394701340708096e-27,0.0,1.7449775630822546e-06,0.0,9.836504347174704e-28,0.0,-2.026872005886124e-26,7.966801358753818e-07,-5.050175259407101e-27,0.0,0.0,2.4328681964521135e-27,0.0,3.0200887512299277e-26,1.1276236637624588e-06,0.0,0.0,1.1857519179095303e-27,-8.304540699339556e-27,1.9183452206536806e-05,1.783393257805665e-27,1.5159663276363697e-26,0.0,2.09172254965851e-27,0.0,4.2600994474478363e-26,-3.1514453848559187e-27,0.0,1.2558019329945786e-06,-3.4574054263864434e-27,-5.1145137446627014e-27,2.138074760347451e-27,3.4500017684001863e-06,-2.8587242580334303e-28,-1.1164726396496874e-26,2.2464970865957568e-05,-6.778889698095812e-27,4.3077552177919194e-05,-5.641436485690066e-26,1.1599462457174846e-26,-1.119159860294498e-27,1.1838908136576764e-05,3.244081164269033e-28,-4.3004601942085424e-27,8.243643638218464e-06,7.951518528966496e-27,1.0539233369834247e-05,3.092503477036468e-27,0.0,-3.766001148728951e-27,-1.4185628803851638e-27,0.0,-2.662239492369653e-29,-1.0614821669188408e-27,5.703665314926681e-05,-2.091208482492846e-27,7.225341451076853e-07,-1.1141933676734664e-26,2.0056143064358112e-05,-1.7973885053865928e-27,-8.301247441677991e-28,3.862409126440063e-27,0.0,0.0,0.0,0.0,0.0,0.0,0.0,0.0,2.2435999546851243e-28,-1.9315926579010182e-27,9.52689323654798e-28,0.0,5.851271547728743e-28,2.5916653027700883e-06,2.9803026978910306e-05,9.291537045310896e-06,1.974002374544975e-06,2.28041505634975e-05,0.0,-2.5235597587741527e-27,0.0,0.0,-5.612946923163775e-27,0.0,6.721569568407734e-27,1.1557741759317554e-05,0.0,7.0693751661602836e-06,-3.0640184567822346e-26,0.0,0.0,-1.550060179502779e-26,2.3866178738557117e-06,0.0,1.917370255957511e-26,-2.21522491697486e-27,0.0,2.3437225232791725e-06,0.0,1.4627220507025172e-27,0.0,-5.741579413107026e-27,0.0,0.0,-9.109345099362878e-27,2.997507817376866e-07,0.0,-4.45882299117713e-27,-5.785731914974461e-26,1.9022413174412214e-06,0.0,0.0,-1.7253531934814825e-27,2.490739442532601e-05,0.0,0.0,8.504924572195299e-06,0.0,-2.9271452287555305e-27,0.0,0.0,0.0,-8.674734825348308e-27,3.1758357948528506e-06,0.0,5.947108391056721e-06,0.0,4.6140951093496595e-29,0.0,5.640038644586756e-07,0.0,0.0,0.0,0.0,0.0,0.0,0.0,0.0,0.0,0.0,0.0,0.0,0.0,0.0,0.0,0.0,0.0,0.0
0.28827324859831016,6.697331121253503e-25,0.0,0.0,0.0,0.0,0.001001741904861697,1.1569816349386315e-25,0.0,0.0008300676346919744,0.0,5.457349708543397e-25,0.0,0.0,0.0,0.0,5.054948009848493e-05,0.0,0.002651525942026907,0.0015114664593390463,1.2933871499901315e-24,0.002744025012616167,0.0,0.0,0.0,0.0017135833513115387,0.0,0.0,0.0007373827940078175,0.0017166831262701615,0.00014814906497361726,4.764012166584811e-25,0.0005037795662470525,9.06997127442681e-25,8.300220271901518e-24,0.0,4.238651698630129e-05,0.0,1.9744846095763016e-06,0.0,0.009313175190299252,0.0005946417083485207,0.0005746490270204929,0.0,0.000126733215296467,2.714922696172267e-25,0.0,8.109059834397393e-25,0.00039478598814836,0.0,0.0,8.34947839329286e-25,0.0007650064208885595,0.001204528469711751,0.001575211005376537,1.1639464461905832e-24,0.0,0.0004987080976158571,0.0,0.00097288344201479,1.0861044552817329e-24,0.0,0.0005985806302797479,9.148246234184935e-05,0.005244939970486156,0.00010702669999791936,7.168378453224949e-05,4.03686873467151e-24,0.00028244508125049845,0.001135728144319418,0.00013182882627055988,0.013461431330650753,0.0015267216204714273,5.7322375036695395e-05,0.0010624282203040387,0.001450576181807302,0.0002941783619994954,0.0003740613863460549,4.858979798373632e-05,0.0017379799906571706,5.919288080975333e-25,3.000783871861779e-25,0.0,0.0018584256821216616,1.0705473924370264e-24,0.001115737310423407,9.328846369607953e-27,0.0006675788697876791,0.00022512216775349796,4.717346207269273e-05,0.0019950527721801386,1.3822966678875986e-24,0.0018332656779026237,4.144445399102572e-25,0.00041514031641919557,5.543922705975742e-25,0.0,0.0,0.0,0.0,0.0,0.0,0.0,0.0,1.5446278657202848e-26,5.457487714224082e-05,0.00010611900310050018,0.0,0.002255249447246924,0.0003552812553105038,0.0030891170534772345,5.388245982906864e-05,0.0002469588695417051,-7.047636207899356e-25,0.0,0.0017514880915473123,0.0,0.0,0.004824529101741314,0.0,2.352782260911707e-24,0.0013484920404546676,0.0,1.2141583641141721e-24,0.00016130237094883217,0.0,0.0,0.0007034539487070512,0.0006499530761265039,0.0,5.507716704084185e-25,0.0001300265840990119,0.0,0.0006700660195631743,0.0,0.00251328621131134,0.0,0.0015721427356643202,0.0,0.0,2.1428048773013838e-24,0.0020749879224744197,0.0,1.6276803358695485e-24,0.004879636269696079,0.00133486992214803,0.0,0.0,0.001300874286424389,2.406393852816953e-24,0.0,0.0,0.0014666071723988794,0.0,0.0006899454020003276,0.0,0.0,0.0015822069545705889,3.752785384674892e-05,0.00012683457832901894,0.0,2.245990693549242e-24,0.0,0.0009190407164293001,0.0,0.0011082600290049278,0.0,0.0,0.0,0.0,3.6711452262064093e-31,0.0,0.0,0.0002965045192141994,0.0,0.0,0.0,0.0,0.0,0.0,0.0,0.0,0.0,0.0
0.1445412748733193,0.0,0.0,0.0,0.0,0.0,2.502519625283555e-25,0.0,1.087526264308737e-25,2.5915492697808564e-25,0.0,0.0,2.4253397681259398e-25,0.0,0.0,0.0,0.0,0.0,0.00023374881920993417,0.0005609215664064344,0.0,0.0,0.00043804918021431654,0.0,0.0,0.00022574581336059243,0.0019047645349051401,0.0,0.0,0.0,0.002465383826544923,0.0,1.491048869691802e-25,0.0,0.0004731473150614336,0.0,0.0005261324270814944,0.0,0.0,0.0,0.0,0.0,0.0,0.0,0.00011450712623011061,0.0,0.0016148693345957932,0.0,3.1391167677801516e-25,0.0,0.0,0.00033310290799068166,0.0,0.0,1.4130972953328364e-25,-1.4424142368075136e-25,0.0,0.00044503239398948475,1.1682755270141458e-05,0.0,0.0001820666591768785,0.0,0.0,0.00021415510834872523,-1.970609921660126e-25,3.444656429110078e-26,0.0003164756835409351,-9.220634771897012e-26,0.0,0.0005140271995232331,0.0005315850840823871,0.0,8.08337234338461e-26,0.00030994687032599114,6.601846098100735e-25,0.0,0.0,0.0004402215548381434,-9.461047468898194e-26,0.0009484864366111989,3.1491670010633777e-25,6.165292249873314e-05,0.0,1.3547736504958107e-25,0.0,0.0009713127650357363,0.0,0.000280682979011918,-1.0920002374964917e-25,9.05842950261426e-05,0.000624135703496518,0.0003098265803825695,0.0,1.7501523231454893e-25,0.0,0.0,0.0,0.0,0.0,0.00031790349825100797,0.0,0.0,0.0,0.0,0.0,0.0002114628897534393,0.0,0.0,0.0,2.2350824347266865e-26,0.0003673825535123394,0.0,2.814381144074519e-25,0.0,9.564776350987167e-25,0.0,0.0,0.0006167635587459689,0.0,0.0,0.0,3.942387710074091e-25,0.0007842194777779745,0.0,0.00021693683171626916,0.0,0.0,0.0,0.00010944613769230784,0.0,0.00015399224233058766,0.00039235441502929596,0.0,0.00024106266069048645,0.0,6.8512206685859435e-25,1.1186604199459177e-25,0.0,0.0,0.0,0.0012323318311402644,5.322070994797152e-25,0.0,0.0,0.0,0.0,0.0,0.0,3.485798174386987e-25,0.0,0.0,5.262272241047177e-25,0.0,0.0,0.00015420523521707035,0.002466087937948464,-3.3503126671003343e-25,0.0,0.0,0.003031288520592834,2.206337522315649e-25,0.0,7.979497522887386e-25,0.0,0.00036875656926720567,0.00017901225093115139,3.041378703656891e-26,1.4104826904316853e-25,-7.198790525827857e-25,0.00046171682471426946,0.006003003000482768,1.4094694789029118e-24,-3.3830584588255048e-25,0.00012294722227135035,4.8875654830072295e-26,-6.070158474043176e-27,0.00068010750981912,0.0007460282936910267,0.0,3.183322007987911e-25,1.5172018246563264e-25,4.066640117970581e-25,0.0006771208070135497,9.298574055964565e-26
0.2483030621790161,5.877356795930398e-05,0.0,0.0,0.0,0.0,0.0021541443456879815,0.0001232610945044993,0.00024656036576320027,0.0016718320790033942,0.0,6.561378328889571e-05,1.9472714949957465e-05,0.0,0.0,0.0,0.000294741813493986,0.0,0.0041459430878875445,0.000915860295636346,5.79665142110609e-05,0.00034523987757444855,0.0005539028567441057,0.0,0.0,0.0025179330418127525,0.00042436367983667586,0.0,0.002167945105918528,0.0008064441851030858,0.0027821336322829283,3.9951175233604595e-05,0.0016843263794092344,0.0001034288188373837,0.030445540984368573,0.0,0.003684249734342121,0.0,8.700427362599435e-05,0.0,0.0012570641595292897,4.7167540343955436e-05,9.951858902813602e-05,0.0,0.004219355911383242,1.0829067155044003e-05,0.0003415127543591667,0.0008706824571362778,0.0018524532362889706,0.0,0.0,0.002837389650641653,0.00011788405986645344,0.00030034694678552823,0.0036978172109373127,0.005062203235325179,0.0,0.0019013406075976047,4.353461399715719e-05,0.019976678536344827,0.00037110372638461014,0.0,0.00028273683103009333,0.0018601315110887266,0.004110181214608186,0.0011397375841520733,0.0015629119328292662,0.0006281294016684574,0.0025234627569825268,0.0027785317729287404,0.002617524071203555,0.0022741108511941895,0.0037247708075201853,0.0028913189396056007,0.0020671392011006556,0.00031697406536069134,0.004284226831080402,0.003554381561553654,0.0037249177207743615,0.002893223678455443,0.0018471520781851477,0.0018441273347642824,0.0,0.003291946933281019,3.297028153215657e-05,0.00888114063329622,2.1512286846873326e-06,0.0019702616682813335,0.00508734959995547,0.0014555942490738598,0.0018209873995535806,0.0016575384883211243,0.00030681636940658053,0.0017773206391390871,0.0025715615260565607,3.183576002003591e-05,0.0,0.0,0.0,7.542669459609029e-05,0.0,0.0,0.0,0.0,1.7825085095951844e-05,0.0032201588759841753,0.0014953494153139293,0.0,0.0003540808825656502,0.0008625720495911837,0.010254569909934565,0.0002060354329821524,0.005073161021617678,0.001349013811637349,0.00023062064868183422,0.0020925827174772134,0.0,0.00026326896096625393,0.0004166349467453104,0.0,0.0027018604148716886,0.007463067434925195,0.0009617623924303562,8.8141657348096e-05,0.00037603604606512253,0.0,0.0,0.00010380056581218979,0.0018103576664044124,0.0,0.002826876203920409,0.002160400105896704,0.0,0.0021988460498635035,0.0,0.008792769381431535,3.2104654842740406e-05,0.00021453429648270268,0.0,0.0,0.00039401311195724835,0.005427824692756817,0.0,0.00020250925698941884,0.00040954538082652226,0.0017651062798236213,0.0,0.0,0.00025267079103238,0.0002007370153711861,0.0,0.0023435240948827957,0.0030288638801389514,0.0,0.00787308050577581,0.00037325716507353947,4.212145496555817e-05,0.00022061486528267252,0.00017600156536691727,0.00027962820401457127,3.812286702402208e-05,9.280529545704756e-05,7.375577643290383e-05,0.0002626479227314627,0.00020995191471972748,0.0027504593174429077,0.00011388340399119027,3.025701890812468e-05,0.00012945784749875485,0.00014666954547779717,0.009634335005999962,6.592151499225336e-05,0.00018516447422411845,0.0047736640974383035,4.346358386969704e-06,0.00022495555020155577,0.00016762010687491628,0.0001839904655585094,9.954217688101788e-05,0.0002660033785469465,0.00015425658614997195,0.0001482697242332926,0.00012850764446557507,8.029807131314778e-05
0.2483030621790161,5.877356795930398e-05,0.0,0.0,0.0,0.0,0.0021541443456879815,0.0001232610945044993,0.00024656036576320027,0.0016718320790033942,0.0,6.561378328889571e-05,1.9472714949957465e-05,0.0,0.0,0.0,0.000294741813493986,0.0,0.0041459430878875445,0.000915860295636346,5.79665142110609e-05,0.00034523987757444855,0.0005539028567441057,0.0,0.0,0.0025179330418127525,0.00042436367983667586,0.0,0.002167945105918528,0.0008064441851030858,0.0027821336322829283,3.9951175233604595e-05,0.0016843263794092344,0.0001034288188373837,0.030445540984368573,0.0,0.003684249734342121,0.0,8.700427362599435e-05,0.0,0.0012570641595292897,4.7167540343955436e-05,9.951858902813602e-05,0.0,0.004219355911383242,1.0829067155044003e-05,0.0003415127543591667,0.0008706824571362778,0.0018524532362889706,0.0,0.0,0.002837389650641653,0.00011788405986645344,0.00030034694678552823,0.0036978172109373127,0.005062203235325179,0.0,0.0019013406075976047,4.353461399715719e-05,0.019976678536344827,0.00037110372638461014,0.0,0.00028273683103009333,0.0018601315110887266,0.004110181214608186,0.0011397375841520733,0.0015629119328292662,0.0006281294016684574,0.0025234627569825268,0.0027785317729287404,0.002617524071203555,0.0022741108511941895,0.0037247708075201853,0.0028913189396056007,0.0020671392011006556,0.00031697406536069134,0.004284226831080402,0.003554381561553654,0.0037249177207743615,0.002893223678455443,0.0018471520781851477,0.0018441273347642824,0.0,0.003291946933281019,3.297028153215657e-05,0.00888114063329622,2.1512286846873326e-06,0.0019702616682813335,0.00508734959995547,0.0014555942490738598,0.0018209873995535806,0.0016575384883211243,0.00030681636940658053,0.0017773206391390871,0.0025715615260565607,3.183576002003591e-05,0.0,0.0,0.0,7.542669459609029e-05,0.0,0.0,0.0,0.0,1.7825085095951844e-05,0.0032201588759841753,0.0014953494153139293,0.0,0.0003540808825656502,0.0008625720495911837,0.010254569909934565,0.0002060354329821524,0.005073161021617678,0.001349013811637349,0.00023062064868183422,0.0020925827174772134,0.0,0.00026326896096625393,0.0004166349467453104,0.0,0.0027018604148716886,0.007463067434925195,0.0009617623924303562,8.8141657348096e-05,0.00037603604606512253,0.0,0.0,0.00010380056581218979,0.0018103576664044124,0.0,0.002826876203920409,0.002160400105896704,0.0,0.0021988460498635035,0.0,0.008792769381431535,3.2104654842740406e-05,0.00021453429648270268,0.0,0.0,0.00039401311195724835,0.005427824692756817,0.0,0.00020250925698941884,0.00040954538082652226,0.0017651062798236213,0.0,0.0,0.00025267079103238,0.0002007370153711861,0.0,0.0023435240948827957,0.0030288638801389514,0.0,0.00787308050577581,0.00037325716507353947,4.212145496555817e-05,0.00022061486528267252,0.00017600156536691727,0.00027962820401457127,3.812286702402208e-05,9.280529545704756e-05,7.375577643290383e-05,0.0002626479227314627,0.00020995191471972748,0.0027504593174429077,0.00011388340399119027,3.025701890812468e-05,0.00012945784749875485,0.00014666954547779717,0.009634335005999962,6.592151499225336e-05,0.00018516447422411845,0.0047736640974383035,4.346358386969704e-06,0.00022495555020155577,0.00016762010687491628,0.0001839904655585094,9.954217688101788e-05,0.0002660033785469465,0.00015425658614997195,0.0001482697242332926,0.00012850764446557507,8.029807131314778e-05
0.24865192323747312,9.640262221896914e-26,0.0,0.0,0.0,0.0,0.002650791694955413,8.49614646463356e-06,9.894848363104607e-26,0.0036958182205103583,0.0,8.114236099561686e-25,1.788719375053885e-25,0.0,0.0,0.0,7.798302430157117e-25,0.0,0.004092864382446575,2.8683256082705633e-25,1.0865635779624891e-25,0.00021073024306087607,1.0245756597290136e-24,0.0,0.0,0.004656649046893839,9.332098725092656e-25,0.0,0.004560680074726157,0.0029757629690910573,0.005776003239357662,1.7361537398770465e-05,0.0031269361170603665,0.0003315415410801112,0.03842825107110255,0.0,0.0061129687833139015,0.0,4.536565335403079e-26,0.0,1.5244469907968014e-24,3.3658534297948357e-25,8.978419080836732e-26,0.0,0.006913979689472192,4.486280633901429e-26,0.0003140952219477819,0.00024505079233001813,0.0026126988177140845,0.0,0.0,0.0023810233096975986,0.00012900509859927226,4.966367381080936e-27,0.00405099339722835,0.005543749448489603,0.0,0.0026875340069360413,3.5976303880422104e-25,0.04317718575500752,8.793052391029508e-05,0.0,6.664316925272705e-25,0.002197327002236073,0.006971124270260408,0.0019958212234103866,0.002398256343859429,4.734465127701452e-24,0.0035004125182823546,0.0028480976354821304,0.0038536288940563927,3.7720646037408524e-05,0.004565413579316801,0.0044615129702382395,0.0032725470237125243,0.00045081359392953294,0.003087309400396449,0.0059227353561165895,0.0046789834538819184,0.004773807992051662,0.0038922545588394738,0.0015218396940349663,0.0,0.004426497328501841,2.4172277919066776e-25,0.010285418625166893,6.859084151987767e-27,0.0029781419790090393,0.006377988792969018,0.001660696273220521,0.003130426451159228,0.0023202994978709797,0.0004761923254397921,0.0021041667201083056,0.0038765766376495526,4.770457441178203e-05,0.0,0.0,0.0,4.012551535494457e-25,0.0,0.0,0.0,0.0,2.964671156795947e-05,0.002918844064737651,0.002402597501563882,0.0,0.00027070717775296314,0.0012016790375775918,0.015998277334995665,0.00010411293366363372,0.005128760374465758,1.3773068003705017e-24,6.7252990683327625e-25,0.002960053426920935,0.0,0.00027181730021744096,2.458565921032401e-25,0.0,0.003998631604951767,0.01308839087031908,0.0021734149017677263,-3.8538993339315047e-26,0.0002180281861982979,0.0,0.0,2.1877869003619613e-25,0.0020233198128515994,0.0,0.005944070310337306,0.0028301916360102632,0.0,0.005022930101334432,0.0,0.01794095319276374,1.8803437055976695e-25,9.043878156494889e-05,0.0,0.0,1.2668140877252195e-24,0.011951006562532786,0.0,0.0002083405424867786,5.247249645228907e-25,0.0032820305704569365,0.0,0.0,6.884749228081384e-25,6.390868504460156e-25,0.0,0.0046458325714322625,0.0027422029993099247,0.0,0.009879302999475995,7.232017024420057e-25,-7.601951347964172e-28,0.00034217293288440706,2.907803697008225e-25,8.56564656471243e-25,7.310948357005277e-26,4.110440247851907e-25,3.7786866511522497e-25,1.0207482559390202e-24,8.146531935665592e-25,0.0036044817739753435,3.66014812000414e-25,1.3243952723773515e-25,2.4310189153524807e-25,2.5455602598028733e-25,0.020955508858598353,4.034705465639651e-25,8.798403751724207e-25,0.004028193591883886,2.069821720572128e-26,5.463136719017159e-06,3.788360675490583e-25,4.159642209337418e-25,1.0123735543618338e-25,4.1382566952260665e-25,4.114987633310205e-25,3.66457710442976e-25,6.210538831190141e-25,7.852155384897346e-26
0.4189943572211672,0.0,0.0,0.0,0.0,0.0,-7.17746738091189e-25,0.0,7.065262301323272e-05,0.0007318658658384282,0.0,0.0,-1.4123231671466863e-25,0.0,0.0,0.0,0.0,0.0,-2.397291870266958e-25,0.0021678827302258168,0.0,0.0,0.0042537166260536614,0.0,0.0,0.001458381591355728,0.002459655986261888,0.0,0.0,0.0,-1.723588150874278e-24,0.0,0.0008605839396557856,0.0,0.0004932232489555336,0.0,0.0012083770513368244,0.0,0.0,0.0,0.0,0.0,0.0,0.0,0.0007395091471996888,0.0,0.001135006107554308,0.0,-6.876424558600095e-25,0.0,0.0,0.0010383974042418409,0.0,0.0,0.0002737204562251593,-1.2181045072551064e-24,0.0,0.00031080195411519867,-2.597021868165228e-25,0.0,-1.6256137399086419e-24,0.0,0.0,0.0011996183770489085,0.000630127329466467,0.0005766192879130367,0.0005170818849989926,0.0013342019779673628,0.0,0.0028345680015430664,0.000587183499108675,0.0,0.002872707815266663,-1.7892215373255554e-24,0.0006041686458011337,0.0,0.0,-5.85248502623137e-25,0.0034533872336907747,-8.07320365398139e-25,-2.403023670957271e-26,0.0007302836986074426,0.0,4.5824845353560285e-26,0.0,0.009205406615259815,0.0,0.00042976352043396854,0.002342737261200942,5.284499822914089e-05,0.0018615448091615471,0.0002137136096590122,0.0,2.5535940864873745e-05,6.403638958065943e-27,0.0,0.0,0.0,0.0,-8.590361102156293e-25,0.0,0.0,0.0,0.0,0.0,-1.859848878511134e-24,0.0,0.0,0.0,0.00020838436295340687,0.00027029951910088505,0.0,0.00012350529673843695,0.0,0.001342490879442817,0.0,0.0,0.0015765330114066065,0.0,0.0,0.0,0.0007234234714199176,0.0032873943323034607,0.0,7.016723868364e-05,0.0,0.0,0.0,7.176213046051282e-05,0.0,0.0003354149019161439,0.0009050306446242601,0.0,0.0007072152961955791,0.0,0.001450924736341083,0.0006268949405679113,0.0,0.0,0.0,0.0025637320931789684,0.0021968599447744807,0.0,0.0,0.0,0.0,0.0,0.0,0.0009212648306077432,0.0,0.0,0.002423748090568542,0.0,0.0,0.0011931390096923988,0.0038000652456012373,-1.513135901200195e-25,0.0,0.0,-1.932394884967272e-24,0.0009972666371468389,0.0,-1.0586552630073238e-25,0.0,0.00046169783946750767,0.0007957365326099815,-9.102218363692091e-25,0.00037251448912972235,6.858448590842249e-05,0.00018460463241435187,-1.0028133291889086e-24,1.0256185534294003e-24,-1.1391206379512722e-24,0.0072840709747812125,2.2266980996564668e-05,0.00042882249339457436,0.00114345470635719,0.0020061789091211117,2.4028770978297427e-05,0.001864918166489563,0.00028351077930666006,-3.952051642653195e-25,0.0010902525736153884,-2.0504223203071222e-25
0.2483030621790161,5.877356795930398e-05,0.0,0.0,0.0,0.0,0.0021541443456879815,0.0001232610945044993,0.00024656036576320027,0.0016718320790033942,0.0,6.561378328889571e-05,1.9472714949957465e-05,0.0,0.0,0.0,0.000294741813493986,0.0,0.0041459430878875445,0.000915860295636346,5.79665142110609e-05,0.00034523987757444855,0.0005539028567441057,0.0,0.0,0.0025179330418127525,0.00042436367983667586,0.0,0.002167945105918528,0.0008064441851030858,0.0027821336322829283,3.9951175233604595e-05,0.0016843263794092344,0.0001034288188373837,0.030445540984368573,0.0,0.003684249734342121,0.0,8.700427362599435e-05,0.0,0.0012570641595292897,4.7167540343955436e-05,9.951858902813602e-05,0.0,0.004219355911383242,1.0829067155044003e-05,0.0003415127543591667,0.0008706824571362778,0.0018524532362889706,0.0,0.0,0.002837389650641653,0.00011788405986645344,0.00030034694678552823,0.0036978172109373127,0.005062203235325179,0.0,0.0019013406075976047,4.353461399715719e-05,0.019976678536344827,0.00037110372638461014,0.0,0.00028273683103009333,0.0018601315110887266,0.004110181214608186,0.0011397375841520733,0.0015629119328292662,0.0006281294016684574,0.0025234627569825268,0.0027785317729287404,0.002617524071203555,0.0022741108511941895,0.0037247708075201853,0.0028913189396056007,0.0020671392011006556,0.00031697406536069134,0.004284226831080402,0.003554381561553654,0.0037249177207743615,0.002893223678455443,0.0018471520781851477,0.0018441273347642824,0.0,0.003291946933281019,3.297028153215657e-05,0.00888114063329622,2.1512286846873326e-06,0.0019702616682813335,0.00508734959995547,0.0014555942490738598,0.0018209873995535806,0.0016575384883211243,0.00030681636940658053,0.0017773206391390871,0.0025715615260565607,3.183576002003591e-05,0.0,0.0,0.0,7.542669459609029e-05,0.0,0.0,0.0,0.0,1.7825085095951844e-05,0.0032201588759841753,0.0014953494153139293,0.0,0.0003540808825656502,0.0008625720495911837,0.010254569909934565,0.0002060354329821524,0.005073161021617678,0.001349013811637349,0.00023062064868183422,0.0020925827174772134,0.0,0.00026326896096625393,0.0004166349467453104,0.0,0.0027018604148716886,0.007463067434925195,0.0009617623924303562,8.8141657348096e-05,0.00037603604606512253,0.0,0.0,0.00010380056581218979,0.0018103576664044124,0.0,0.002826876203920409,0.002160400105896704,0.0,0.0021988460498635035,0.0,0.008792769381431535,3.2104654842740406e-05,0.00021453429648270268,0.0,0.0,0.00039401311195724835,0.005427824692756817,0.0,0.00020250925698941884,0.00040954538082652226,0.0017651062798236213,0.0,0.0,0.00025267079103238,0.0002007370153711861,0.0,0.0023435240948827957,0.0030288638801389514,0.0,0.00787308050577581,0.00037325716507353947,4.212145496555817e-05,0.00022061486528267252,0.00017600156536691727,0.00027962820401457127,3.812286702402208e-05,9.280529545704756e-05,7.375577643290383e-05,0.0002626479227314627,0.00020995191471972748,0.0027504593174429077,0.00011388340399119027,3.025701890812468e-05,0.00012945784749875485,0.00014666954547779717,0.009634335005999962,6.592151499225336e-05,0.00018516447422411845,0.0047736640974383035,4.346358386969704e-06,0.00022495555020155577,0.00016762010687491628,0.0001839904655585094,9.954217688101788e-05,0.0002660033785469465,0.00015425658614997195,0.0001482697242332926,0.00012850764446557507,8.029807131314778e-05
0.16461542763757173,-2.045450088411143e-25,0.0,0.0,0.0,0.0,0.00601810938289204,2.75344296875944e-26,0.0,0.006269718303404977,0.0,7.316293717994639e-05,0.0,0.0,0.0,0.0,1.2362662623453732e-25,0.0,0.005984584605771155,0.0011183084033391606,-2.0613842953283574e-25,0.00017394425215278976,0.0,0.0,0.0,0.004876861180702652,0.0,0.0,0.008429931698890926,0.005229465460545776,0.008823722515282146,1.0402051422740703e-25,0.006843749764990041,-1.7693064311725875e-25,0.026506932687546707,0.0,0.016056284558831447,0.0,3.2835628588951066e-26,0.0,1.5097967498161036e-24,-5.171328127572408e-25,0.0007852637463794777,0.0,0.011117211251575412,5.382269296372282e-27,0.0,0.0007254534470315701,0.0050268618656406396,0.0,0.0,0.008656712669134762,-6.258260228950313e-26,-3.6722291329010896e-25,0.007769354724891131,0.014651051701931456,0.0,0.005871684489543287,0.0,0.09766428184747657,-1.0658130426069918e-25,0.0,-3.704540981846438e-25,0.0051888281397013776,0.007389717626156402,0.00244189091657755,0.0014719454196980308,1.3440986769910436e-24,0.007821951727329482,0.010347666485627833,0.006425364859361815,-7.718020990364072e-25,0.007117732216786937,0.007396983880353788,0.008377647932137603,-2.374775746173426e-25,0.013581305546558982,0.008566566103344142,0.006953627467207135,0.008658118975619581,0.008255048425061645,0.003020534229130696,0.0,0.009917250574856156,-5.00491476065448e-26,0.016551034921015544,-1.7978444333668257e-27,0.008219099641834869,0.006340335746539137,0.00279413819702788,0.005829943590482059,0.004704086804290802,0.0005888983402520088,0.004436501475055846,0.0044725193295967695,5.743038939709504e-26,0.0,0.0,0.0,0.0,0.0,0.0,0.0,0.0,9.346391912774173e-28,0.009973054540978857,0.003291173204635306,0.0,-1.5223271550736918e-25,0.002098930244844619,0.03182446628859737,0.00034940194469346484,0.01522789373172037,0.0025024415156803554,0.0,8.247444686076883e-26,0.0,0.0,1.287997847790157e-24,0.0,0.0064045300364751305,0.015889983012660182,-1.4742354426453625e-26,-6.322407935216368e-25,-4.036605716987762e-25,0.0,0.0,0.0004783765338156474,0.004305844484884609,0.0,0.0115559943375736,0.004343169685538291,0.0,0.007755523996755136,0.0,0.029604525341489607,0.0,-4.1568102234343425e-28,0.0,0.0,-3.8771624283338895e-25,0.018489691347384762,0.0,-3.635798805130188e-25,4.4160309034755375e-25,0.003809356033583687,0.0,0.0,-2.895253748605844e-25,-3.5439745908051535e-24,0.0,0.005976562647219548,0.007855473647253574,0.0,0.021309038247405584,0.0,0.0,1.0208826761673038e-05,0.0010467670159022484,3.783771654920077e-26,0.0,-4.445907119047325e-26,0.0,1.3144605768578372e-24,0.0,0.005780757281348672,0.0,0.0,0.0,0.0,0.0361604101098887,0.0,0.0,0.016333206170098077,0.0,0.0,0.0,0.0,-1.3965250803790185e-26,0.0,0.0,0.0,0.0,0.0
0.17288945875554168,-1.3942365199412836e-25,0.0,0.0,0.0,0.0,0.00012034891257333577,-1.06682082910788e-26,0.0,0.00025360629979834606,0.0,2.9097169461819313e-25,0.0,0.0,0.0,0.0,-5.0657408243876054e-26,0.0,8.496260142359356e-05,0.0007975963666787821,3.837107269872684e-05,0.0003257190069565088,0.0,0.0,0.0,0.0001840005742824594,0.0,0.0,0.0031206210014064423,0.004356417472958391,0.0001521702495563549,-3.4456873147463936e-26,-7.22138184655676e-25,-5.273083393917484e-26,0.004385227066170252,0.0,0.0006177353537577047,0.0,8.376295437939359e-27,0.0,4.670781430865258e-25,-3.739866723495168e-25,7.599753865782692e-05,0.0,0.00010746470126036526,-3.0929867840410525e-26,0.0,0.0002027331803475679,0.00043160510932320375,0.0,0.0,0.0008497269960995293,0.0004358409302480195,-4.571056997094534e-25,0.0007956721214430365,0.000523090651206345,0.0,1.5175475320739895e-25,0.0,0.005065253538266452,0.0003202738170009692,0.0,0.0007583546280719787,-6.174132517840606e-26,0.002805593942308993,0.0003277732165620644,-8.10810444726134e-26,0.0024331686526721853,0.00013214240664451748,7.62064305548745e-05,0.0002042489435171071,-4.623414898886761e-25,-2.608176299580407e-24,0.00027554136881517173,0.0009354383364153732,9.10123605088534e-05,-7.678814890163229e-25,-5.336888901406052e-26,0.00021571878230731466,0.0008926703593397768,0.0002389414517699288,6.645809372400479e-26,0.0,-2.0042750807184578e-25,-2.5711717235674247e-25,0.0030826056359763987,-1.0624324222881738e-27,0.0004861928911309591,8.519872861365587e-25,0.0003918248852203457,0.0008352439889751615,0.0002847456617067795,0.0007069164710694929,2.8407829186142116e-25,0.0004675674764424087,-7.632983594564991e-26,0.0,0.0,0.0,0.0,0.0,0.0,0.0,0.0,-7.350763535616488e-27,0.0008309106231380579,-4.974910119957315e-25,0.0,4.304627970169988e-26,-1.4203395971857e-25,0.000943472067110453,0.0005724436473373385,0.0002950587857297047,0.012977919828863198,0.0,0.0002661734984371702,0.0,0.0,0.003152341226337741,0.0,0.0003210650282028227,0.0003772246342262723,0.0,-3.0889739597513575e-25,-6.487702465617744e-25,0.0,0.0,1.4008698865405738e-25,0.00015079578735087694,0.0,0.00011119592107055646,0.00026919121607794986,0.0,0.00032250518760096086,0.0,0.0005276369227967036,0.0,0.0011751387258438,0.0,0.0,9.587598256336488e-25,9.726475462065947e-26,0.0,-2.0248928371912306e-26,0.0008760339572175737,3.3909760360913615e-25,0.0,0.0,0.00038914257112406854,-2.8662742335652407e-25,0.0,-4.663210119613508e-27,1.4248238974644772e-25,0.0,0.0005125426068145714,0.0,0.0,0.0003234427730628675,0.0011890661796999668,-1.1100497772854847e-25,0.0,1.2878518429340386e-25,0.0,3.500926610133138e-25,0.0,-6.732949659709627e-25,0.0,0.0,0.0,0.0,6.884872510129563e-05,0.0,0.0,0.00022721653739617183,0.0,0.0,0.0,0.0,0.0,0.0,0.0,0.0,0.0,0.0
0.2099273723719116,-5.692287412440656e-26,0.0,0.0,0.0,0.0,0.0023502503558313933,3.4341032849931313e-26,1.8686937780823092e-26,0.0040658806701147675,0.0,3.9147509729209935e-26,-2.4859752288724474e-25,0.0,0.0,0.0,1.4113621673590222e-25,0.0,0.006354057015902634,0.000493152390602046,1.2896858321572053e-25,7.180920323834546e-25,0.0020753304784712928,0.0,0.0,0.001408573415228285,-2.4822726077575706e-25,0.0,0.0032804339125092163,0.0008750174443197286,0.009206130965046659,3.942977830998996e-25,0.0013447995986072977,1.3785524023774857e-25,0.06517646764180236,0.0,0.006158835575065167,0.0,-4.759378253550026e-27,0.0,7.7871445028954095e-25,1.729817417988407e-25,-1.2780960040151408e-25,0.0,0.007538889984670852,5.067165867837027e-26,1.1612541609323217e-25,-1.853413117379239e-25,0.004069806705886739,0.0,0.0,0.007386479998259483,8.584607590323238e-05,-1.573386784236685e-24,0.0039000952510605895,0.01179633086044703,0.0,0.0031877478053403295,1.545086638840433e-26,0.04073662825762699,1.0754486323980888e-24,0.0,0.0014414120934329463,0.0037224109054062597,0.009282293887070935,0.0027657228400835188,0.0036873918827772505,0.0003537787247373586,0.0068198806214579575,0.005409521474553314,0.007127162766448304,0.006180131532994531,0.00258787977255298,0.0037193968002273803,0.004895538848589254,-7.698531475458993e-26,0.010813073974604548,0.005979559255115974,0.005158119940873808,0.007310303478483422,0.003292659133614861,0.003694705508628644,0.0,0.004646703853408265,2.4611076313719525e-25,0.020874693793474317,3.3808498756780055e-27,0.0063396076095448865,0.00794005052348242,0.003482438176114897,0.0032042274472834616,0.003665754272115254,1.3634888648798684e-24,0.004584043979344243,0.005924271956908927,6.696910059063155e-26,0.0,0.0,0.0,-2.0013247151922686e-25,0.0,0.0,0.0,0.0,5.934541940105799e-27,0.006322914278573669,0.0028773266833037503,0.0,8.974324096125602e-05,0.0020491541404117097,0.025250291093937886,2.423353406624398e-25,0.004206015338085104,6.5791362755941454e-24,6.2748295292657095e-25,0.015338230826702513,0.0,6.956939821965452e-26,0.000722851008816845,0.0,0.007548579288526653,0.010943538579862886,-4.872328949648108e-27,2.289948137566806e-25,0.0005721733593810275,0.0,0.0,-2.802350595964909e-26,0.002531796866832003,0.0,0.00522627171008011,0.003976427689109649,0.0,0.005087405635066894,0.0,0.01842339196182688,-1.712537638148951e-25,0.00014471771138220641,0.0,0.0,1.5707474347883888e-25,0.018649246872994647,0.0,0.00096328985889462,4.561103245497788e-25,0.0022053550650705305,0.0,0.0,1.9424304215656255e-25,7.263610922912571e-25,0.0,0.006249327902705594,0.010724550935920316,0.0,0.014648352602004547,7.715188046460468e-25,3.582389615963631e-25,0.0005125159265667892,1.184266342826899e-25,-6.578604417285858e-25,-1.5478648196252353e-25,4.433678557783983e-06,6.078146893271929e-26,2.54159634102653e-25,0.00038048692522387237,0.007720019591721548,1.1784417827094244e-25,1.0032473156516992e-25,2.0274150317493164e-26,3.1880940840173084e-25,0.022684311761056432,2.4470796249238716e-25,1.2466717684446052e-24,0.003798806752282215,3.7603066063373167e-26,1.0247185076701543e-24,-3.6030834399112804e-26,4.874234834973307e-26,0.0,1.5947726215234277e-26,-4.4235218116304994e-26,2.127156830124409e-25,5.363143172067732e-28,-1.306831148477672e-26
0.29561240267397354,8.710026786516145e-25,0.0,0.0,0.0,0.0,3.503414970766891e-25,0.0010269203192984034,0.0,1.0054894291425975e-24,0.0,0.00017096625764234717,0.0,0.0,0.0,0.0,7.197132130355965e-25,0.0,0.0005752897385923781,0.0022972499853968374,0.00023738998874483222,3.9714070846577315e-25,0.0,0.0,0.0,1.3724809761538487e-06,0.0,0.0,0.005152370218235141,0.009473962940135893,6.659818171561677e-25,0.0009295053960179265,5.160242095709712e-25,2.3029900350035946e-26,0.005874467373795754,0.0,0.0008090326876828687,0.0,8.284963275533561e-06,0.0,0.001734653491695495,4.69241186753409e-25,0.001486366522966091,0.0,0.0,9.405423443381992e-26,0.0,0.007197274544603989,0.00021840755232254105,0.0,0.0,0.0006355942228523325,0.00043734370325029294,1.6835334381724351e-25,1.5091400805696297e-25,1.873453393492818e-25,0.0,4.219267015839554e-25,0.0,-1.2362866223794472e-24,2.9114581142724596e-25,0.0,0.00024366416436881344,1.66770677986666e-25,5.749346432597656e-25,1.4538685671242586e-25,0.00036536514263814656,0.0011118657834148003,0.00030836038446384426,0.0001081083649691546,-1.4306301329918548e-25,0.0,6.336038966845551e-24,-3.1357195891667264e-25,0.0005315450366884665,6.577776268091732e-25,0.00015551915513792878,0.0005071537659614422,5.099170102714124e-25,0.0027170437070275174,0.0005725206705777274,6.455768149105369e-26,0.0,0.0003919280176043779,2.215718794233155e-25,0.0,3.502246337305807e-05,0.0010128056368444696,0.00031472167889923637,6.683081130399605e-26,0.0,8.657575323835572e-25,2.328269350198121e-24,0.000921399814827939,6.807577268039028e-25,0.0001732244534418208,0.0,0.0,0.0,0.0,0.0,0.0,0.0,0.0,0.00010020688770073373,4.3748002647079585e-26,0.0001697166150141232,0.0,0.0,1.7390205811015791e-25,0.002104200754061938,-1.2976826095471462e-24,0.0007384375567473743,0.0053477371392804205,0.0,0.009615581456005839,0.0,0.0,1.6499298378985817e-25,0.0,0.0007084153734189137,0.0006725518142029924,0.0,0.0007363961735255413,6.890390973978567e-25,0.0,0.0,0.002890410594814683,0.00041611303974463046,0.0,-4.715379107014504e-25,0.000544843704500322,0.0,0.0006197734395811196,0.0,0.00023510268215172194,0.0,0.00019181899206977224,0.0,0.0,6.41710853179776e-25,3.6374628959348905e-05,0.0,3.816172816430648e-25,-2.2262718673447006e-24,1.5690910392111253e-25,0.0,0.0,1.2662179459405907e-25,0.007920985056953489,0.0,0.0,7.943736529619808e-26,0.0,7.661754217243508e-26,0.0,0.0,0.0,0.0009161537645315272,0.0005946445540162176,0.0,7.0861166688972765e-25,0.0,-1.122584233939952e-25,0.0,1.3549496736171315e-25,0.0,0.0,0.0,0.0,0.0,0.0,0.0,0.0,0.0,0.0,0.0,0.0,0.0,0.0,0.0,0.0,0.0,0.0
0.13496900339348716,5.7479984425528456e-05,0.0,0.0,0.0,0.0,0.004409863529063947,6.670469609872326e-05,-3.30183469661901e-25,0.0035891649034429634,0.0,0.00014395127006396928,0.000251590360982906,0.0,0.0,0.0,5.9769045935092396e-05,0.0,0.0062069570412083604,0.0012846558884587072,-6.56285745258538e-26,1.6010103049115737e-05,-2.7868676023635095e-25,0.0,0.0,0.00490355376797029,-1.1059019485083557e-25,0.0,0.002750298180461884,0.0013177572120988816,0.0032946028830854093,9.382285690308282e-26,0.00395038728834503,3.161218439973754e-26,0.03049138039802013,0.0,0.006296621512806243,0.0,1.5587235330746875e-05,0.0,5.69613450974843e-26,3.294360280381575e-05,0.00017994204610869525,0.0,0.007598981438860457,5.027551998593542e-06,0.00026322881057169186,-9.703289579009636e-25,0.002764528530608129,0.0,0.0,0.004315704136732126,0.0002258142888908476,9.809456942647002e-26,0.007611445532892306,0.008337118275386421,0.0,0.002964871830461917,-4.589001044967331e-26,0.05195526112065526,-3.7989124872123784e-25,0.0,0.0006214534159940165,0.0032440445539366684,0.004516404004639813,0.0017497248048195836,0.0016794020784024804,0.0006841570203850167,0.004067207480547326,0.005023224146390847,0.001600106936720513,-1.6799598634318384e-24,0.007181066297855848,0.004527238797835853,0.0029954186809804787,3.513283364505855e-05,0.006884890228921148,0.0062821367488884285,0.005884180213727604,0.0037058431900389016,0.0036265681060317525,0.003285271571535806,0.0,0.005553764365828671,5.602360312295733e-26,0.0102748392068345,3.580805475468442e-06,0.003438199428686576,0.007854757856457683,0.0017589574312140044,0.0028017313446748932,0.002331980113767943,0.0002941531091013851,0.0032092550847938476,0.003807781990798181,0.00010955405665459313,0.0,0.0,0.0,0.00033341535583052254,0.0,0.0,0.0,0.0,-4.051002172191164e-28,0.004910838810590235,0.00210097087280782,0.0,-9.160325609190014e-26,0.0015305823025187444,0.012334216215138211,0.000140326385381986,0.01220562767845421,0.0010656506969433737,8.159627890623298e-05,0.00027997912939543233,0.0,0.0003132346935078698,5.546288842082785e-05,0.0,0.002965528781533188,0.006964629346487181,5.017706484751013e-25,-6.51629441589567e-26,-3.408149858355802e-25,0.0,0.0,0.00043803506412142885,0.0032500905231973524,0.0,0.005003077395076705,0.004104536346285475,0.0,0.0025242764481116864,0.0,0.015473630239835704,9.724817579058634e-05,0.00021275306194544334,0.0,0.0,-1.7767411735244215e-24,0.006428204882947601,0.0,-1.7079147281629543e-26,-5.155155403003425e-25,0.0015258922459275134,0.0,0.0,0.00023890976489999053,0.00014445832048503064,0.0,0.0026988303505637015,0.0019788371360827915,0.0,0.013597550685130685,8.160387893003338e-05,0.0003296513505134863,0.00013346680608415946,9.60668798365407e-05,6.976150768342876e-05,8.892282871517951e-05,9.862790345724687e-05,0.0009389480453315185,-2.0207330472427118e-25,1.56128345411636e-26,0.0015954035966856104,5.581478350918608e-25,4.299649411079963e-05,0.0005581523603113863,-1.9943186080163812e-25,0.012582440372205631,0.00041551886967151734,1.7796819843757658e-25,0.009217019704107838,8.630499949502418e-06,6.30376255136925e-06,-1.2611390836850095e-25,-5.897033812349733e-25,9.183528557308344e-26,4.488015042587394e-25,-2.690312983547461e-25,0.0006466751661803316,6.630646947827758e-05,-3.305747872770717e-25
0.14843267512782066,-1.829390937210559e-27,0.0,0.0,0.0,0.0,-1.314466889904594e-27,4.218400128998462e-06,0.0,2.166081915521114e-05,0.0,-1.5226680102408342e-28,0.0,0.0,0.0,0.0,-9.69422035066732e-28,0.0,-1.5044367817561137e-27,-3.892775956993938e-27,6.897679369391551e-06,4.2347023702988584e-07,0.0,0.0,0.0,9.5675676808938e-06,0.0,0.0,1.0812972007991466e-05,1.4722756442760551e-05,-1.3149227277109885e-27,-2.3779604276760786e-27,-1.2560940322743027e-28,5.505224138014785e-05,1.8723531492687518e-05,0.0,1.3927981107187909e-05,0.0,2.9765803092575888e-28,0.0,2.683450056734682e-26,-1.3323946893247374e-28,9.943247145794404e-06,0.0,0.0,1.979712182755178e-06,0.0,-1.8631731773291493e-27,9.094762989941387e-07,0.0,0.0,3.62419568987915e-07,2.6828563329025684e-06,3.344898072904622e-06,4.9850391250787345e-29,1.5498014212395281e-06,0.0,6.5876005775402335e-06,0.0,-2.1792451216952433e-27,5.0881078695931454e-27,0.0,7.722881666922571e-07,4.158486820180701e-28,-1.8758138876821503e-27,-5.835756184795426e-28,-2.575627841665674e-27,-3.277753678134333e-27,6.630929980335082e-06,1.6556596034732549e-06,1.8282751021496542e-07,0.0,2.531785861826513e-06,-1.1868037431314194e-27,-1.995163507204887e-27,3.047859237597644e-06,1.2710474486085031e-28,-1.4312812216770035e-27,6.415353984330302e-06,1.1666045490354998e-27,9.701289271380014e-07,-2.165712393444945e-27,0.0,-2.266201059988533e-27,1.999928353588639e-06,0.0,2.8095827765408355e-07,3.546602725974281e-07,2.0621159048345108e-27,-1.2983570298348807e-27,0.0,8.83805576537231e-07,6.153905682639766e-06,1.7180321071451334e-06,6.704883559798519e-07,2.119734711035034e-06,0.0,0.0,0.0,0.0,0.0,0.0,0.0,0.0,2.5893588334306428e-06,3.8703707926781085e-06,9.251352218759243e-07,0.0,0.0,3.0270184129515745e-06,1.2827117476215537e-26,2.495939854782543e-06,1.3057601168014954e-07,9.185081970552357e-27,0.0,4.2349485073044615e-05,0.0,0.0,3.344540410829871e-27,0.0,2.986449875950327e-06,3.974109709962226e-06,0.0,-6.8280212491267555e-28,1.963628798471321e-07,0.0,0.0,9.666335768936157e-06,2.228024276248271e-06,0.0,-4.275390129480688e-27,2.9607128280094968e-06,0.0,1.1654270892806311e-07,0.0,3.828872472833994e-06,0.0,1.1507381862736008e-27,0.0,0.0,2.2976694788776007e-06,6.44909964534764e-07,0.0,6.503101520568069e-30,4.912257713799708e-26,-2.381686665685537e-27,0.0,0.0,-1.0250551065867156e-28,-2.3586805348744048e-26,0.0,0.0,1.2192106094880686e-06,0.0,9.618838769558263e-07,0.0,0.0,0.0,-1.1591187140396778e-28,-2.782850215453858e-27,0.0,-2.178703138271008e-27,0.0,1.6761870314236415e-27,0.0,-3.030343825062072e-28,0.0,0.0,0.0,0.0,0.0,0.0,0.0,0.0,0.0,0.0,0.0,0.0,0.0,0.0,0.0,0.0,0.0,0.0
0.03184767681685566,-5.659826438737245e-26,0.0,0.0,0.0,0.0,0.0017983079272826143,4.438704009010111e-27,-1.677531545180969e-27,0.00340831439047423,0.0,-3.062865500405877e-26,0.0,0.0,0.0,0.0,-1.843544313139195e-26,0.0,0.0035782833233695558,5.525353347562183e-25,-6.196933346592643e-26,-4.308433664881382e-25,6.915517006268401e-26,0.0,0.0,0.0013958529712073122,-4.992980445463026e-27,0.0,0.00416963835882696,-3.8145125869754666e-25,0.0025893442481664526,9.021473550733092e-26,0.001427066083100253,-1.0868389486592945e-25,0.1275881637638632,0.0,0.0037780627041948335,0.0,-7.489317838120137e-27,0.0,-1.7231793894881215e-25,3.828885993071464e-26,-1.1878385936849383e-26,0.0,0.00802482600850857,-1.7253479967902914e-26,-4.989009055015068e-26,4.62188235920603e-25,0.0019182089483613155,0.0,0.0,0.0022738711714541076,-1.8566686554472026e-25,-6.89632943235691e-25,0.0031797512885114385,0.010467942160625876,0.0,0.0025716991733813676,0.0,0.02777366220245084,-5.815273183458099e-25,0.0,3.88960471139571e-26,0.002687402769357726,0.0049140215528466836,0.0014261691271615783,0.003890112952431052,-1.6153479624374732e-25,0.003320294180579108,0.003344447627948666,0.004409429602072951,0.0014165711290612662,0.0025766530936502177,0.0013859060621821974,0.002426819584868028,8.95583719718493e-05,0.0023766258859847,0.004004616718514118,0.0035036684876867336,0.0028836982466056505,0.0024109011326367016,0.0024388798317476414,0.0,0.005308537538850173,-5.636546262090666e-26,0.015578615228156591,-2.0653679246297184e-28,0.0017405288429732236,0.007479907167971376,0.004415447822401964,0.001738777687894343,0.0029101351478793068,3.9584003941132904e-25,0.003274808670731581,0.004925117956974442,3.192253751464179e-26,0.0,0.0,0.0,0.0,0.0,0.0,0.0,0.0,-1.963675477085939e-27,0.0028873825468261126,0.0020828917784575978,0.0,1.2021777586241478e-25,0.0009923075811523443,0.014091527509919169,-3.829424753879195e-26,0.002869176350871019,-1.4659035859326685e-25,-7.558635581123527e-27,-1.311666933765095e-25,0.0,-3.7603884741040934e-26,-2.41126591917478e-25,0.0,0.0061778413572242345,0.01717140675950458,-2.4022396045717606e-25,-7.236175655912571e-26,2.759196729261902e-05,0.0,0.0,5.762836044225215e-26,0.0016048880933813264,0.0,0.005776820294331274,0.0032966441950754424,0.0,0.0033519758637764415,0.0,0.01636467321519215,0.0,-1.5193271190144585e-25,0.0,0.0,4.7709162882838995e-26,0.008826612976090092,0.0,4.6122902436180276e-26,-1.7629755614440305e-25,0.004824175694694956,0.0,0.0,-2.723966994624739e-25,-7.742551025773699e-26,0.0,0.004001081390779682,0.002270406989549589,0.0,0.012873186669951514,-3.741612829597874e-26,0.0,-1.11474278509742e-25,-1.0291056112333777e-25,-3.096756932053646e-26,0.0,7.891485017760909e-27,0.0,1.8899454470093313e-25,1.1738073591729307e-25,0.003950703750432213,-2.259050403700197e-26,0.0,0.0,4.047334550069795e-26,0.018650811434172528,0.0,1.0803479407146087e-25,0.00243072028981672,0.0,8.288533567312792e-26,-6.83809345290908e-26,1.7410941480518762e-26,-3.0404255509737708e-27,-4.791846085196013e-26,-2.5931862533780125e-26,3.937758893348879e-27,-1.514273425342489e-26,5.0054374057441606e-26
0.2483030621790161,5.877356795930398e-05,0.0,0.0,0.0,0.0,0.0021541443456879815,0.0001232610945044993,0.00024656036576320027,0.0016718320790033942,0.0,6.561378328889571e-05,1.9472714949957465e-05,0.0,0.0,0.0,0.000294741813493986,0.0,0.0041459430878875445,0.000915860295636346,5.79665142110609e-05,0.00034523987757444855,0.0005539028567441057,0.0,0.0,0.0025179330418127525,0.00042436367983667586,0.0,0.002167945105918528,0.0008064441851030858,0.0027821336322829283,3.9951175233604595e-05,0.0016843263794092344,0.0001034288188373837,0.030445540984368573,0.0,0.003684249734342121,0.0,8.700427362599435e-05,0.0,0.0012570641595292897,4.7167540343955436e-05,9.951858902813602e-05,0.0,0.004219355911383242,1.0829067155044003e-05,0.0003415127543591667,0.0008706824571362778,0.0018524532362889706,0.0,0.0,0.002837389650641653,0.00011788405986645344,0.00030034694678552823,0.0036978172109373127,0.005062203235325179,0.0,0.0019013406075976047,4.353461399715719e-05,0.019976678536344827,0.00037110372638461014,0.0,0.00028273683103009333,0.0018601315110887266,0.004110181214608186,0.0011397375841520733,0.0015629119328292662,0.0006281294016684574,0.0025234627569825268,0.0027785317729287404,0.002617524071203555,0.0022741108511941895,0.0037247708075201853,0.0028913189396056007,0.0020671392011006556,0.00031697406536069134,0.004284226831080402,0.003554381561553654,0.0037249177207743615,0.002893223678455443,0.0018471520781851477,0.0018441273347642824,0.0,0.003291946933281019,3.297028153215657e-05,0.00888114063329622,2.1512286846873326e-06,0.0019702616682813335,0.00508734959995547,0.0014555942490738598,0.0018209873995535806,0.0016575384883211243,0.00030681636940658053,0.0017773206391390871,0.0025715615260565607,3.183576002003591e-05,0.0,0.0,0.0,7.542669459609029e-05,0.0,0.0,0.0,0.0,1.7825085095951844e-05,0.0032201588759841753,0.0014953494153139293,0.0,0.0003540808825656502,0.0008625720495911837,0.010254569909934565,0.0002060354329821524,0.005073161021617678,0.001349013811637349,0.00023062064868183422,0.0020925827174772134,0.0,0.00026326896096625393,0.0004166349467453104,0.0,0.0027018604148716886,0.007463067434925195,0.0009617623924303562,8.8141657348096e-05,0.00037603604606512253,0.0,0.0,0.00010380056581218979,0.0018103576664044124,0.0,0.002826876203920409,0.002160400105896704,0.0,0.0021988460498635035,0.0,0.008792769381431535,3.2104654842740406e-05,0.00021453429648270268,0.0,0.0,0.00039401311195724835,0.005427824692756817,0.0,0.00020250925698941884,0.00040954538082652226,0.0017651062798236213,0.0,0.0,0.00025267079103238,0.0002007370153711861,0.0,0.0023435240948827957,0.0030288638801389514,0.0,0.00787308050577581,0.00037325716507353947,4.212145496555817e-05,0.00022061486528267252,0.00017600156536691727,0.00027962820401457127,3.812286702402208e-05,9.280529545704756e-05,7.375577643290383e-05,0.0002626479227314627,0.00020995191471972748,0.0027504593174429077,0.00011388340399119027,3.025701890812468e-05,0.00012945784749875485,0.00014666954547779717,0.009634335005999962,6.592151499225336e-05,0.00018516447422411845,0.0047736640974383035,4.346358386969704e-06,0.00022495555020155577,0.00016762010687491628,0.0001839904655585094,9.954217688101788e-05,0.0002660033785469465,0.00015425658614997195,0.0001482697242332926,0.00012850764446557507,8.029807131314778e-05
0.1392701728293662,1.3150457887986666e-25,0.0,0.0,0.0,0.0,0.005038823562908349,5.798781265459905e-06,1.7038055138938498e-26,0.0034691596657053614,0.0,2.6065812581397547e-25,-6.325507289913381e-26,0.0,0.0,0.0,-1.550699953935353e-25,0.0,0.0075402534622323915,0.00027785156232494813,-2.4134355568942243e-27,-4.1384759739356924e-27,5.132327988509916e-25,0.0,0.0,0.004605805184875365,-1.37409814814075e-26,0.0,0.0045224098839364915,-3.973827137744964e-25,0.004922090536394902,1.6611063238224347e-25,0.00475821510637427,4.309172962023316e-25,0.03562283862719183,0.0,0.010012194330025148,0.0,5.709908484963898e-27,0.0,-1.216257065516511e-25,3.228313558659855e-25,-2.4794163728123425e-25,0.0,0.009901115450307557,8.770595481143894e-27,6.620971834953135e-05,0.0012825828626492621,0.004027245189332445,0.0,0.0,0.0060157830440587924,3.900472646439152e-27,1.1759103067948295e-25,0.008935482919049541,0.008375859588033718,0.0,0.004582359279527172,1.9497364614107883e-25,0.06298500961472181,7.30105340631273e-25,0.0,-1.6175309574444777e-25,0.00432219400189099,0.008347251161496214,0.002234827152091153,0.0029195425945681376,-1.8202274580177073e-25,0.004068204917167353,0.004994271676273509,0.004645679234817512,0.0011687625669154834,0.01039690824798302,0.007808637233345699,0.004268966959056969,0.0001792950253622176,0.009780431555386045,0.008425865040271988,0.008340632838763016,0.005044142629664672,0.005074829404326799,0.003772127207772651,0.0,0.008499193773314808,1.8315310356374956e-25,0.011893842701973027,-2.3911346090346232e-27,0.004287142937985182,0.011565204246423953,0.002249056348114335,0.004214129321985784,0.0032425859561539673,2.276402290758095e-25,0.0037299559284204257,0.005187789749945725,-9.51664550952776e-26,0.0,0.0,0.0,5.426515783231405e-26,0.0,0.0,0.0,0.0,7.417593880810343e-27,0.00699520946297103,0.002744359763702139,0.0,-3.0855692140390815e-25,0.0016315973275193504,0.02335293092417437,4.24260528952112e-25,0.013032618376165438,-1.162237026600195e-24,0.0001677526264190744,0.0025635314755083757,0.0,1.336917697478211e-25,3.6950015320271677e-26,0.0,0.003451176156142601,0.016294963627978224,0.00017363404889006575,2.554892983073271e-25,0.0003616828168680602,0.0,0.0,4.384325797264808e-25,0.004675039245230222,0.0,0.006688067616260258,0.005034305386321215,0.0,0.0042018751118430234,0.0,0.017093749427230423,-4.305729589031044e-27,0.00014675676796039284,0.0,0.0,2.9186862323974787e-25,0.010536776516376498,0.0,-1.417923224673479e-25,6.7814467864485e-05,0.0035184510675629536,0.0,0.0,-6.864370878318978e-26,5.546394737822031e-25,0.0,0.00395425931508559,0.0034359199235758013,0.0,0.015103231599330823,1.6205808118138736e-25,7.985663911493237e-26,0.0001816431850212021,-1.2219946874932798e-26,1.2132860553908945e-25,9.170297137547873e-07,6.977677794778005e-27,6.670318259385541e-26,-9.08724949129153e-26,1.5435056433274228e-25,0.00424826539752079,0.0001069063183079889,1.3808917092898203e-26,1.9338045172163895e-25,3.6260396523802164e-05,0.028478296432201265,1.8687073118010927e-25,1.4819569039550907e-25,0.013561121521874336,-4.2353675205752894e-27,4.675939009337532e-26,-5.672580311007081e-26,8.37944920349003e-06,7.856455620952304e-26,0.0006155538921021735,0.0002593880230645752,7.3319654768809e-26,1.4232790531931227e-05,-2.971319903188078e-26
0.2483030621790161,5.877356795930398e-05,0.0,0.0,0.0,0.0,0.0021541443456879815,0.0001232610945044993,0.00024656036576320027,0.0016718320790033942,0.0,6.561378328889571e-05,1.9472714949957465e-05,0.0,0.0,0.0,0.000294741813493986,0.0,0.0041459430878875445,0.000915860295636346,5.79665142110609e-05,0.00034523987757444855,0.0005539028567441057,0.0,0.0,0.0025179330418127525,0.00042436367983667586,0.0,0.002167945105918528,0.0008064441851030858,0.0027821336322829283,3.9951175233604595e-05,0.0016843263794092344,0.0001034288188373837,0.030445540984368573,0.0,0.003684249734342121,0.0,8.700427362599435e-05,0.0,0.0012570641595292897,4.7167540343955436e-05,9.951858902813602e-05,0.0,0.004219355911383242,1.0829067155044003e-05,0.0003415127543591667,0.0008706824571362778,0.0018524532362889706,0.0,0.0,0.002837389650641653,0.00011788405986645344,0.00030034694678552823,0.0036978172109373127,0.005062203235325179,0.0,0.0019013406075976047,4.353461399715719e-05,0.019976678536344827,0.00037110372638461014,0.0,0.00028273683103009333,0.0018601315110887266,0.004110181214608186,0.0011397375841520733,0.0015629119328292662,0.0006281294016684574,0.0025234627569825268,0.0027785317729287404,0.002617524071203555,0.0022741108511941895,0.0037247708075201853,0.0028913189396056007,0.0020671392011006556,0.00031697406536069134,0.004284226831080402,0.003554381561553654,0.0037249177207743615,0.002893223678455443,0.0018471520781851477,0.0018441273347642824,0.0,0.003291946933281019,3.297028153215657e-05,0.00888114063329622,2.1512286846873326e-06,0.0019702616682813335,0.00508734959995547,0.0014555942490738598,0.0018209873995535806,0.0016575384883211243,0.00030681636940658053,0.0017773206391390871,0.0025715615260565607,3.183576002003591e-05,0.0,0.0,0.0,7.542669459609029e-05,0.0,0.0,0.0,0.0,1.7825085095951844e-05,0.0032201588759841753,0.0014953494153139293,0.0,0.0003540808825656502,0.0008625720495911837,0.010254569909934565,0.0002060354329821524,0.005073161021617678,0.001349013811637349,0.00023062064868183422,0.0020925827174772134,0.0,0.00026326896096625393,0.0004166349467453104,0.0,0.0027018604148716886,0.007463067434925195,0.0009617623924303562,8.8141657348096e-05,0.00037603604606512253,0.0,0.0,0.00010380056581218979,0.0018103576664044124,0.0,0.002826876203920409,0.002160400105896704,0.0,0.0021988460498635035,0.0,0.008792769381431535,3.2104654842740406e-05,0.00021453429648270268,0.0,0.0,0.00039401311195724835,0.005427824692756817,0.0,0.00020250925698941884,0.00040954538082652226,0.0017651062798236213,0.0,0.0,0.00025267079103238,0.0002007370153711861,0.0,0.0023435240948827957,0.0030288638801389514,0.0,0.00787308050577581,0.00037325716507353947,4.212145496555817e-05,0.00022061486528267252,0.00017600156536691727,0.00027962820401457127,3.812286702402208e-05,9.280529545704756e-05,7.375577643290383e-05,0.0002626479227314627,0.00020995191471972748,0.0027504593174429077,0.00011388340399119027,3.025701890812468e-05,0.00012945784749875485,0.00014666954547779717,0.009634335005999962,6.592151499225336e-05,0.00018516447422411845,0.0047736640974383035,4.346358386969704e-06,0.00022495555020155577,0.00016762010687491628,0.0001839904655585094,9.954217688101788e-05,0.0002660033785469465,0.00015425658614997195,0.0001482697242332926,0.00012850764446557507,8.029807131314778e-05
0.4070886882625519,4.825137090342239e-05,0.0,0.0,0.0,0.0,0.0,-3.384235244431173e-27,0.0,-1.543833003107353e-26,0.0,-4.859307579209418e-27,0.0,0.0,0.0,0.0,-1.4713235160256948e-27,0.0,-4.2092384831868215e-27,3.592418015910513e-05,5.829469099507787e-27,1.0924187831496764e-27,0.0,0.0,0.0,0.00019053218928101663,0.0,0.0,1.404736328610387e-05,2.4669276263068503e-27,-4.454174048559113e-27,2.3611491839137513e-27,1.6351535789536053e-05,0.00035072246828066184,2.1624594645418092e-05,0.0,9.681981856315994e-27,0.0,-2.841058237729194e-27,0.0,-1.7971282519553546e-25,7.815503771523918e-27,6.9515517873831725e-06,0.0,0.0,-7.543502698204264e-27,0.0,5.65614835285094e-05,2.0786731215573815e-05,0.0,0.0,-5.8913422468539375e-27,5.98123628209155e-06,-3.8950640989799034e-27,-4.82988638131339e-27,7.0187685360962406e-06,0.0,1.8598249247539887e-06,0.0,-1.519829197432288e-26,2.3748134305175292e-05,0.0,4.1106421852211325e-06,1.9493217794657652e-06,1.156730080422387e-05,9.647919885888042e-07,1.983707587745938e-06,6.47181335245382e-06,1.471632715505748e-27,-2.1415007395861796e-27,7.871358152884392e-05,0.0,0.0,8.358368719046606e-28,1.0034966185628558e-26,-5.344871850846402e-27,-1.9280985097840495e-26,4.101574352468909e-05,4.147082149903118e-05,4.114967248028688e-06,4.98752654980434e-06,3.5524311066592555e-06,0.0,-1.5889040680910402e-26,-5.15085542294797e-27,0.0,1.4248550814932083e-06,2.670212765794682e-27,3.348581640738088e-05,1.3031356728184492e-27,0.0,4.212166478213852e-29,-1.8268713192867696e-29,-1.732777907885912e-26,2.5870480697118694e-27,3.866604381607712e-05,0.0,0.0,0.0,0.0,0.0,0.0,0.0,0.0,1.3375997308716362e-05,4.739166199383078e-05,3.1739984723285075e-27,0.0,0.0,1.6567729012722662e-05,9.451942865661002e-27,4.00874133317026e-27,3.475149574478724e-05,0.0003922854107402257,0.0,3.714101077649534e-05,0.0,0.0,2.4069827908990058e-05,0.0,5.479881442265128e-06,3.60469612199055e-05,0.0,0.00010844968403050612,-1.0906685034852365e-27,0.0,0.0,9.017969209690248e-28,1.5516267244429638e-27,0.0,3.003834426893993e-27,-3.3090280880774385e-27,0.0,2.645069196790865e-27,0.0,-2.5634753410864523e-27,0.0,9.52134471206928e-27,0.0,0.0,8.145745963598e-06,7.804927322274641e-06,0.0,1.4196967189541569e-06,5.5276235987533354e-27,1.3678225186511648e-05,0.0,0.0,0.0,0.00020549700027806892,0.0,0.0,1.0109392673573723e-06,0.0,0.0,0.0,0.0,0.0,0.0,4.125122804702354e-05,0.0,-1.0650712681669997e-27,0.0,0.0,0.0,0.0,0.0,0.0,0.0,0.0,0.0,0.0,0.0,0.0,0.0,0.0,0.0,0.0,0.0,0.0,0.0,0.0,0.0,0.0
0.2483030621790161,5.877356795930398e-05,0.0,0.0,0.0,0.0,0.0021541443456879815,0.0001232610945044993,0.00024656036576320027,0.0016718320790033942,0.0,6.561378328889571e-05,1.9472714949957465e-05,0.0,0.0,0.0,0.000294741813493986,0.0,0.0041459430878875445,0.000915860295636346,5.79665142110609e-05,0.00034523987757444855,0.0005539028567441057,0.0,0.0,0.0025179330418127525,0.00042436367983667586,0.0,0.002167945105918528,0.0008064441851030858,0.0027821336322829283,3.9951175233604595e-05,0.0016843263794092344,0.0001034288188373837,0.030445540984368573,0.0,0.003684249734342121,0.0,8.700427362599435e-05,0.0,0.0012570641595292897,4.7167540343955436e-05,9.951858902813602e-05,0.0,0.004219355911383242,1.0829067155044003e-05,0.0003415127543591667,0.0008706824571362778,0.0018524532362889706,0.0,0.0,0.002837389650641653,0.00011788405986645344,0.00030034694678552823,0.0036978172109373127,0.005062203235325179,0.0,0.0019013406075976047,4.353461399715719e-05,0.019976678536344827,0.00037110372638461014,0.0,0.00028273683103009333,0.0018601315110887266,0.004110181214608186,0.0011397375841520733,0.0015629119328292662,0.0006281294016684574,0.0025234627569825268,0.0027785317729287404,0.002617524071203555,0.0022741108511941895,0.0037247708075201853,0.0028913189396056007,0.0020671392011006556,0.00031697406536069134,0.004284226831080402,0.003554381561553654,0.0037249177207743615,0.002893223678455443,0.0018471520781851477,0.0018441273347642824,0.0,0.003291946933281019,3.297028153215657e-05,0.00888114063329622,2.1512286846873326e-06,0.0019702616682813335,0.00508734959995547,0.0014555942490738598,0.0018209873995535806,0.0016575384883211243,0.00030681636940658053,0.0017773206391390871,0.0025715615260565607,3.183576002003591e-05,0.0,0.0,0.0,7.542669459609029e-05,0.0,0.0,0.0,0.0,1.7825085095951844e-05,0.0032201588759841753,0.0014953494153139293,0.0,0.0003540808825656502,0.0008625720495911837,0.010254569909934565,0.0002060354329821524,0.005073161021617678,0.001349013811637349,0.00023062064868183422,0.0020925827174772134,0.0,0.00026326896096625393,0.0004166349467453104,0.0,0.0027018604148716886,0.007463067434925195,0.0009617623924303562,8.8141657348096e-05,0.00037603604606512253,0.0,0.0,0.00010380056581218979,0.0018103576664044124,0.0,0.002826876203920409,0.002160400105896704,0.0,0.0021988460498635035,0.0,0.008792769381431535,3.2104654842740406e-05,0.00021453429648270268,0.0,0.0,0.00039401311195724835,0.005427824692756817,0.0,0.00020250925698941884,0.00040954538082652226,0.0017651062798236213,0.0,0.0,0.00025267079103238,0.0002007370153711861,0.0,0.0023435240948827957,0.0030288638801389514,0.0,0.00787308050577581,0.00037325716507353947,4.212145496555817e-05,0.00022061486528267252,0.00017600156536691727,0.00027962820401457127,3.812286702402208e-05,9.280529545704756e-05,7.375577643290383e-05,0.0002626479227314627,0.00020995191471972748,0.0027504593174429077,0.00011388340399119027,3.025701890812468e-05,0.00012945784749875485,0.00014666954547779717,0.009634335005999962,6.592151499225336e-05,0.00018516447422411845,0.0047736640974383035,4.346358386969704e-06,0.00022495555020155577,0.00016762010687491628,0.0001839904655585094,9.954217688101788e-05,0.0002660033785469465,0.00015425658614997195,0.0001482697242332926,0.00012850764446557507,8.029807131314778e-05
0.04581738759839139,4.796262650632156e-27,0.0,0.0,0.0,0.0,0.0,2.6038890736244e-06,0.0,4.527263176709199e-28,0.0,1.8928730856023064e-28,0.0,0.0,0.0,0.0,-5.600607575937315e-28,0.0,3.0462038556686002e-27,1.0999607933065582e-27,1.8545114875196666e-27,1.3313314035194361e-27,0.0,0.0,0.0,5.321394083381653e-06,0.0,0.0,-2.5620713774499625e-27,9.119275649833661e-29,1.207581715632391e-27,1.3263464167724651e-27,1.4279300186710247e-07,6.731777987361707e-06,1.906767425026031e-07,0.0,2.7149696185984676e-07,0.0,4.782211434269311e-28,0.0,4.801437804186803e-27,6.890984274663431e-09,4.2038264153276753e-07,0.0,0.0,1.2320482364624254e-06,0.0,3.410133476912169e-06,7.996705575668558e-28,0.0,0.0,9.176852083914622e-28,1.798854375395889e-27,9.302850016936031e-30,1.1666896737437814e-06,9.193145318442784e-28,0.0,1.12705461176522e-06,0.0,2.7844156436648664e-27,9.293262407940234e-28,0.0,9.059258979711193e-07,3.0857893684642995e-28,5.84990110297404e-28,1.9949552828838148e-07,5.353431638694777e-28,3.921970660494362e-06,1.2512273274491453e-06,1.2012497012312104e-27,3.779328420573512e-27,0.0,1.2342770299880186e-05,2.452130867857275e-06,1.1418960424548338e-27,3.140469788054411e-06,8.808551137629247e-28,1.2022331523129956e-27,1.1604245694749212e-06,4.606680973998514e-08,3.785842889189111e-07,-1.3855533431128913e-27,0.0,9.723468173409091e-28,3.398766535009592e-28,0.0,1.1702894133283992e-06,5.250374771924862e-28,1.4066287412119882e-27,3.5067053185927294e-28,0.0,5.716484840908861e-28,3.621674649430369e-28,1.124084315903464e-06,4.366253851280698e-28,3.163820478883857e-06,0.0,0.0,0.0,0.0,0.0,0.0,0.0,0.0,4.77830031291419e-07,2.0275771308558987e-28,1.949678732340954e-06,0.0,0.0,5.72302956798024e-29,3.0202486443601454e-27,9.782119680758972e-28,3.816082508553623e-07,2.5869913538653993e-28,0.0,3.172474601664223e-05,0.0,0.0,2.1821901784822274e-27,0.0,3.523862834978745e-28,7.074269735003403e-28,0.0,2.4146265959035244e-27,1.973398950740458e-27,0.0,0.0,-4.015825093291397e-29,9.515779806076401e-07,0.0,1.440557637256197e-27,2.3076294017586992e-06,0.0,9.326602399558516e-28,0.0,7.700165705381526e-08,0.0,5.022590689574485e-28,0.0,0.0,8.507511930486627e-28,3.4838324176833923e-06,0.0,1.7007224350853788e-06,1.5020324615320964e-27,1.0297819509312874e-28,0.0,0.0,0.0,6.773868343931097e-29,0.0,0.0,8.206556523283005e-28,0.0,0.0,0.0,0.0,0.0,0.0,-9.43398973802899e-28,0.0,-9.048688874618366e-29,0.0,0.0,0.0,0.0,0.0,0.0,0.0,0.0,0.0,0.0,0.0,0.0,0.0,0.0,0.0,0.0,0.0,0.0,0.0,0.0,0.0,0.0
0.3168774620555466,3.108919558231021e-25,0.0,0.0,0.0,0.0,0.0005306659367990377,0.0001765330312218322,0.0,-1.3464345892398737e-24,0.0,7.009864250134396e-05,0.0,0.0,0.0,0.0,0.00183348794395765,0.0,3.54129614267034e-25,0.003591825213917696,1.1344422579381178e-24,0.002542750988623507,0.0,0.0,0.0,0.002775644710464067,0.0,0.0,8.874955478702299e-25,0.0029722689716629377,0.0014905400469435379,2.4037604409713417e-05,6.083723675146173e-05,0.003317678649544236,0.009394067156444454,0.0,0.0009011822221733894,0.0,2.3620369223830172e-26,0.0,-9.133515619149794e-25,1.0864423771484541e-25,1.8292678414768283e-25,0.0,4.8334319595432714e-05,6.202581798047432e-26,0.0,3.0035482568315317e-24,0.00025840247132021286,0.0,0.0,0.0015546951308228142,0.000758079737338213,0.0005792923645575221,0.0002872309831550937,0.0022758948282420124,0.0,-2.237879498628368e-25,0.0,0.006077853694499131,-1.2743794376359572e-24,0.0,0.0012445167363155725,6.733502246823e-05,0.0009832953618604194,0.0003482351628635567,-3.1154881511819233e-25,0.00012504667099951495,-4.2536749652656586e-24,0.0017918530092104628,0.002894687626316318,0.01588565862833644,2.263799139432938e-24,2.9055493962579856e-26,-6.156266672950384e-25,0.002363091350390798,0.002730795015355073,3.425072187896319e-05,0.00044586675125833717,0.0027036264395426763,0.00020276682325368105,0.0010944541379020916,0.0,0.0018069744889854362,3.0230207574543305e-25,4.1103934980090413e-25,4.008750737875388e-05,0.00018086431849384022,3.0164633256232833e-24,0.00015210242412064915,3.203928847170691e-25,0.000711901355886671,0.0016734433009086022,-1.406614100222765e-24,3.949152123470705e-05,0.0001867078990782623,0.0,0.0,0.0,0.0,0.0,0.0,0.0,0.0,1.9885901860993993e-05,0.0015977875998983747,0.0002440571804635634,0.0,0.0006889902206878889,0.0001994082812412514,1.6114452917415227e-24,0.003081184059187286,0.00024454314489860647,1.9095542677240874e-24,0.0,0.006106219292359773,0.0,0.0,0.0031549091641268627,0.0,0.0008000654417093375,0.0008774719187585159,0.0,0.0007539663483412784,0.0004218829237930239,0.0,0.0,1.18583329085051e-25,9.646217941254979e-26,0.0,0.0003941612208759837,1.5825973763948787e-05,0.0,7.866763813414212e-05,0.0,0.0003160180462169591,0.0,0.0015617463165518014,0.0,0.0,9.322923901537975e-26,0.0017511308255769688,0.0,6.614225126817916e-25,0.009162093250955898,-4.637524478268029e-25,0.0,0.0,0.000369233662287679,1.5357705710907054e-25,0.0,0.0,7.289746634870847e-05,0.0,0.0007997117865499878,0.0,0.0,0.0002437451259520902,0.001918885095968809,0.00015524091626704467,0.0,-2.129666737495096e-25,0.0,-1.383597283460293e-24,0.0,0.00048190605147404697,0.0,0.0,0.0,0.0,5.711034348210282e-32,0.0,0.0,0.0,0.0,0.0,0.0,0.0,0.0,0.0,0.0,0.0,0.0,0.0
0.27590939428185823,-1.4170155611185266e-25,0.0,0.0,0.0,0.0,0.0018835247747104567,7.604467291073357e-05,0.0,0.0032728096763055582,0.0,0.0003684619864369255,0.0,0.0,0.0,0.0,0.005271265155018904,0.0,0.0028616691706775037,0.006980413851111272,0.0022762059267084,0.0015691227580638437,0.0,0.0,0.0,3.1146941114764485e-24,0.0,0.0,0.0040608473043888494,0.008859858822777492,0.0012234436030050023,0.00013513675002913486,0.0005066628900311585,-2.261395737843156e-24,0.01913386096342808,0.0,0.0011439738576030933,0.0,1.1464169608750363e-25,0.0,1.675190675982652e-26,-1.0766667329736999e-24,0.0014960221978597718,0.0,0.0,-1.3991126945520055e-25,0.0,1.3649038619925459e-05,0.0010062084984423637,0.0,0.0,0.0015107509336434594,0.0001176492207785689,-4.141724888024955e-25,0.000473594774812604,0.002336568333063538,0.0,0.000630409188287288,0.0,0.00895687185730547,-7.704488710657436e-26,0.0,-9.13782447739399e-25,8.779646268069132e-06,-4.858754148125319e-25,0.00042645742697596726,0.0005987489385959428,7.064168475203732e-05,0.002885084487624832,0.004030919362343779,0.001047977779582348,0.0014998052332941807,-1.8479874270320066e-24,0.0008437918059305936,6.019994879954614e-25,0.0013810752102384135,0.0014419124631563209,0.0003624758552844633,0.0002760917655515299,0.0011390233680794054,5.395041337263305e-05,0.0004278468011976468,0.0,4.844473265754704e-25,0.00028332827950877947,0.0,-2.9854279977746243e-27,1.2334659412506846e-25,3.4003944215163514e-25,0.0003094779145330028,-4.845695246018294e-26,1.239964715296833e-24,0.006282921333197375,8.530726822028925e-25,8.797316119553579e-25,0.00013605524147117189,0.0,0.0,0.0,0.0,0.0,0.0,0.0,0.0,-1.9892178826192124e-26,0.0017546579533368398,0.0016992857372085232,0.0,0.0,0.0007567297781084221,-1.2418781098620989e-24,0.0032274313769493214,-2.9083804754839565e-25,0.0033695885838352702,0.0,0.0016807413795993428,0.0,0.0,-1.2183425122837642e-24,0.0,0.0003883626391974369,-2.881472587469462e-25,0.0,0.00019083925288222565,-5.131461514052937e-25,0.0,0.0,3.4023532381110865e-25,0.00024590452868506607,0.0,-7.373194860232941e-25,0.0004836239792495149,0.0,0.0004243800947638966,0.0,0.001231837747886033,0.0,0.0012765527217353182,0.0,0.0,9.862129971869318e-26,0.00010428816909029414,0.0,0.0021061627172040288,0.0026691511280979084,0.0005986788677585939,0.0,0.0,0.0008965967486427425,0.005603850393643245,0.0,0.0,4.579968858623493e-26,0.0,0.0005264034188403246,0.0,0.0,0.0,0.0038227234392264288,0.0015340529480663248,0.0,1.0302133220464361e-24,0.0,-1.5520279178688826e-24,0.0,0.000533546539106594,0.0,0.0,0.0,0.0,0.0,0.0,0.0,0.0,0.0,0.0,0.0,0.0,0.0,0.0,0.0,0.0,0.0,0.0
0.2483030621790161,5.877356795930398e-05,0.0,0.0,0.0,0.0,0.0021541443456879815,0.0001232610945044993,0.00024656036576320027,0.0016718320790033942,0.0,6.561378328889571e-05,1.9472714949957465e-05,0.0,0.0,0.0,0.000294741813493986,0.0,0.0041459430878875445,0.000915860295636346,5.79665142110609e-05,0.00034523987757444855,0.0005539028567441057,0.0,0.0,0.0025179330418127525,0.00042436367983667586,0.0,0.002167945105918528,0.0008064441851030858,0.0027821336322829283,3.9951175233604595e-05,0.0016843263794092344,0.0001034288188373837,0.030445540984368573,0.0,0.003684249734342121,0.0,8.700427362599435e-05,0.0,0.0012570641595292897,4.7167540343955436e-05,9.951858902813602e-05,0.0,0.004219355911383242,1.0829067155044003e-05,0.0003415127543591667,0.0008706824571362778,0.0018524532362889706,0.0,0.0,0.002837389650641653,0.00011788405986645344,0.00030034694678552823,0.0036978172109373127,0.005062203235325179,0.0,0.0019013406075976047,4.353461399715719e-05,0.019976678536344827,0.00037110372638461014,0.0,0.00028273683103009333,0.0018601315110887266,0.004110181214608186,0.0011397375841520733,0.0015629119328292662,0.0006281294016684574,0.0025234627569825268,0.0027785317729287404,0.002617524071203555,0.0022741108511941895,0.0037247708075201853,0.0028913189396056007,0.0020671392011006556,0.00031697406536069134,0.004284226831080402,0.003554381561553654,0.0037249177207743615,0.002893223678455443,0.0018471520781851477,0.0018441273347642824,0.0,0.003291946933281019,3.297028153215657e-05,0.00888114063329622,2.1512286846873326e-06,0.0019702616682813335,0.00508734959995547,0.0014555942490738598,0.0018209873995535806,0.0016575384883211243,0.00030681636940658053,0.0017773206391390871,0.0025715615260565607,3.183576002003591e-05,0.0,0.0,0.0,7.542669459609029e-05,0.0,0.0,0.0,0.0,1.7825085095951844e-05,0.0032201588759841753,0.0014953494153139293,0.0,0.0003540808825656502,0.0008625720495911837,0.010254569909934565,0.0002060354329821524,0.005073161021617678,0.001349013811637349,0.00023062064868183422,0.0020925827174772134,0.0,0.00026326896096625393,0.0004166349467453104,0.0,0.0027018604148716886,0.007463067434925195,0.0009617623924303562,8.8141657348096e-05,0.00037603604606512253,0.0,0.0,0.00010380056581218979,0.0018103576664044124,0.0,0.002826876203920409,0.002160400105896704,0.0,0.0021988460498635035,0.0,0.008792769381431535,3.2104654842740406e-05,0.00021453429648270268,0.0,0.0,0.00039401311195724835,0.005427824692756817,0.0,0.00020250925698941884,0.00040954538082652226,0.0017651062798236213,0.0,0.0,0.00025267079103238,0.0002007370153711861,0.0,0.0023435240948827957,0.0030288638801389514,0.0,0.00787308050577581,0.00037325716507353947,4.212145496555817e-05,0.00022061486528267252,0.00017600156536691727,0.00027962820401457127,3.812286702402208e-05,9.280529545704756e-05,7.375577643290383e-05,0.0002626479227314627,0.00020995191471972748,0.0027504593174429077,0.00011388340399119027,3.025701890812468e-05,0.00012945784749875485,0.00014666954547779717,0.009634335005999962,6.592151499225336e-05,0.00018516447422411845,0.0047736640974383035,4.346358386969704e-06,0.00022495555020155577,0.00016762010687491628,0.0001839904655585094,9.954217688101788e-05,0.0002660033785469465,0.00015425658614997195,0.0001482697242332926,0.00012850764446557507,8.029807131314778e-05
0.14227601993024072,0.0,0.0,0.0,0.0,0.0,0.0023872243409945875,0.0,-2.998503018149836e-25,0.0014320514469497842,0.0,0.0,2.414407311513766e-25,0.0,0.0,0.0,0.0,0.0,0.005482020953980079,9.776307952268939e-25,0.0,-9.729118398213612e-27,2.8992222528393835e-25,0.0,0.0,0.0032384410439801393,1.9518157186853627e-25,0.0,0.0030937340804918106,0.0014261690826587621,0.003376236800401818,0.0,0.001907410105479843,0.0,0.011975390870474912,0.0,0.006222763136644295,0.0,0.0,0.0,0.0,-1.6352591734456154e-26,0.0,0.0,0.003144653079291033,0.0,-4.953955972478795e-25,0.003277059915086735,0.0031663667401980464,0.0,0.0,0.002515512741515115,1.3467789803490757e-26,1.2900751131133635e-25,0.004796673595732076,0.009025484001416265,0.0,0.0014001983036638643,4.37790332707027e-25,0.007360405141374597,9.071112543209789e-25,0.0,2.815479821391301e-25,0.0029071481041335664,0.005618800439145889,0.0019004304831310216,0.0014152119704853438,0.0003548073262530574,0.003041898343609715,0.003621009253779321,0.004827532209855051,1.6988843154662956e-25,0.0030244261097251935,0.0033380839839445486,0.0030640519808066654,8.149540282706741e-26,0.0061777092166198444,0.004720256976096358,0.00470884034422114,0.004411005126577136,0.0019063613536974963,0.002752890717270074,0.0,0.004933341020015977,0.0,0.015661302957752473,0.0,0.003549519837943522,0.001654671880431219,0.002197616941780959,0.0023171517543741434,0.0019571392493172844,1.5325301477546552e-25,0.004034244306878845,0.005974013241776693,0.0,0.0,0.0,0.0,3.434243856347357e-27,0.0,0.0,0.0,0.0,0.0,0.0027433753840319063,0.003510990159757944,0.0,-2.531215251995337e-25,0.0015846935076902218,0.01165909116736045,1.5554817106132427e-05,0.005554116032654142,-6.859532980379802e-25,-6.039861364062529e-25,4.215039756807846e-25,0.0,-1.1247481249990998e-25,-2.630899364357639e-26,0.0,0.004974965325946512,0.01293219930309139,-4.364290682040246e-25,-1.0460408208719149e-54,3.3730322540775533e-25,0.0,0.0,0.0,0.0019153916656415898,0.0,0.001715133203161901,0.0033380301341871875,0.0,0.0031360646018328835,0.0,0.010694711753794712,6.245409441208114e-25,2.4235118059900686e-26,0.0,0.0,-2.917577687556318e-25,0.01172403294113312,0.0,0.0,0.0,0.004515554054709921,0.0,0.0,-1.1294430982942656e-25,0.0,0.0,0.0034969702568270465,0.005631993283263704,0.0,0.013015728049496647,-5.524115579179106e-25,5.962311481560413e-25,8.280826897988953e-26,0.0,5.476997572587194e-25,8.574723631614967e-26,-2.3439648450337577e-25,1.708554661120062e-25,0.0,4.7092613446734615e-25,0.006496065385292782,1.8707001019124195e-25,6.77379388298837e-26,-4.945521298617407e-25,-5.8770745735588124e-27,0.022519950973925645,1.1578453354355071e-24,-1.2624115143616517e-24,0.0027125174315530574,1.0640402415355672e-26,3.0143161260668888e-25,1.7108376992571078e-25,6.143022119390503e-25,6.197943789602271e-27,-5.154564523335843e-25,8.040518211700274e-26,-1.367563325681353e-25,5.053545930607153e-25,7.287904110463485e-26
0.4698513941068602,-1.0109506715927393e-24,0.0,0.0,0.0,0.0,0.0,0.001961053816552103,0.0,6.371359478281393e-25,0.0,8.98268190271639e-26,0.0,0.0,0.0,0.0,0.0022774869000524844,0.0,6.499246244916496e-25,4.249008042951044e-25,-4.153673357015856e-25,4.101478479306138e-25,0.0,0.0,0.0,0.012763292320487559,0.0,0.0,-1.4156497306100091e-24,-8.976710258843658e-25,-1.2733521141002569e-24,-2.699463641669986e-24,4.135527033636968e-25,0.0019038530206977762,-1.6343872629421501e-24,0.0,0.0002562590317484093,0.0,0.0010291807216025162,0.0,0.011937851793438807,0.0001733346645022937,-3.2274841039114065e-25,0.0,0.0,1.900273022798177e-25,0.0,0.0006587557920519785,9.492326458062486e-26,0.0,0.0,5.855444937088659e-25,0.0010243376610615225,0.0052033026672521805,4.435673687164953e-25,8.93541825776226e-25,0.0,-1.7246867947172017e-25,0.0,0.0010771299789954483,0.0004474235761693974,0.0,2.586644539090663e-25,0.0007555026546974688,9.81165121235854e-06,-2.706127029401804e-25,-1.0039843396741225e-25,0.004770787954497777,6.735464165562792e-25,2.6624146845445204e-25,0.001607610425974647,0.0,3.6598001846309735e-24,0.00023315894356059353,0.002286863473388918,0.0007222530247563119,0.000868679332278258,0.0007618572559589243,0.000749130606403361,0.0014049375044455593,-4.139180141169003e-25,-1.3341457388971725e-25,0.0,-1.3605665288444249e-24,4.530076437101867e-25,0.0,2.763034307726781e-26,3.5226237219456825e-25,0.002471291443488239,-4.835940792962603e-26,0.0,1.360795339831387e-25,-1.542184332573918e-24,1.219085103597474e-24,-2.0514927043236087e-25,2.4138384943756097e-25,0.0,0.0,0.0,0.0,0.0,0.0,0.0,0.0,0.0002472633677346861,0.0006833594686141014,0.001151379849340766,0.0,0.0,0.0009255950246078853,3.819964871958446e-24,-4.628924114133468e-25,0.0025960305983070008,1.2683944977330194e-24,0.0,0.01327506451499386,0.0,0.0,0.0022048903136427218,0.0,1.9147325218980298e-25,-5.510117738695939e-25,0.0,0.0013302153428661184,-3.1917246963946154e-25,0.0,0.0,-8.683335237608835e-26,-1.5184455644424532e-25,0.0,2.8244007770177237e-24,0.002119226495493731,0.0,9.573021089387046e-05,0.0,-5.832082357266707e-25,0.0,9.917526841687606e-26,0.0,0.0,0.001637380945911803,3.223443246844937e-25,0.0,0.00037606292376424785,5.856274515655817e-25,0.0008170129181050601,0.0,0.0,0.0,-2.7388895045216887e-24,0.0,0.0,2.208901955051353e-26,0.0,8.26444718613869e-06,0.0,0.0,0.0,1.4413530136387651e-06,-9.116359980178009e-26,0.0,-5.74953484829793e-25,0.0,0.0012264853766321623,0.0,1.1850730594488409e-05,0.0,0.0,0.0,0.0,0.0,0.0,0.0,0.0,0.0,0.0,0.0,0.0,0.0,0.0,0.0,0.0,0.0,0.0
0.3782628340720721,0.0,0.0,0.0,0.0,0.0,-1.2288077746145202e-25,0.0,0.0012526296295561137,0.0016873756858311324,0.0,0.0,-2.3131266009219314e-25,0.0,0.0,0.0,0.0,0.0,-1.958471798559471e-24,0.0001403190105649305,0.0,0.0,0.009282223670175343,0.0,0.0,0.0010969339653482718,0.0030963236798452823,0.0,0.0,0.0,0.003653641571744485,0.0,0.0010920777100350465,0.0,7.967739799124431e-05,0.0,4.253620057051069e-25,0.0,0.0,0.0,0.0,0.0,0.0,0.0,-8.828554653613202e-25,0.0,0.0063560908861950045,0.0,0.0017955096551970212,0.0,0.0,0.00016577765998586274,0.0,0.0,0.00046470531025221817,0.0012160431226937829,0.0,0.0010095934250193071,-2.737338526631904e-24,0.0,-2.8897093424263822e-24,0.0,0.0,0.0007293802894836047,-1.4518193453510409e-24,0.0005122938139313255,1.8005446899442405e-25,-7.238176872587706e-25,0.0,0.0019358429354201206,1.1477987670903639e-05,0.0,0.0003071391991342182,0.001666577632073849,-3.1736244856730564e-25,0.0,0.0,0.000940139323896467,0.0004709002619259931,0.002184139407541937,-5.227982951190848e-26,0.00010878739539171676,0.0,-1.9274923221939438e-25,0.0,0.002600702497405921,0.0,1.415323565914965e-25,-1.8987163682382521e-25,0.0005621884598332618,0.00017207929483860102,-2.6911046377746532e-25,0.0,0.0003160217525663252,0.0,0.0,0.0,0.0,0.0,8.924082370121088e-27,0.0,0.0,0.0,0.0,0.0,0.00031550471495573907,0.0,0.0,0.0,0.00010098284483819361,-3.536086639560899e-26,0.0,0.000978193490802603,0.0,-1.4295808969177743e-24,0.0,0.0,2.339577284219398e-24,0.0,0.0,0.0,0.0033189210376722796,0.00043760921345013527,0.0,-2.0693485186312765e-24,0.0,0.0,0.0,1.018800274094382e-24,0.0,0.00029523410523412915,0.0012622733813886858,0.0,0.0002696738497792726,0.0,-1.4171253533137499e-24,-8.270322045276512e-27,0.0,0.0,0.0,0.0014881749508425253,-1.2677972004819739e-24,0.0,0.0,0.0,0.0,0.0,0.0,0.0005900477989902349,0.0,0.0,0.0022916098789866513,0.0,0.0,0.00039981056781977434,0.0077000330979990015,4.6227075071474885e-25,0.0,0.0,0.0010508579185622266,5.547412359512684e-25,0.0,1.183013289935035e-24,0.0,0.0019301250243992751,-4.4226152154163864e-27,0.0002339941201011743,-3.725088681368287e-25,-1.4789992756760397e-24,0.0011446908395904795,0.00030120276480543267,-4.1249091606748004e-24,1.2752458038994543e-24,-5.386335572150686e-24,-5.523424969565396e-26,0.002475448528849607,0.0007382950865841063,0.0004974905013107043,0.0,4.805867377171148e-05,0.001972709313092674,9.04087096238816e-25,0.0023449546282420914,0.0007191601549636093
0.10794515682629945,2.0822644563689156e-25,0.0,0.0,0.0,0.0,0.0003283485512478327,5.201618711569429e-26,0.0,7.722354117868565e-05,0.0,1.7042815520760637e-25,0.0,0.0,0.0,0.0,0.0009489679597719089,0.0,0.003085692725774575,0.0019407055964279795,5.674509954823201e-25,2.8321021902412975e-25,0.0,0.0,0.0,0.001117570414695778,0.0,0.0,-2.1573739404905733e-24,0.0003021631837603062,0.0006715333977097049,1.8980482851272892e-25,0.00014903124945617573,9.250605467413452e-26,0.0033940109706077242,0.0,0.00021350267403201802,0.0,4.4326047319315843e-26,0.0,4.577157887182084e-25,2.0466619047910124e-25,2.504576608604697e-25,0.0,0.0007568358019617571,5.505829393697198e-26,0.0,0.0061682588777677615,3.8527206750712666e-05,0.0,0.0,0.00027291946290110524,9.513532614269464e-26,1.9379195512351703e-24,0.0008373328604224928,0.0005674409095134326,0.0,0.0001606087246242345,0.0,0.0036211574424371623,0.002097029097187833,0.0,0.0011172154149125897,6.762085143314787e-05,0.0021915018634463524,0.00018275402051097078,0.0004712216923099347,0.0007980205546658565,0.0006728594876394475,0.000632111380028454,0.0011212660158518419,4.4033851438700174e-05,0.000977116328266341,0.0020690257806313286,0.0005704446224946594,0.00018391469236514701,0.00039076277189856016,0.00016239535457377333,0.00025005499833255024,0.00047858219483659984,0.00046128250841356356,0.00019689524318525963,0.0,1.1881388297479508e-24,3.108211607428967e-25,0.006898593099227288,3.1056799245741165e-27,0.00015978933188398142,0.0008143967014249862,0.00011268036392965442,2.6390677036012895e-05,0.000523642668091076,0.0001203856113299598,0.0001518729137763501,0.0004119598066894068,-3.463119938085402e-26,0.0,0.0,0.0,0.0,0.0,0.0,0.0,0.0,1.3641136521355498e-26,0.0014323782225011835,0.001019011472861985,0.0,0.0009335214882751723,0.00020262581598478956,0.0020273644477773285,7.31470666833405e-25,2.0394230120726042e-06,0.0018818696410248228,0.0,0.005823227734818103,0.0,0.0,1.3923075009621933e-24,0.0,0.0023074749775310478,0.0006185114741374224,0.0,2.5438956675292196e-25,0.0005836853528369425,0.0,0.0,4.106157513077656e-25,0.00017230000159378447,0.0,0.00018520757905758677,0.0007501949590887142,0.0,0.00017798755492947298,0.0,0.004099282064477162,0.0,2.852024557551744e-25,0.0,0.0,1.7939513128268942e-25,0.0013728342334705013,0.0,2.4949985417522245e-25,7.285301248569969e-25,0.0007739687974232887,0.0,0.0,0.0002318896950050696,1.895643081826303e-24,0.0,0.0004811947122265657,0.0002951761145443365,0.0,0.0024780028902959563,0.0,0.0,-5.001947881197497e-26,3.7715330780238784e-25,0.0001369227437861996,0.0,-4.5148101618674575e-25,0.0,2.7119120840040415e-25,0.0,0.0004738268560379269,0.0,0.0,0.0,0.0,0.00044957212773402304,0.0,0.0,0.001689686173528048,0.0,0.0,0.0,0.0,0.0,0.0,0.0,0.0,0.0,0.0
0.18463653272066438,-9.175775212774554e-26,0.0,0.0,0.0,0.0,0.004419132251592388,2.5512148776663243e-05,8.020705036562366e-05,0.0037313759138016315,0.0,8.521208123972563e-26,-4.875173131108444e-26,0.0,0.0,0.0,-9.568682804179197e-27,0.0,0.008999725261746253,-1.9274892472941454e-24,-1.743190676416279e-26,3.12790482873055e-25,6.68915874472098e-25,0.0,0.0,0.005513947798611313,0.0006712036842921194,0.0,0.004341566333472575,-4.65016895209184e-25,0.005080283868488296,-2.363715519380286e-25,0.0037089348131986934,-1.478780542415202e-25,0.06466437230774849,0.0,0.007298720524487559,0.0,1.1262978124121872e-05,0.0,2.2865701660641548e-05,-1.7800605732176427e-25,-1.1699241507668137e-25,0.0,0.01110906246957714,-2.4295729128914816e-26,5.849353259149169e-26,2.063816596887456e-25,0.004001309830694696,0.0,0.0,0.006535026908903873,1.4818030937694684e-26,-1.8260032057938122e-25,0.009122741805909242,0.013393811305193008,0.0,0.004128293001591671,-1.6748820107424459e-25,0.037732209480172266,-1.5089734047476832e-24,0.0,-6.240807143032238e-25,0.0036659282463795107,0.00961350948388336,0.0026963405786159956,0.0033095640906062457,0.002056434771705345,0.0063209765550518,0.005538076770561839,0.005325958918988511,0.003994963160664149,0.006777377901336562,0.0051412526923582036,0.004648239419117269,0.00019926952773949557,0.008367032893159172,0.007810680945080872,0.008080085973679518,0.005248738914158719,0.003793224334635734,0.004158124085795415,0.0,0.007278319636975105,-5.861562349652936e-26,0.023271734536788526,1.1676304555192844e-06,0.00436689995938311,0.010984145152309877,0.002765281215941268,0.0037096708737458426,0.0034581269655347977,-3.9607590335723103e-25,0.004167822679590581,0.006008035114325834,-3.7838521556828234e-26,0.0,0.0,0.0,-2.1871184343837096e-25,0.0,0.0,0.0,0.0,-5.683629322552414e-27,0.006296231246363497,0.002156486933324445,0.0,-1.8905388999373743e-25,0.001463487166512917,0.02597694140173672,3.5955977493512494e-26,0.012009917672344892,-6.141208191276419e-25,-4.637095884903326e-25,-2.737362924662085e-24,0.0,1.671436370447535e-25,3.589406699729295e-25,0.0,0.005087178643245028,0.0191364782273565,0.004233573680697664,-8.859538133530426e-26,8.653218517872469e-25,0.0,0.0,-1.0155615435220899e-25,0.004425918228642549,0.0,0.005983883277101686,0.00403364100653167,0.0,0.005735324613459222,0.0,0.02186217755172835,-3.335891153112044e-26,-8.818153685131888e-26,0.0,0.0,-1.4510396792211786e-24,0.013684815147351653,0.0,-5.585234250052194e-26,0.002484600835459091,0.0028073243990568058,0.0,0.0,-8.050885475006798e-25,-4.896024001891842e-25,0.0,0.00566138203374286,0.008474607726128977,0.0,0.015298201639877896,-1.7663451613431545e-25,6.12093166819921e-26,-7.109280306893625e-26,-1.0104858440714146e-25,-3.95200399379783e-25,7.804136155036408e-26,-7.002397970154643e-25,1.0274016556980447e-25,-1.0342954005665216e-24,1.3076283128476745e-25,0.007580818082361826,-1.716151769276629e-25,5.922714236643789e-26,-2.447800193135159e-26,-1.1407354233713213e-25,0.024090638256660978,-4.764363194200175e-26,-7.589350695546003e-25,0.010425739825383447,-1.477034354905229e-26,5.9370122636074346e-05,-1.4462378675842452e-25,0.0001935027935311037,0.00016997508887089266,7.855983697375843e-05,0.00018873693131152289,1.5014925749749853e-25,-3.475126947486356e-25,1.1467131193215693e-26
0.2483030621790161,5.877356795930398e-05,0.0,0.0,0.0,0.0,0.0021541443456879815,0.0001232610945044993,0.00024656036576320027,0.0016718320790033942,0.0,6.561378328889571e-05,1.9472714949957465e-05,0.0,0.0,0.0,0.000294741813493986,0.0,0.0041459430878875445,0.000915860295636346,5.79665142110609e-05,0.00034523987757444855,0.0005539028567441057,0.0,0.0,0.0025179330418127525,0.00042436367983667586,0.0,0.002167945105918528,0.0008064441851030858,0.0027821336322829283,3.9951175233604595e-05,0.0016843263794092344,0.0001034288188373837,0.030445540984368573,0.0,0.003684249734342121,0.0,8.700427362599435e-05,0.0,0.0012570641595292897,4.7167540343955436e-05,9.951858902813602e-05,0.0,0.004219355911383242,1.0829067155044003e-05,0.0003415127543591667,0.0008706824571362778,0.0018524532362889706,0.0,0.0,0.002837389650641653,0.00011788405986645344,0.00030034694678552823,0.0036978172109373127,0.005062203235325179,0.0,0.0019013406075976047,4.353461399715719e-05,0.019976678536344827,0.00037110372638461014,0.0,0.00028273683103009333,0.0018601315110887266,0.004110181214608186,0.0011397375841520733,0.0015629119328292662,0.0006281294016684574,0.0025234627569825268,0.0027785317729287404,0.002617524071203555,0.0022741108511941895,0.0037247708075201853,0.0028913189396056007,0.0020671392011006556,0.00031697406536069134,0.004284226831080402,0.003554381561553654,0.0037249177207743615,0.002893223678455443,0.0018471520781851477,0.0018441273347642824,0.0,0.003291946933281019,3.297028153215657e-05,0.00888114063329622,2.1512286846873326e-06,0.0019702616682813335,0.00508734959995547,0.0014555942490738598,0.0018209873995535806,0.0016575384883211243,0.00030681636940658053,0.0017773206391390871,0.0025715615260565607,3.183576002003591e-05,0.0,0.0,0.0,7.542669459609029e-05,0.0,0.0,0.0,0.0,1.7825085095951844e-05,0.0032201588759841753,0.0014953494153139293,0.0,0.0003540808825656502,0.0008625720495911837,0.010254569909934565,0.0002060354329821524,0.005073161021617678,0.001349013811637349,0.00023062064868183422,0.0020925827174772134,0.0,0.00026326896096625393,0.0004166349467453104,0.0,0.0027018604148716886,0.007463067434925195,0.0009617623924303562,8.8141657348096e-05,0.00037603604606512253,0.0,0.0,0.00010380056581218979,0.0018103576664044124,0.0,0.002826876203920409,0.002160400105896704,0.0,0.0021988460498635035,0.0,0.008792769381431535,3.2104654842740406e-05,0.00021453429648270268,0.0,0.0,0.00039401311195724835,0.005427824692756817,0.0,0.00020250925698941884,0.00040954538082652226,0.0017651062798236213,0.0,0.0,0.00025267079103238,0.0002007370153711861,0.0,0.0023435240948827957,0.0030288638801389514,0.0,0.00787308050577581,0.00037325716507353947,4.212145496555817e-05,0.00022061486528267252,0.00017600156536691727,0.00027962820401457127,3.812286702402208e-05,9.280529545704756e-05,7.375577643290383e-05,0.0002626479227314627,0.00020995191471972748,0.0027504593174429077,0.00011388340399119027,3.025701890812468e-05,0.00012945784749875485,0.00014666954547779717,0.009634335005999962,6.592151499225336e-05,0.00018516447422411845,0.0047736640974383035,4.346358386969704e-06,0.00022495555020155577,0.00016762010687491628,0.0001839904655585094,9.954217688101788e-05,0.0002660033785469465,0.00015425658614997195,0.0001482697242332926,0.00012850764446557507,8.029807131314778e-05
0.2483030621790161,5.877356795930398e-05,0.0,0.0,0.0,0.0,0.0021541443456879815,0.0001232610945044993,0.00024656036576320027,0.0016718320790033942,0.0,6.561378328889571e-05,1.9472714949957465e-05,0.0,0.0,0.0,0.000294741813493986,0.0,0.0041459430878875445,0.000915860295636346,5.79665142110609e-05,0.00034523987757444855,0.0005539028567441057,0.0,0.0,0.0025179330418127525,0.00042436367983667586,0.0,0.002167945105918528,0.0008064441851030858,0.0027821336322829283,3.9951175233604595e-05,0.0016843263794092344,0.0001034288188373837,0.030445540984368573,0.0,0.003684249734342121,0.0,8.700427362599435e-05,0.0,0.0012570641595292897,4.7167540343955436e-05,9.951858902813602e-05,0.0,0.004219355911383242,1.0829067155044003e-05,0.0003415127543591667,0.0008706824571362778,0.0018524532362889706,0.0,0.0,0.002837389650641653,0.00011788405986645344,0.00030034694678552823,0.0036978172109373127,0.005062203235325179,0.0,0.0019013406075976047,4.353461399715719e-05,0.019976678536344827,0.00037110372638461014,0.0,0.00028273683103009333,0.0018601315110887266,0.004110181214608186,0.0011397375841520733,0.0015629119328292662,0.0006281294016684574,0.0025234627569825268,0.0027785317729287404,0.002617524071203555,0.0022741108511941895,0.0037247708075201853,0.0028913189396056007,0.0020671392011006556,0.00031697406536069134,0.004284226831080402,0.003554381561553654,0.0037249177207743615,0.002893223678455443,0.0018471520781851477,0.0018441273347642824,0.0,0.003291946933281019,3.297028153215657e-05,0.00888114063329622,2.1512286846873326e-06,0.0019702616682813335,0.00508734959995547,0.0014555942490738598,0.0018209873995535806,0.0016575384883211243,0.00030681636940658053,0.0017773206391390871,0.0025715615260565607,3.183576002003591e-05,0.0,0.0,0.0,7.542669459609029e-05,0.0,0.0,0.0,0.0,1.7825085095951844e-05,0.0032201588759841753,0.0014953494153139293,0.0,0.0003540808825656502,0.0008625720495911837,0.010254569909934565,0.0002060354329821524,0.005073161021617678,0.001349013811637349,0.00023062064868183422,0.0020925827174772134,0.0,0.00026326896096625393,0.0004166349467453104,0.0,0.0027018604148716886,0.007463067434925195,0.0009617623924303562,8.8141657348096e-05,0.00037603604606512253,0.0,0.0,0.00010380056581218979,0.0018103576664044124,0.0,0.002826876203920409,0.002160400105896704,0.0,0.0021988460498635035,0.0,0.008792769381431535,3.2104654842740406e-05,0.00021453429648270268,0.0,0.0,0.00039401311195724835,0.005427824692756817,0.0,0.00020250925698941884,0.00040954538082652226,0.0017651062798236213,0.0,0.0,0.00025267079103238,0.0002007370153711861,0.0,0.0023435240948827957,0.0030288638801389514,0.0,0.00787308050577581,0.00037325716507353947,4.212145496555817e-05,0.00022061486528267252,0.00017600156536691727,0.00027962820401457127,3.812286702402208e-05,9.280529545704756e-05,7.375577643290383e-05,0.0002626479227314627,0.00020995191471972748,0.0027504593174429077,0.00011388340399119027,3.025701890812468e-05,0.00012945784749875485,0.00014666954547779717,0.009634335005999962,6.592151499225336e-05,0.00018516447422411845,0.0047736640974383035,4.346358386969704e-06,0.00022495555020155577,0.00016762010687491628,0.0001839904655585094,9.954217688101788e-05,0.0002660033785469465,0.00015425658614997195,0.0001482697242332926,0.00012850764446557507,8.029807131314778e-05
0.16820953897275256,-1.1640945916058634e-25,0.0,0.0,0.0,0.0,0.0027371711358038075,-5.375725592167001e-26,-7.677384679260244e-25,0.0004101559815016068,0.0,-1.4566421060924157e-25,-2.65334298558505e-25,0.0,0.0,0.0,-4.094430899508245e-25,0.0,0.007688967224751496,-8.180301531655299e-25,-1.884974190382106e-25,1.9306810999274516e-25,-3.073755148285571e-25,0.0,0.0,0.00352404459506401,-6.2375326216501595e-25,0.0,5.781170426775631e-05,0.000659727269911994,0.003470737335415848,-1.146871176890121e-25,0.0015079069602566303,-1.9383665419048073e-26,0.03314412509300531,0.0,0.005245175365780857,0.0,-2.3264786111669662e-26,0.0,-5.676342070822927e-25,-4.0407457024050124e-25,-2.0676844032320161e-25,0.0,0.004896879268300874,-2.519035591428078e-26,-3.60896738819679e-25,1.516738597942361e-25,0.0025676046462848865,0.0,0.0,0.004617350563449468,-8.450808277195337e-25,-1.055078345035037e-24,0.006671681440238257,0.005257248716467202,0.0,0.0016616341434691905,-2.2157380416527958e-25,0.00946850911569238,-1.7177935299329054e-24,0.0,9.913897125435961e-05,0.001999948567042189,0.00594250236264356,0.0018828262257071765,0.0024542262416954973,0.0013919861721172304,0.004082110195548089,0.0018970890632378976,0.0017620841114149772,-1.90787263370785e-24,0.004900399535258496,0.003526719252551632,0.0015338198141585917,5.459525764709587e-06,0.0052978170104663195,0.005381233865539389,0.005479266685908874,0.004453070143049653,0.0013409256401273875,0.003072399989249146,0.0,0.002854835448218293,-3.2553241783533923e-25,0.016423074665203125,-4.014466847487058e-27,0.003153877732982484,0.006472131138790632,0.0016332383963861415,0.0015199139968312555,0.0014902297699476569,-1.5457092488632383e-24,0.0029050308643236576,0.004908071817302245,-2.5414909847556838e-26,0.0,0.0,0.0,-4.770792220438557e-25,0.0,0.0,0.0,0.0,-1.726629297915652e-26,0.0032404953509670886,0.0008620342709485667,0.0,-6.7295825179279875e-25,0.0009920584910056225,0.010582913060572203,-7.138318614522948e-25,0.007359137109467962,-1.816451723207009e-24,-5.810016803977518e-25,0.0035211870505142554,0.0,7.571351323544317e-05,-7.258912057927374e-25,0.0,0.0050265774256169566,0.009597015314885774,-1.2090165984226942e-24,-1.5127763227300278e-25,-6.731303294368592e-25,0.0,0.0,-2.26601938360733e-25,0.0030086197253060146,0.0,0.0013407458181160434,0.00271520476587086,0.0,0.003596867157647256,0.0,0.008625194394017915,-2.077212897372364e-25,-3.2138351375851447e-25,0.0,0.0,-1.9776495416078017e-24,0.007567662472581176,0.0,-2.8293855351628083e-25,-2.3537528517677595e-25,0.0013738941589207616,0.0,0.0,-6.913295724392599e-25,-1.1893075057839082e-24,0.0,0.0036139990131124782,0.006360506697628056,0.0,0.008012222986075745,-9.881241625654796e-25,-1.065270910765575e-25,0.00010416283160185407,-7.13728123454944e-26,-4.324525734547432e-25,-9.559604819973683e-26,-5.484187237624175e-25,-3.3968789564963994e-25,-2.0343880844429852e-25,-1.1861518480277122e-24,0.0038945383248664115,1.415883651903122e-05,1.1663117501487922e-05,-3.683573504185795e-25,-3.7181971613186766e-25,0.008328031605797339,-3.59913187340531e-25,-4.850952085965446e-25,0.006189700040738033,-2.603517746489609e-26,-4.160721880486692e-25,-3.354230514693742e-25,-2.766339073862552e-25,3.074621085935282e-05,0.00019314664193650831,3.0192916154246706e-05,-3.8185891284520723e-25,-3.893118653010372e-25,-8.338664353985077e-26
0.45602820998640775,0.0010965636815397758,0.0,0.0,0.0,0.0,0.000606964863848132,1.8480402677049546e-25,0.0,0.0013664926521860742,0.0,1.3118221497156773e-25,0.0,0.0,0.0,0.0,1.1391767495649495e-24,0.0,8.2562725681148545e-25,0.0011831768461308396,6.549546735838409e-26,-1.3138079680145662e-24,0.0,0.0,0.0,0.002162282340404535,0.0,0.0,-7.441321141909947e-25,0.005661579118456126,0.0007584594140107167,0.00017707024855102317,0.0005198411523544087,0.0019764628052683993,0.009746210972417799,0.0,9.067577355903506e-25,0.0,-6.238547415495623e-26,0.0,-4.122219896116571e-24,9.151970737261797e-25,1.8150775592042356e-25,0.0,0.0004972332608890527,7.535836253411915e-26,0.0,-9.592171935156539e-25,0.0009164091697964558,0.0,0.0,0.0004909368680129271,0.0007692704594729474,5.905198524396096e-25,8.45535527010325e-25,0.0015592882342043719,0.0,3.4712575929058058e-25,0.0,0.002523972659466551,0.0007459016830685347,0.0,4.101003251485801e-24,8.478246888891432e-05,0.0013106604331539352,4.0263404306474006e-26,0.00022333022563980295,0.00046450395970957885,0.013184666646606238,0.002301069229481083,0.0003692087956617499,0.006094905977112405,9.695834802086736e-24,0.003575994591598927,0.0005023527347836816,0.00046988025561564843,0.0003592019415353547,0.0002655065343606182,5.402672220176859e-05,0.0009945517497297813,0.00014373766166429308,0.00016380454625789862,0.0,-3.946470606133584e-25,4.775540182592896e-26,3.065085026679484e-05,4.965499443229472e-27,6.923559527326094e-26,7.571961044107657e-24,-3.7824980967503525e-25,0.0009843164269641613,0.000382872484130655,0.0013616628563831274,2.909694916262895e-25,4.269370368840367e-25,2.8461095591745343e-06,0.0,0.0,0.0,0.0,0.0,0.0,0.0,0.0,3.157421631925741e-05,0.0012547462462694859,0.000532729796397498,0.0,0.000768042239342488,-1.9586565273548636e-25,0.0007564923792138025,0.001628979788769224,-4.0211408433958725e-25,0.012681211299946251,0.0,0.008762021459725022,0.0,0.0,2.724113197832617e-24,0.0,0.0006450945609021913,-4.250953602727624e-25,0.0,-2.730090436564063e-24,2.3870993635441713e-24,0.0,0.0,0.0004392955574355402,-2.9798492448636283e-25,0.0,0.0005718505634871912,0.0005546465587570131,0.0,3.645422274136307e-25,0.0,9.999717511713661e-25,0.0,0.001140210762048613,0.0,0.0,-9.012752513905205e-26,0.0005395312182290237,0.0,0.001232283524362478,3.352581487540761e-24,-1.2800552249722113e-25,0.0,0.0,3.710213625070459e-25,4.7103338666660385e-24,0.0,0.0,0.0005420803878468236,0.0,0.0010204351061045705,0.0,0.0,0.0005342977463788849,0.0020181011468251727,-6.348145853070621e-26,0.0,1.1607732836174722e-24,0.0,1.1033215553062407e-24,0.0,0.000875858888812124,0.0,0.0,0.0,0.0,2.537776124562369e-31,0.0,0.0,0.0003126139069433017,0.0,0.0,0.0,0.0,0.0,0.0,0.0,0.0,0.0,0.0
0.06258628604744822,5.365493779172133e-26,0.0,0.0,0.0,0.0,0.00010337171407747736,-3.14636753677701e-27,0.0,4.756115192760361e-25,0.0,-1.8628929101905228e-25,0.0,0.0,0.0,0.0,-4.914252898448476e-26,0.0,0.0008669832378914791,0.0002388280298119694,-4.058703454472071e-26,4.950909462151319e-05,0.0,0.0,0.0,-9.183182437889987e-25,0.0,0.0,-1.0001571833266291e-25,0.0002620534318271068,0.0007124565986995409,-3.7128669735951537e-26,9.855690542451956e-26,1.3480347140886384e-05,-2.104704368514945e-25,0.0,4.902123945248645e-05,0.0,-5.9589754729337126e-27,0.0,3.3370618870609736e-26,-8.56574440472579e-26,-3.1194927673013204e-26,0.0,0.000186415335363604,8.19021996415047e-06,0.0,0.002515217843027321,2.5201216733054092e-05,0.0,0.0,0.00010916841085757116,1.5891771803097202e-05,0.0019374725990874626,6.662566752420925e-26,4.18338960938026e-26,0.0,-2.5012870044586247e-27,0.0,0.0016314153955309908,0.00016729503622158495,0.0,-8.223498047706812e-26,-1.011617949485515e-25,-3.47726174069366e-25,1.0412890388341806e-25,3.645122183576935e-05,0.0006976232580179312,-9.772837287447484e-25,2.2962202993754287e-05,0.0002588474149560888,0.0005751962457030304,-1.2324447683408022e-25,3.4065468488168867e-25,0.00038325643360385974,7.995672047871566e-26,0.0003962440735524065,6.358087961435852e-05,0.0003009462186091628,-6.81982634039029e-26,3.790299826834563e-05,8.959161439083408e-05,0.0,-1.999407775041767e-25,-3.023031989558914e-26,0.00034618179040325726,3.65773470724635e-06,1.6944427264667276e-05,0.00019002673879818643,7.242920990208029e-05,0.0001772254973153705,-2.4891440175534897e-25,0.00013002270515404148,2.0534979727475953e-05,0.000374662419178549,1.5563940976148473e-26,0.0,0.0,0.0,0.0,0.0,0.0,0.0,0.0,2.6551828083492087e-27,0.00025363499159523916,-1.6401747066410357e-25,0.0,0.0008755041812536477,6.257219797514528e-26,0.0001869366985015807,3.482513924438627e-26,1.3464751691292257e-26,2.178192810258487e-25,0.0,0.0013974965682592585,0.0,0.0,1.3197082153031615e-05,0.0,-1.2798653960842692e-25,-4.645170965900177e-25,0.0,0.00016112662956054317,-6.297689021918299e-26,0.0,0.0,-2.5825432951435635e-25,1.7506725847895326e-05,0.0,1.0456491312291984e-25,8.099659966858694e-05,0.0,0.0002530692647912307,0.0,-4.089483635073364e-25,0.0,-1.5492770149629087e-25,0.0,0.0,0.00017311188771328988,0.0006521371983967505,0.0,5.693620323608133e-26,-3.3369872740152367e-25,0.0003565002959187989,0.0,0.0,0.00025487680607025846,0.00013945467036840313,0.0,0.0,0.00022803440398840458,0.0,5.437520818649517e-28,0.0,0.0,0.0003470663830390975,1.02457497775192e-25,3.5362307697794955e-26,0.0,0.000175656154612978,0.0,-3.182127801882192e-25,0.0,0.0001561163503624991,0.0,0.0,0.0,0.0,0.00013766385873666373,0.0,0.0,0.0002681580528067098,0.0,0.0,0.0,0.0,0.0,0.0,0.0,0.0,0.0,0.0
0.100535427614135,2.3372592071684552e-26,0.0,0.0,0.0,0.0,0.005550307865345479,-6.4145678720327115e-27,6.818045114363358e-26,0.0011000568258936541,0.0,-2.2250414633868453e-25,-1.3036107484923527e-26,0.0,0.0,0.0,-2.4312449253407873e-25,0.0,0.008371642905653632,0.0011701141029171257,-1.271404449175648e-25,1.7392747431592134e-25,0.00015620928933610237,0.0,0.0,0.004652314084633738,0.000552616957301976,0.0,0.0024435289698860985,0.0006696199817919138,0.004886981116861899,2.648551270028552e-26,0.004467059481545509,4.270632602071166e-25,0.05822426433547319,0.0,0.01024890395625438,0.0,3.0085979595852517e-27,0.0,-6.338658415070573e-25,-6.66842564801106e-26,-6.540590000662042e-27,0.0,0.0066268261397413875,-1.2585071483815362e-26,7.690189792365427e-05,0.000721664847582625,0.0033104834288613656,0.0,0.0,0.005082159080572664,3.2239139559778993e-25,-2.189932426025508e-25,0.008706866808709062,0.009220950530164824,0.0,0.0029959026654725967,3.169738056837561e-05,0.04064711342368511,1.5544467857858308e-24,0.0,7.195412778231151e-26,0.0029311006451024826,0.006175036981431535,0.001963341912518696,0.003221188070181913,6.09886841416927e-25,0.004751098258872391,0.006292997209421837,0.0037348943017195585,-6.538985825431214e-25,0.0066863495128919506,0.007379410901474292,0.004013411336989384,2.5122110887697773e-25,0.008050373194165664,0.007566891131287166,0.0068686044695032665,0.005483749572367544,0.0038889099712320773,0.002692324973038397,0.0,0.005899449803564416,3.635065872780121e-26,0.02022633907377173,-1.7206872808933837e-28,0.004674572352074165,0.007273951222833969,0.002472963250678612,0.0028003118542459177,0.0024564910437799175,-3.9917143568134293e-26,0.0028885275579260267,0.004792778740368077,6.498041567355603e-26,0.0,0.0,0.0,4.107610408725895e-26,0.0,0.0,0.0,0.0,-1.4863847123524986e-27,0.005073007054542385,0.00170965107091526,0.0,-1.176970040103919e-26,0.0011785158656166545,0.01403404637409695,9.091154418401169e-25,0.013848818492312223,-3.3922325520109477e-25,0.00043544068790804747,0.0005175070868848017,0.0,1.221206209017034e-06,6.161342337107031e-25,0.0,0.003684853839584266,0.014328165962309927,0.002397533329944582,3.9739818631129113e-25,-2.8612478794482607e-25,0.0,0.0,2.3004146752015358e-25,0.004309910662758692,0.0,0.005308925544381901,0.0039294201784676255,0.0,0.005342012883302453,0.0,0.014933764262087342,4.784304397664263e-26,-2.2392256119805128e-26,0.0,0.0,-1.1040161592636027e-24,0.008349425139012557,0.0,1.0229295383518437e-25,3.6517445966400816e-25,0.001974774095245279,0.0,0.0,4.272877717726478e-25,-6.095369778044995e-26,0.0,0.004588380978274867,0.006950389390487414,0.0,0.014255250644578683,-3.2523402063994497e-26,0.00012820201235366155,-1.686799179013172e-26,1.6207837950271307e-26,4.0760934156927716e-26,6.2671488251547104e-27,-1.0904575172362584e-25,1.4534908064811493e-26,3.637720964009823e-26,1.731087396024129e-05,0.004980673811305931,8.514754434917652e-05,2.360340644884416e-05,-4.005837443980203e-25,2.596667495527493e-26,0.02128372720074064,3.103740155057273e-05,3.1253797899202905e-25,0.011499606677334918,1.0174419215936951e-05,0.0002852850046965282,5.783539913706666e-05,0.0003507749824922103,1.297121125010729e-05,0.0004273813086462604,0.0002527666676330339,0.00010561478402336787,-1.2397021260423735e-26,6.0645104299389796e-05
0.1071260639639432,-9.020914732042274e-26,0.0,0.0,0.0,0.0,0.0040825283304924565,-7.223942940571029e-27,7.719914126681494e-05,0.003353587500138814,0.0,-1.2186443076935119e-25,-3.054472881817192e-26,0.0,0.0,0.0,-2.0404368225721319e-25,0.0,0.004526900172901301,-3.2680965853770673e-25,-2.601736033910177e-25,2.1068423712645806e-25,-1.1265819199956223e-25,0.0,0.0,0.0038642274443096455,0.00016319028000085262,0.0,0.0038857331767710138,-1.8382426963129386e-24,0.0033059979256555437,4.961629102281966e-26,0.0025674612310868836,-2.3012675410868686e-25,0.05878273255147791,0.0,0.006464917134620512,0.0,-1.6996613149227058e-26,0.0,2.5961369482921955e-25,-6.269952354264641e-26,-2.2515216216477017e-26,0.0,0.006610522562293647,-3.141653970450738e-26,0.00012861605145020398,4.0354045650021116e-25,0.003474889228422806,0.0,0.0,0.004021031027902128,-2.97542117619638e-26,6.152724633984978e-26,0.004368415430113877,0.011904235405976217,0.0,0.003418433487790478,-9.320568346431969e-26,0.04162932589748948,-7.565586966356058e-25,0.0,8.90866769468988e-26,0.0033912914612081687,0.0075609561592051375,0.002498164960009114,0.00334702693359792,-5.043539906037158e-25,0.0036822832276474796,0.006208934862438255,0.0042921952625150465,0.00449496054936239,0.006867018802755121,0.005127614519393351,0.003163304407749482,0.00020176460161273167,0.008680386579967985,0.005319076808681579,0.004560793001745167,0.0038855462930152424,0.004033267320688509,0.002633204327423967,0.0,0.006146404012947172,3.5827699007965063e-26,0.015665222486153745,3.0173486942486415e-29,0.0028462481146907105,0.007118722004073097,0.002561700326212601,0.0029134603772572373,0.002971384976323024,3.1033970387493903e-25,0.0037659354968187144,0.004889066580593748,1.7695169951150304e-26,0.0,0.0,0.0,-6.582689400797482e-26,0.0,0.0,0.0,0.0,2.1191147343258683e-27,0.005789775996007527,0.0023403730882422757,0.0,-2.066481501533176e-25,0.001539285491390891,0.020375942354666107,-2.531053820974611e-25,0.0065508498638613445,-1.5104617008820504e-24,1.2991117119030294e-25,-1.0926133557792388e-24,0.0,-8.811234627352246e-26,-1.3851548816674749e-25,0.0,0.005610630610986046,0.017610116466260883,0.0002588700673649283,-3.334745409327429e-25,-4.51574779099847e-26,0.0,0.0,-2.210548417895008e-25,0.0021116404819773115,0.0,0.006061475226170783,0.0034061733656443063,0.0,0.0032732951573320743,0.0,0.01863382656702873,-5.783875905973809e-26,-1.1758410843592123e-25,0.0,0.0,-2.91880090341616e-25,0.009907551261345513,0.0,5.227821329259283e-27,0.0004442579541264971,0.0028414518614343384,0.0,0.0,-2.2447919362424856e-25,-6.708234346540032e-25,0.0,0.0041643291341956585,0.005687199931178768,0.0,0.011536365522860545,8.754852832560648e-26,1.735537283632843e-26,0.0003593274172013253,-1.0658431198748984e-26,-1.0615819891544875e-25,5.715472928095073e-26,-1.7779954515551247e-26,-9.333913501580459e-26,2.114616289405154e-25,1.143406933332616e-25,0.0048685707271848375,6.980721518875151e-27,3.1866539472868084e-26,1.1707749311713633e-25,1.074802552368278e-25,0.01611944451536052,-1.583447407709722e-25,-6.400040399184364e-26,0.006768220870067895,-3.8125095322904046e-27,-3.1756817681859387e-26,-1.2338304367098515e-25,-1.0372992595813794e-25,3.792587713861242e-05,4.262947067441918e-26,-7.666613107143215e-26,-9.537893173231827e-26,-1.634633855897872e-25,4.2055632331494067e-26
0.2483030621790161,5.877356795930398e-05,0.0,0.0,0.0,0.0,0.0021541443456879815,0.0001232610945044993,0.00024656036576320027,0.0016718320790033942,0.0,6.561378328889571e-05,1.9472714949957465e-05,0.0,0.0,0.0,0.000294741813493986,0.0,0.0041459430878875445,0.000915860295636346,5.79665142110609e-05,0.00034523987757444855,0.0005539028567441057,0.0,0.0,0.0025179330418127525,0.00042436367983667586,0.0,0.002167945105918528,0.0008064441851030858,0.0027821336322829283,3.9951175233604595e-05,0.0016843263794092344,0.0001034288188373837,0.030445540984368573,0.0,0.003684249734342121,0.0,8.700427362599435e-05,0.0,0.0012570641595292897,4.7167540343955436e-05,9.951858902813602e-05,0.0,0.004219355911383242,1.0829067155044003e-05,0.0003415127543591667,0.0008706824571362778,0.0018524532362889706,0.0,0.0,0.002837389650641653,0.00011788405986645344,0.00030034694678552823,0.0036978172109373127,0.005062203235325179,0.0,0.0019013406075976047,4.353461399715719e-05,0.019976678536344827,0.00037110372638461014,0.0,0.00028273683103009333,0.0018601315110887266,0.004110181214608186,0.0011397375841520733,0.0015629119328292662,0.0006281294016684574,0.0025234627569825268,0.0027785317729287404,0.002617524071203555,0.0022741108511941895,0.0037247708075201853,0.0028913189396056007,0.0020671392011006556,0.00031697406536069134,0.004284226831080402,0.003554381561553654,0.0037249177207743615,0.002893223678455443,0.0018471520781851477,0.0018441273347642824,0.0,0.003291946933281019,3.297028153215657e-05,0.00888114063329622,2.1512286846873326e-06,0.0019702616682813335,0.00508734959995547,0.0014555942490738598,0.0018209873995535806,0.0016575384883211243,0.00030681636940658053,0.0017773206391390871,0.0025715615260565607,3.183576002003591e-05,0.0,0.0,0.0,7.542669459609029e-05,0.0,0.0,0.0,0.0,1.7825085095951844e-05,0.0032201588759841753,0.0014953494153139293,0.0,0.0003540808825656502,0.0008625720495911837,0.010254569909934565,0.0002060354329821524,0.005073161021617678,0.001349013811637349,0.00023062064868183422,0.0020925827174772134,0.0,0.00026326896096625393,0.0004166349467453104,0.0,0.0027018604148716886,0.007463067434925195,0.0009617623924303562,8.8141657348096e-05,0.00037603604606512253,0.0,0.0,0.00010380056581218979,0.0018103576664044124,0.0,0.002826876203920409,0.002160400105896704,0.0,0.0021988460498635035,0.0,0.008792769381431535,3.2104654842740406e-05,0.00021453429648270268,0.0,0.0,0.00039401311195724835,0.005427824692756817,0.0,0.00020250925698941884,0.00040954538082652226,0.0017651062798236213,0.0,0.0,0.00025267079103238,0.0002007370153711861,0.0,0.0023435240948827957,0.0030288638801389514,0.0,0.00787308050577581,0.00037325716507353947,4.212145496555817e-05,0.00022061486528267252,0.00017600156536691727,0.00027962820401457127,3.812286702402208e-05,9.280529545704756e-05,7.375577643290383e-05,0.0002626479227314627,0.00020995191471972748,0.0027504593174429077,0.00011388340399119027,3.025701890812468e-05,0.00012945784749875485,0.00014666954547779717,0.009634335005999962,6.592151499225336e-05,0.00018516447422411845,0.0047736640974383035,4.346358386969704e-06,0.00022495555020155577,0.00016762010687491628,0.0001839904655585094,9.954217688101788e-05,0.0002660033785469465,0.00015425658614997195,0.0001482697242332926,0.00012850764446557507,8.029807131314778e-05
0.24333274595455073,3.273563381571165e-25,0.0,0.0,0.0,0.0,0.002715057068334413,8.50112139896233e-27,0.00022285182508997717,0.0026251348479389577,0.0,-1.3746179194850002e-25,5.449193336904023e-26,0.0,0.0,0.0,1.0424138027144906e-25,0.0,0.006224091161332591,0.0025291946237806003,9.287947987711037e-05,0.0011343792430956524,4.549366630226444e-05,0.0,0.0,0.0030541834885237113,-2.624959718309275e-25,0.0,0.0017947718664731369,0.001060944836449189,0.0028883171104734044,7.527750386489633e-06,0.0009610971632281328,-1.2247861181038347e-25,0.046080620041167246,0.0,0.002744092555578099,0.0,3.7591484575887554e-05,0.0,3.452854932009832e-25,-5.277894678324874e-26,7.999449888039938e-26,0.0,0.00661429571174547,1.2120599911107873e-26,0.0001472640721716663,0.0036585143725538327,0.0019130011567877819,0.0,0.0,0.0031327916564319867,5.060018910651353e-05,-5.388599053865882e-25,0.0035905953388420935,0.008717338701021876,0.0,0.0025830385438153584,9.860382458462303e-26,0.019833825016859034,0.00019085713989950505,0.0,8.740779616845371e-05,0.0022658839536666975,0.005681434137903654,0.002026730603273781,0.003233787225460254,0.001521833336229963,0.0019531033496425004,0.0030515746744961183,0.004168911991453985,0.009930905295360523,0.0030432483015582035,0.002810517353951446,0.002835341317443352,4.698088864438262e-25,0.004076552357877965,0.004420450791074335,0.006131551576402535,0.0034818332739678538,0.0021038902589107684,0.0021953274818033485,0.0,0.0025623425841919817,5.656643775429619e-26,0.014603104450485923,-1.0384495278994046e-27,0.0025734155118303727,0.00749126283561701,0.0019023858563452301,0.0016432412170534322,0.00183935183735346,-6.490351351092115e-26,0.0032415619015152657,0.003846308658715314,4.830135640662379e-26,0.0,0.0,0.0,0.00021730679399440837,0.0,0.0,0.0,0.0,-6.467787036137901e-27,0.0022739028006253546,0.001761335337475867,0.0,0.00034402878474194565,0.001346990340344045,0.009948543151204838,0.0006017325361819791,0.004080723537783159,0.001037549389753094,-1.3099455028548581e-25,0.004669094362330897,0.0,0.0004392922128020814,5.2020057352308876e-05,0.0,0.004180927609355592,0.008686409290209312,2.989788018750089e-25,1.9762646755675666e-25,2.492287333373723e-25,0.0,0.0,-2.1836532938844663e-25,0.0018587172475354467,0.0,0.004292621273140414,0.0026288023930032788,0.0,0.0022974575610818235,0.0,0.012167795325409033,6.219422030943285e-05,0.00020072572769229652,0.0,0.0,0.0005427285030294712,0.00784257274442118,0.0,0.0009421521448763704,-7.341162160164911e-25,0.003408169665024165,0.0,0.0,0.0003253536518205304,-1.6107071416279568e-25,0.0,0.003645938721741133,0.006224557668367053,0.0,0.011394266753557378,0.0005543285228717689,-1.6184506919584805e-25,0.00018255572025033357,0.0007033509279325374,2.131847998669699e-26,-1.3743693488893386e-26,0.0002393269954394742,-9.054317939842952e-26,1.046068010714984e-24,-1.4290466921148288e-25,0.0032373372675873232,0.00022819861883352716,8.234195759414226e-26,-1.5793753399519668e-26,0.00015121121799484199,0.008527930812515482,-3.5099634522274472e-25,-1.3717932122512688e-25,0.005109753708516327,-3.576985506802107e-27,0.0003721120286614966,8.521607851860483e-05,0.00014070562003242682,-4.303164373765699e-25,-3.867256128176709e-26,-1.4054025513860502e-25,7.50112587904853e-25,2.005640414956465e-05,1.595949754085662e-26
0.5112005501542223,0.0,0.0,0.0,0.0,0.0,-8.407701027754812e-25,0.0,0.0,2.583252559948004e-25,0.0,0.0,1.1624184490688514e-24,0.0,0.0,0.0,0.0,0.0,-2.2824487740027663e-25,0.000619859237346305,0.0,0.0,0.00827199327025852,0.0,0.0,-6.461717867847686e-25,0.0042721127945932,0.0,0.0,0.0,-1.2736721395769296e-24,0.0,0.00019996391084150204,0.0,0.0,0.0,-1.5642471225702263e-24,0.0,0.0,0.0,0.0,0.0,0.0,0.0,-4.954897356418238e-25,0.0,0.0025291588518550623,0.0,-1.6815899393308866e-25,0.0,0.0,-3.197215148689191e-25,0.0,0.0,-7.04913598691823e-25,0.00020151073782547467,0.0,-6.822687818842488e-25,-1.3682118114908625e-24,0.0,-1.225292181154231e-24,0.0,0.0,-3.6516147868336218e-25,-1.209985492255085e-24,0.00022751921690624552,0.00014801749825003716,0.001818656581376905,0.0,0.004339584976322773,0.00014690707001175276,0.0,0.0100207406461123,0.00023584908608746143,0.0002057769416951669,0.0,0.0,-6.428088827896358e-25,0.003230595138189513,0.006909800868045106,-5.3825439273406825e-25,-3.9394633281538993e-25,0.0,2.4581783012180766e-25,0.0,0.007208270393620179,0.0,-1.6614820617469424e-25,0.00032976062557502485,0.001078096765647873,0.0016673253446658166,-1.0714411795276014e-24,0.0,0.00011901540650336227,0.0,0.0,0.0,0.0,0.0,0.003881905887289393,0.0,0.0,0.0,0.0,0.0,0.0010429044962746478,0.0,0.0,0.0,-1.4860994985705234e-25,-1.59317482452407e-24,0.0,-5.029244313032522e-25,0.0,0.0009609301100239149,0.0,0.0,0.003218541271866858,0.0,0.0,0.0,-5.208727313927997e-25,0.0,0.0,0.0006254618320769399,0.0,0.0,0.0,-1.0178534270978854e-24,0.0,0.001192702749035683,0.001793833043516033,0.0,-4.746321528814339e-25,0.0,-9.719590510463328e-25,0.0004522683397993337,0.0,0.0,0.0,-8.679294519837905e-25,-4.012990930356827e-24,0.0,0.0,0.0,0.0,0.0,0.0,0.0032752061923122903,0.0,0.0,4.3752208706416405e-25,0.0,0.0,0.0005795760741310764,0.005127669724396594,-6.110898395162293e-25,0.0,0.0,-2.6096838681618643e-24,-8.352358375265084e-25,0.0,-1.1628193512686275e-24,0.0,-5.690202254128752e-25,-5.801809086352829e-25,0.0020813404035212235,-2.9635381961726904e-25,0.0022470397554642495,-7.354331528995049e-25,-4.602681277610398e-24,-5.757064513520588e-24,-2.0037493237992593e-24,3.745866142233321e-24,0.00011505961522247776,0.004198011711692519,-1.0458647833671225e-24,0.00214751852276456,0.0,0.0009508395966582021,1.6723195167009422e-25,0.0016961054096375108,0.001094880335669838,0.0006620273985250815
0.0522373497548202,1.3285976449266736e-25,0.0,0.0,0.0,0.0,0.004418222990352186,1.5326646175669438e-26,0.0,0.004600733828506465,0.0,4.0064386564520567e-25,0.0,0.0,0.0,0.0,3.955776268900298e-25,0.0,0.004719900075852973,1.2127671964271673e-24,1.22150241595512e-25,-6.015480099910585e-25,0.0,0.0,0.0,0.002525812713062174,0.0,0.0,0.004537666487596291,8.686541201472768e-25,0.0035984628399556343,3.124396339512005e-25,0.005332614522780136,-1.1654826591026238e-25,0.06362644407230478,0.0,0.010156035028210691,0.0,3.25462770846637e-27,0.0,5.780434919993346e-25,2.063877834888531e-25,1.7317320770687968e-25,0.0,0.010780014347387649,1.378185425316667e-26,0.0,7.077895006895382e-25,0.002900192839837976,0.0,0.0,0.002708855015993808,3.2649601604339736e-25,6.966499930333236e-25,0.005290218015049046,0.01177054021329077,0.0,0.005194938332760106,0.0,0.09792620903621031,2.6833294484683235e-25,0.0,-6.042537439771021e-25,0.004218602046408704,0.006361483892675802,0.0013169654275529883,0.0019451036063171468,-1.8092982115468634e-26,0.0030942377906427025,0.008179921215509058,0.0029624933645636185,0.001800102127177023,0.008560934992550017,0.01011877747300899,0.003996776190924237,5.293918045023575e-05,0.005709424428265345,0.010999902538977516,0.007365225553746843,0.004806642619391724,0.006837773679720272,0.0029399607279684964,0.0,0.007946062341211434,2.274256706719667e-25,0.01887768895479242,-2.2112092298292965e-28,0.0037477244807969682,0.012054351573436704,0.0033683757545145995,0.0040279894221159135,0.0029471389123307177,4.603948211853207e-25,0.003043145407605527,0.003108283400322429,6.580920115369514e-26,0.0,0.0,0.0,0.0,0.0,0.0,0.0,0.0,1.1013904598971962e-26,0.006303490038810722,0.0032973519175774264,0.0,6.127726114382872e-25,0.0011112807035691496,0.015466414941370757,-1.7217553693544137e-25,0.012846541045240918,8.999098886243511e-25,0.0,0.0008604950984155631,0.0,0.0,6.765465546334104e-25,0.0,0.004133353009749837,0.016533930698228602,0.0,2.7297996261944715e-25,1.7730649285573722e-25,0.0,0.0,-2.1722155485340464e-26,0.003496067939953302,0.0,0.008772003211165579,0.004860572207419619,0.0,0.001827534944730675,0.0,0.01658289709284038,0.0,1.1445791732385225e-25,0.0,0.0,-2.9420459463766593e-25,0.008368262768693374,0.0,4.322530153583121e-25,-1.847912638548969e-25,0.0028262063466704475,0.0,0.0,1.5657656772638556e-25,4.0827251662723993e-25,0.0,0.004404647921802551,0.002048919823993918,0.0,0.017163277868344196,0.0,0.0,-2.4904633747372868e-26,2.695692224699341e-26,-4.543018779924142e-26,0.0,-6.550659291865513e-25,0.0,3.5556496306558826e-25,0.0,0.0029805330408153425,0.0,0.0,0.0,0.0,0.023790125389777303,0.0,0.0,0.015808592595695052,0.0,0.0,0.0,0.0,0.0,0.0,0.0,0.0,0.0,0.0
0.3124706611430474,5.16748690220183e-25,0.0,0.0,0.0,0.0,4.46613749678592e-25,6.73149075298688e-26,4.2469678805881135e-26,6.593921792594094e-26,0.0,2.6158015302599063e-25,9.783698513092052e-26,0.0,0.0,0.0,9.130512245295017e-25,0.0,0.003218009799604487,0.001788462198996523,-2.4283445351376943e-25,-1.2172990643097484e-24,1.6793113073853012e-25,0.0,0.0,7.8418604114737145e-25,0.001889074127664282,0.0,-1.1116976389784251e-24,1.209726764212484e-25,0.00013247704255837318,7.863233897803745e-26,9.944799927180292e-25,-9.15824488635506e-25,3.2453114926529184e-24,0.0,0.0009066952068065794,0.0,3.0882505355669716e-26,0.0,-4.617977357269202e-25,1.0141169564194028e-25,7.993619545492462e-26,0.0,0.001367031115324667,-1.6130193599953242e-26,0.00039451845200436304,0.0009269268289599096,6.629079565929496e-05,0.0,0.0,0.0006949544007544247,2.114301189871215e-25,0.0003256164765734177,0.00041946196649409264,6.2061970513774e-05,0.0,0.0006393299743616916,2.2534235458039444e-25,0.0005921502482933707,0.003196767219336867,0.0,0.0014901931542780085,0.0003784555342094109,8.116097232618324e-26,7.933510362019066e-25,0.00023917680560404472,0.0009576235291525528,7.187846319850504e-05,0.0008526157830816365,0.0023639809389364823,0.004979728296470699,1.1504916280174899e-23,0.0008937747573557427,0.00020739722370203854,5.886657504386554e-25,9.682817100563321e-25,9.638269197018074e-25,0.0004200486030030011,-3.501293537134472e-25,0.0003052736943127237,0.0006686573325575031,0.0,2.8302227635041783e-25,3.9803432930906504e-25,0.001295215470237779,6.2154232542878956e-27,0.00011473724902079126,0.0010325196893913033,0.00018631705014312015,0.0003033457663757417,0.00036979685613912464,4.271150089559041e-24,6.595545517718225e-26,-5.557544717592107e-26,1.9861832245882788e-25,0.0,0.0,0.0,1.1517248088172322e-05,0.0,0.0,0.0,0.0,1.3072866038909143e-26,0.0001819552799361746,1.7113259320934136e-24,0.0,0.0008701812535243528,4.0804007316663073e-25,0.0007386990463087648,9.294897233346129e-25,8.924318431752665e-25,0.004101320364903585,0.00011696661014962378,4.5004474612408304e-24,0.0,8.184822546050201e-05,9.74471758780659e-25,0.0,0.0012439235277549889,0.001296043583492141,0.0015511756694039105,8.137504165661402e-25,0.0003425741327165665,0.0,0.0,2.794498394919037e-25,0.00026691175754213703,0.0,7.7374341381051885e-25,7.224990292875085e-25,0.0,0.00026813788228932574,0.0,3.607864060035319e-24,3.056079676180334e-25,8.60667925140096e-25,0.0,0.0,0.0014187417531718672,0.002924512278952118,0.0,2.6752143757628178e-25,9.80784229294105e-25,-4.2303778729979615e-25,0.0,0.0,0.0009063205826032474,-1.4516268843490984e-26,0.0,0.0008969110453250119,2.0823002371547707e-24,0.0,0.001265059661072707,8.783848999188377e-25,5.1485015010546814e-05,-9.783811636956499e-26,7.777446648450811e-25,1.0875792083432645e-24,0.00017080171350970937,1.6375064461787265e-24,7.491465524815087e-06,4.2958077973949727e-26,0.0009015640653309661,0.0003786666607108063,3.316129305431765e-25,4.7938778948020886e-05,6.012876677706284e-25,2.7651223525976107e-25,1.6473005261706277e-25,1.5467817843057773e-25,1.837442040052379e-24,-7.4534152674008e-25,2.998651752309816e-26,0.0005751384617181362,0.0007063229093753966,0.00010199368390860134,7.014180085969373e-26,0.0005209348786381665,0.0001845702059609638,0.00024367804834136153,5.822253064722269e-05,0.00021323519886699328
0.2483030621790161,5.877356795930398e-05,0.0,0.0,0.0,0.0,0.0021541443456879815,0.0001232610945044993,0.00024656036576320027,0.0016718320790033942,0.0,6.561378328889571e-05,1.9472714949957465e-05,0.0,0.0,0.0,0.000294741813493986,0.0,0.0041459430878875445,0.000915860295636346,5.79665142110609e-05,0.00034523987757444855,0.0005539028567441057,0.0,0.0,0.0025179330418127525,0.00042436367983667586,0.0,0.002167945105918528,0.0008064441851030858,0.0027821336322829283,3.9951175233604595e-05,0.0016843263794092344,0.0001034288188373837,0.030445540984368573,0.0,0.003684249734342121,0.0,8.700427362599435e-05,0.0,0.0012570641595292897,4.7167540343955436e-05,9.951858902813602e-05,0.0,0.004219355911383242,1.0829067155044003e-05,0.0003415127543591667,0.0008706824571362778,0.0018524532362889706,0.0,0.0,0.002837389650641653,0.00011788405986645344,0.00030034694678552823,0.0036978172109373127,0.005062203235325179,0.0,0.0019013406075976047,4.353461399715719e-05,0.019976678536344827,0.00037110372638461014,0.0,0.00028273683103009333,0.0018601315110887266,0.004110181214608186,0.0011397375841520733,0.0015629119328292662,0.0006281294016684574,0.0025234627569825268,0.0027785317729287404,0.002617524071203555,0.0022741108511941895,0.0037247708075201853,0.0028913189396056007,0.0020671392011006556,0.00031697406536069134,0.004284226831080402,0.003554381561553654,0.0037249177207743615,0.002893223678455443,0.0018471520781851477,0.0018441273347642824,0.0,0.003291946933281019,3.297028153215657e-05,0.00888114063329622,2.1512286846873326e-06,0.0019702616682813335,0.00508734959995547,0.0014555942490738598,0.0018209873995535806,0.0016575384883211243,0.00030681636940658053,0.0017773206391390871,0.0025715615260565607,3.183576002003591e-05,0.0,0.0,0.0,7.542669459609029e-05,0.0,0.0,0.0,0.0,1.7825085095951844e-05,0.0032201588759841753,0.0014953494153139293,0.0,0.0003540808825656502,0.0008625720495911837,0.010254569909934565,0.0002060354329821524,0.005073161021617678,0.001349013811637349,0.00023062064868183422,0.0020925827174772134,0.0,0.00026326896096625393,0.0004166349467453104,0.0,0.0027018604148716886,0.007463067434925195,0.0009617623924303562,8.8141657348096e-05,0.00037603604606512253,0.0,0.0,0.00010380056581218979,0.0018103576664044124,0.0,0.002826876203920409,0.002160400105896704,0.0,0.0021988460498635035,0.0,0.008792769381431535,3.2104654842740406e-05,0.00021453429648270268,0.0,0.0,0.00039401311195724835,0.005427824692756817,0.0,0.00020250925698941884,0.00040954538082652226,0.0017651062798236213,0.0,0.0,0.00025267079103238,0.0002007370153711861,0.0,0.0023435240948827957,0.0030288638801389514,0.0,0.00787308050577581,0.00037325716507353947,4.212145496555817e-05,0.00022061486528267252,0.00017600156536691727,0.00027962820401457127,3.812286702402208e-05,9.280529545704756e-05,7.375577643290383e-05,0.0002626479227314627,0.00020995191471972748,0.0027504593174429077,0.00011388340399119027,3.025701890812468e-05,0.00012945784749875485,0.00014666954547779717,0.009634335005999962,6.592151499225336e-05,0.00018516447422411845,0.0047736640974383035,4.346358386969704e-06,0.00022495555020155577,0.00016762010687491628,0.0001839904655585094,9.954217688101788e-05,0.0002660033785469465,0.00015425658614997195,0.0001482697242332926,0.00012850764446557507,8.029807131314778e-05
0.2730166241289162,4.382569791258004e-25,0.0,0.0,0.0,0.0,0.0003983643775385506,6.479008384879241e-27,0.0,0.0011427142633638563,0.0,-2.31666832780518e-26,0.0,0.0,0.0,0.0,1.426970984415713e-25,0.0,0.0038923505192864304,0.0030899438192455815,-9.719982591326723e-25,-1.0464285190089081e-24,0.0,0.0,0.0,0.0011707033516400042,0.0,0.0,0.0030939999474043473,0.002570370548926819,0.0032741636592082957,1.4048263812135155e-25,0.0010255970956890607,1.113683983830672e-25,0.010275611843749196,0.0,0.0009120255726807698,0.0,9.645922072911852e-26,0.0,-7.006782561856185e-25,9.125356529304742e-26,0.0009864708829878219,0.0,0.001589388763166204,7.121194716261826e-26,0.0,0.0028159260715522536,0.0001621843976251386,0.0,0.0,0.0008688708321114195,9.383335716512987e-25,1.739378960988813e-24,0.0007349066453430453,5.725456130188254e-25,0.0,0.0015792066140313222,0.0,0.0014040920101620088,0.0037480357592044426,0.0,0.0022416680250121218,0.0002494989020022388,0.002584415493488653,3.326784051902798e-25,0.0011076801906905187,0.0007677840822409607,0.0016930822120240928,1.2150293580638226e-25,0.0006879542208755565,0.00167039188909003,-1.967375722584523e-24,4.275069913290924e-25,0.0008601822975262137,7.319878200023497e-26,0.0018019491609322493,0.00046503166101998715,0.0008273587069733017,0.0007309961208957917,2.4832078186696757e-05,0.0011595957075470867,0.0,0.0003815475198649484,-6.619113837736833e-26,4.408555466850743e-25,4.080653590253215e-27,0.0005075321254931284,4.462404510874699e-24,0.0002406284713241431,0.0007590727627771351,0.0013049081769613445,0.002753977933733154,0.0003381771282789158,0.00011431427662469803,-1.235525441415983e-25,0.0,0.0,0.0,0.0,0.0,0.0,0.0,0.0,-5.8692428866955044e-27,0.0002032609415678939,0.0037841862414104035,0.0,0.0030952443152451174,5.008924787997388e-26,0.002286837535653353,-3.36062702219357e-25,0.0006063112924461467,2.5294956559526688e-26,0.0,0.010728729712418094,0.0,0.0,0.0007635066860612816,0.0,-7.815049913090485e-26,0.0005713337266243248,0.0,6.784506974447312e-25,0.0017071796256455899,0.0,0.0,0.0007328155532462049,0.0007032425433555304,0.0,0.00012683047127046002,0.0004698246557615108,0.0,0.0001351667152463781,0.0,1.1327944080535986e-24,0.0,4.469771510466881e-25,0.0,0.0,-4.84928811098716e-25,0.0016879116801132392,0.0,-1.2989209915869998e-24,7.045684704247279e-25,0.00051237766253585,0.0,0.0,-1.267863074022283e-24,-3.2844962973636596e-24,0.0,0.0003331548579708869,2.233184035110333e-24,0.0,0.0002907300565660279,0.0,0.0,2.4606139849375588e-05,0.00017963567347933923,-8.762634725079971e-26,0.0,0.0004979465693236268,0.0,0.001424604196766321,0.0,0.0017146425371555114,0.0,0.0,0.0,0.0,0.00018341520247424706,0.0,0.0,0.00040189487548721807,0.0,0.0,0.0,0.0,0.0,0.0,0.0,0.0,0.0,0.0
0.1840681012950867,-2.4412986877319645e-25,0.0,0.0,0.0,0.0,0.00566456206449092,-5.488996383175741e-26,-7.021252288333436e-25,0.003090992049258079,0.0,-1.2555670502500555e-25,-1.7824388398099637e-25,0.0,0.0,0.0,0.0004995261181333721,0.0,0.009068231845866904,0.00037739069444987783,-3.830118525322795e-25,1.8656478855737207e-25,-1.270696203456794e-24,0.0,0.0,0.00515241650503862,-9.06467194281541e-25,0.0,0.003450820534797289,-2.597927780257379e-24,0.006084397212223973,-2.141089111762204e-25,0.005013429090690144,-3.3229245942572077e-25,0.0937263841941122,0.0,0.009399501316538682,0.0,-3.5867457350308456e-26,0.0,-1.2423166898030485e-24,-1.0358492141567429e-25,-1.8893262588652994e-25,0.0,0.008971850795621721,-8.039874066227262e-26,-4.969008584177769e-25,-2.4279361540047364e-24,0.004882173133223572,0.0,0.0,0.007947065943998013,-9.768759377910147e-25,0.002592595595473398,0.00914046541231592,0.01307889834207564,0.0,0.004585333148255768,-5.147305190523661e-25,0.06039821069686168,-2.3467788810740616e-24,0.0,-9.311935021637432e-25,0.004676446710791814,0.00847820842404029,0.0028565691390649594,0.003590327723932971,-2.8105985414364e-24,0.006378909923770993,0.006077205119535753,0.004623132071589584,0.0004560562265812186,0.00617390239299465,0.007843278562823004,0.00468997814735825,0.0004358887765470609,0.012117390724098126,0.009836508791821389,0.008858096463821762,0.007155328087117153,0.005028065620221295,0.004452531377066023,0.0,0.00864998023595451,-1.9304626611468235e-25,0.022105682910790087,3.9223804989922365e-06,0.005397594390836433,0.011948470326128268,0.0037215734539401478,0.004659987365653163,0.003891508167460944,2.4697938632816496e-05,0.004074710735915507,0.0061590029973283235,-2.966560357349475e-26,0.0,0.0,0.0,-5.975949417871218e-25,0.0,0.0,0.0,0.0,-1.1829116561092427e-26,0.008251577492621535,0.004268382430463691,0.0,0.000675730897750827,0.0019172372130668647,0.027270360684862348,-3.7075050729453073e-25,0.013826159441196448,-1.8067948352683923e-25,-1.0121327067675953e-25,-4.819552203875363e-25,0.0,0.0004195039017311368,-6.489477585420856e-25,0.0,0.005497925392991343,0.02392477166292274,0.00018590798555798973,-4.179817109159958e-25,-1.2079475559994826e-24,0.0,0.0,-1.087684391904538e-25,0.0045555931316495595,0.0,0.0077111038634847555,0.005458743734483948,0.0,0.005107000650917751,0.0,0.02007346093413131,-6.350729181478431e-26,-1.32215455927268e-25,0.0,0.0,-4.379475449325664e-25,0.01002031916080793,0.0,-2.258371447320311e-25,-7.426188032372216e-26,0.002629986312279769,0.0,0.0,-1.2564857760702081e-24,-6.866481908506579e-25,0.0,0.005511645719405885,0.008441493862323407,0.0,0.018069326901648534,-6.375955232810748e-25,-1.2481696644829717e-25,-1.9485967493250286e-25,-3.0205138370612673e-25,-6.544239950560458e-25,7.470337202624242e-05,-3.793146772602059e-25,0.0005946400980510945,-6.639055346962704e-25,-5.82563529931426e-26,0.007090346153084987,-5.529242253443862e-25,-8.767367406293758e-26,-7.3928188379827825e-25,2.8170925898726775e-05,0.03090925791745107,-2.2352328156244984e-25,-1.1452896857103105e-24,0.013563058341773003,-1.8715653437359396e-26,-5.846689358641349e-25,-4.4079312984305225e-25,-2.99989944869863e-25,-2.8301972334216577e-25,-6.981156304912146e-25,-4.576795477508734e-25,-3.4774819733478365e-25,-4.613477777143873e-25,-1.3431870980334186e-25
0.21309025367687032,-3.5705398221356355e-26,0.0,0.0,0.0,0.0,0.0028513884546002683,8.863325235579584e-27,7.536524326368008e-25,0.0035269715334682278,0.0,2.849687814919227e-25,-2.1962200440623544e-27,0.0,0.0,0.0,-8.985244001616917e-26,0.0,0.003685616186273424,0.0008050446231347094,1.7913854535391355e-25,8.777871428813161e-07,-4.366773826681228e-25,0.0,0.0,0.004746843487464802,0.0002510416552183455,0.0,0.004105553136815433,0.0010831026679577,0.005381896925269939,2.4132131450380804e-26,0.0015610619973100502,1.0832091914913764e-25,0.08358460586042932,0.0,0.0046408544205260105,0.0,4.3675638256198146e-27,0.0,-2.346851088721071e-25,2.8915807159633983e-25,1.1102909695131951e-26,0.0,0.005745719030625664,-5.851039593629112e-26,-5.0732462243785535e-26,0.0011555080523559921,0.0034697568597536863,0.0,0.0,0.004388440927132094,9.855190376803655e-05,2.151266017139035e-25,0.0036210427431200313,0.01137532832152987,0.0,0.00412851599330988,7.093037857448321e-26,0.026289764248868454,3.405318354454618e-25,0.0,0.0002848716916080104,0.003097689238982452,0.010046421254723801,0.0024707834715128676,0.0033452417983264957,0.00033525003307192377,0.00343574159970501,0.003817622005096003,0.0036667253911377945,0.006112889854493974,0.007425255018325548,0.004633489021334201,0.004589567614150367,0.0008716734313900336,0.007932192917174221,0.006295621929147136,0.003500283136917258,0.005869682222736616,0.003118650510471352,0.002526122150771229,0.0,0.006335886116733564,-2.11272555128739e-25,0.02163217261293743,-4.1465413323594125e-28,0.003788524487209306,0.00770605046324294,0.003160555458968494,0.003788355016187914,0.0034053615479373717,0.00017379551356568187,0.00374870447913197,0.004169468055512662,-3.278012453530027e-26,0.0,0.0,0.0,-6.197853943859493e-26,0.0,0.0,0.0,0.0,-6.141425224359537e-27,0.006077831962249121,0.002373605495907194,0.0,0.0010761599196295888,0.00162011041497421,0.01896873721042864,-9.926009602764298e-25,0.003946457643902393,-2.013104280967248e-25,9.350213638303445e-05,0.008016926323552068,0.0,8.826672126364863e-05,0.00046124574566530483,0.0,0.005170724036711968,0.017834308992410376,-3.3314372293230676e-25,-5.546004531184599e-25,-6.132442844808662e-26,0.0,0.0,1.8066116618327058e-25,0.0016574974328550215,0.0,0.00550859742873455,0.002083343173263172,0.0,0.0037461259224737774,0.0,0.01825408959276772,8.764330533352198e-05,3.1308788608891526e-05,0.0,0.0,0.00028901899107881287,0.009140571452333365,0.0,-3.6376943818209515e-25,-2.9252516122637536e-25,0.00264311922074877,0.0,0.0,-1.3446426046746694e-25,-2.165428823254926e-26,0.0,0.0040659976371674915,0.006956825311027204,0.0,0.011886231764625199,1.0969459726040554e-25,4.122120809114949e-05,0.000738071038428267,-1.6874962902891173e-25,-4.0374352384608883e-25,-9.938596269939945e-26,6.765901672222454e-25,-6.613894756456808e-26,1.02407612875764e-25,-1.5364540203421706e-25,0.005747197816481028,-1.3985637101199048e-25,3.208487109836238e-26,5.6489296393906435e-05,-7.206468319917279e-26,0.01380533821751663,2.2717547822861196e-25,1.906425561929198e-25,0.004809583728811112,6.0404249923552226e-06,1.702323830631418e-05,-1.415619094815172e-26,0.0002381211927565478,-1.6235640756901578e-25,-3.34035135821589e-25,2.6467831438206407e-25,-6.506838150082488e-26,-1.4132678533913422e-26,6.241161347626484e-26
0.2081612116187413,-6.83617906525294e-26,0.0,0.0,0.0,0.0,0.0032559964380329148,0.00011110970038133794,0.0002998027950524714,0.0008836943468186248,0.0,-9.645641432973683e-26,1.952639916569744e-05,0.0,0.0,0.0,-2.8856488697039498e-25,0.0,0.006797986823455567,0.0011403203017632966,-1.3088534584027183e-25,-6.1807017678022515e-25,0.0008749966482304281,0.0,0.0,0.003395762204446405,0.0008577768591938862,0.0,0.002243394509756791,0.0012668502516887676,0.005954447032610496,-1.7306320806647134e-25,0.0020687923647582417,-2.22874741725908e-25,0.05410961319439148,0.0,0.006149217247864609,0.0,-1.6365726145287194e-26,0.0,0.0002463423401519722,4.114014775818167e-05,-1.9367058431864397e-25,0.0,0.006707041978004591,1.7433321548373706e-05,0.00015999151857021388,0.0030788384132657185,0.0027862056770716105,0.0,0.0,0.005119712079037244,-1.9471624492701398e-25,-1.0883672081377682e-24,0.008156876513920852,0.007085490930123781,0.0,0.0018997101713744654,-1.955654249735936e-25,0.010967797333895638,1.0492526445128505e-05,0.0,1.750363870546674e-25,0.002514155222670272,0.008375194924990729,0.0023915694288406085,0.0031358267128163103,-1.2157289454651053e-24,0.003983372559295341,0.002105698989790922,0.003952142023628863,0.0009207749601171611,0.005828865971598974,0.004261427055744963,0.0028707111179993926,2.4462859274073723e-05,0.006792629146900009,0.0058034215433101265,0.0074662579032823044,0.005511981038691628,0.0014374801629345522,0.003081814778245249,0.0,0.005238100003475753,-2.198856279545107e-25,0.015181833731846329,4.774151743680462e-06,0.0039015415101473485,0.007190102792698903,0.002743833271688278,0.0026481115976496657,0.0033468479306851106,-3.3759476153926448e-25,0.0028032269549869296,0.005333489165173997,-4.925550491404845e-26,0.0,0.0,0.0,3.175955718786225e-05,0.0,0.0,0.0,0.0,1.579328593863407e-06,0.005628980856556705,0.002920416633063121,0.0,-2.9213320750232542e-25,0.0012669141965790866,0.017328776159090807,3.933521432992291e-06,0.008537003401423122,0.0002665360581936294,0.00018604240799167314,1.4048972584568413e-24,0.0,0.00035229208166700143,-7.043246470547149e-25,0.0,0.004822569506515005,0.014052437466984757,0.003140919947227876,3.564208627404436e-05,-2.3579971535614462e-25,0.0,0.0,-3.9002959490477303e-25,0.003334886553755597,0.0,0.0030857291255086136,0.003197076279442983,0.0,0.005487905199715065,0.0,0.014863973086894041,-1.213340966356253e-25,8.643857462028918e-05,0.0,0.0,-6.058785142505647e-25,0.009371321676633152,0.0,-2.451586779889943e-25,0.0007874901655282229,0.0041235390217952885,0.0,0.0,-3.7953779692195893e-25,-5.89104249199332e-25,0.0,0.005562231249438654,0.006767049384130763,0.0,0.014880248366954285,-1.9540860009622986e-25,0.000122480970165208,-1.281780413334682e-25,0.0003137193180361079,-5.492973570577376e-25,0.00014344582760439687,1.112245221675366e-25,-1.4961503122268525e-25,-6.377559246564253e-25,-2.700129328952064e-26,0.006243352707674611,-2.8283814456177065e-25,3.739092456526917e-05,4.8204065793681575e-25,0.00021336282155015685,0.019704656873204763,-1.1416598199427138e-25,-9.029213350479716e-25,0.006990660987799189,-1.389599196041118e-26,0.0007443950067576487,-6.548974993100439e-26,9.226185577895652e-05,-9.477639277261264e-26,-2.795469134898849e-25,0.0003866826458235508,-3.216634335682963e-25,0.00011798635706047086,-1.602756151021925e-26
0.18894815614528626,-2.8626344730005495e-25,0.0,0.0,0.0,0.0,0.003988330588607368,6.985641698755588e-05,-5.271738760948377e-26,0.0015792020031925704,0.0,8.632705485975398e-26,3.848356378560939e-26,0.0,0.0,0.0,-1.0771299733659544e-25,0.0,0.008294072381670726,0.0007841427625882563,-9.513872284029533e-26,-7.593288667304812e-25,7.637219127229155e-06,0.0,0.0,0.004165376846030603,1.547155572389697e-25,0.0,0.0024537241297626156,0.0008766500178403385,0.005840453307261543,-1.4521788137484665e-25,0.0021002284789044005,6.06934358392023e-26,0.05480227639713991,0.0,0.004962478366935987,0.0,8.184504241381696e-07,0.0,-7.0874730657423975e-25,8.257186648236325e-26,9.735726071551684e-26,0.0,0.005632889892490099,-7.372573379970682e-26,-6.293984052497144e-26,1.7071525426898464e-24,0.0022857387954354873,0.0,0.0,0.004291469588628233,-3.986862964087983e-25,-6.348824753559254e-26,0.00699151008401241,0.006580008724880976,0.0,0.0023800187959565275,2.038240024494621e-25,0.017773351230882084,0.0009276682054197415,0.0,0.0011096718811418244,0.002189446227566795,0.006416351965898894,0.001518262334327369,0.004283187973483073,0.001826195925784527,0.0036212717582940405,0.002505049759044759,0.0036993282566354013,0.009519053975813386,0.008879090028564138,0.0037913199755095703,0.0026598008247085167,0.00015347449330683303,0.0049196211129231456,0.00523304383669468,0.006977303648382719,0.004377878436077291,0.0012192188188267883,0.002408546763221154,0.0,0.002367660237607628,1.364468469613198e-26,0.01484695286191871,1.2947358239159141e-27,0.003516163453180333,0.007228279368618901,0.002468549725250311,0.0016048618919551568,0.0016202782166749412,-2.334087675673103e-25,0.002585949430013445,0.0038457496319852786,-5.951874324810942e-26,0.0,0.0,0.0,-1.898611673700611e-25,0.0,0.0,0.0,0.0,-4.555996516633928e-27,0.002497158915220219,0.0023997370940876546,0.0,0.0006575344792710139,0.0011649879128226542,0.010211226924090653,-4.842594928564237e-25,0.008094867255369977,0.002417045970504046,-6.662013159743775e-26,0.010736315118854497,0.0,5.517236155272167e-26,0.0006446932203511117,0.0,0.005284598523827159,0.008779477942939963,-1.1067205341790737e-24,-1.878613662358016e-26,0.0005631589338741477,0.0,0.0,3.539013847029871e-25,0.0036805281761877625,0.0,0.003307110661096092,0.0025558492116043528,0.0,0.004482175415109219,0.0,0.012290823716565513,-6.891844472232865e-26,1.2214703173551813e-25,0.0,0.0,-5.317495355513071e-25,0.012194476543361107,0.0,2.215793070534377e-25,-6.556127151344107e-25,0.002340393419183141,0.0,0.0,0.00012649725167576152,5.069949070807009e-25,0.0,0.004215722370285208,0.008745304610209862,0.0,0.013438261896618835,1.307428457798299e-25,1.7217795906855478e-25,1.9576107966191037e-25,-8.498419436639668e-26,7.161329420590316e-25,1.0166210557119254e-25,0.00012264057959520994,-1.570348230803024e-25,-2.1674440528784434e-25,4.4154893457293883e-26,0.006710178339374202,5.634583637013219e-26,7.699109996000493e-26,-5.21432121516885e-26,6.900264153741832e-27,0.011417078421538995,4.440296719256398e-25,-7.366825482565014e-25,0.005980781851692042,5.158496612822547e-05,-1.5059481877393868e-26,1.976263568429169e-27,-2.994622142668989e-25,0.00012611611653124205,-2.1411643844503423e-25,1.3508072326203367e-26,3.714198883837682e-27,3.379698543354807e-05,-7.757673771963047e-26
0.21441077118747248,-1.9022402766177486e-26,0.0,0.0,0.0,0.0,0.00014072080962418274,0.0002140337677863973,9.254069159397853e-26,3.4788101327530005e-05,0.0,9.671623648102114e-05,-2.093791055881294e-26,0.0,0.0,0.0,0.0003793100213431543,0.0,0.00026922309968611816,0.0004266171759602266,0.00010250707250714158,0.00033045644543135626,-4.41922860140085e-25,0.0,0.0,0.002364591570413215,-2.726770486869751e-25,0.0,0.0009938659697700148,0.0008678138830596121,0.0012071275515841094,1.4095406657645922e-05,2.7725536148418013e-05,7.288231378557689e-05,0.0019113123541119308,0.0,0.000972026322665895,0.0,0.000117431227897451,0.0,-1.1649579687030049e-24,6.84689757758694e-06,-1.4587886662990055e-26,0.0,8.592481832778323e-05,6.441462998350492e-05,1.9126884993492224e-25,0.0013042519906562948,9.851529811994048e-26,0.0,0.0,0.0004547519290927825,0.00011650230533866775,0.0021842279749274616,0.0006130586096552078,-2.8399394484785662e-25,0.0,0.00018934298569528367,1.9388135019739835e-25,0.004943665132139068,0.00036185269486431606,0.0,1.5948788760066244e-05,0.00023534147935677383,0.0015005941098018803,1.1000624039824845e-25,0.000805066044808753,0.0026861374631385296,1.9134707325890953e-25,0.0001309498772579721,0.00033120074957586104,0.006976304065075788,-1.2247055803621378e-24,0.0012011316805446135,0.0019549760793214515,0.0010122279664722218,0.00028450509913850134,-4.261859071171339e-25,1.5565003534224383e-25,0.0012133140500315011,0.0003104872410326323,0.00020671661325136195,0.0,0.0015447329407722924,0.00011382742583016832,0.003767690347888066,-9.453891490136583e-28,0.00021152527773750092,0.0027244539658186715,0.0001775477639265578,0.0002956008141801614,1.6278863349441527e-25,1.743323857477733e-25,0.0002896695311337427,0.0008234817740195256,3.874251650318547e-05,0.0,0.0,0.0,-2.3819452828853905e-25,0.0,0.0,0.0,0.0,4.238436143303085e-05,0.0005978374592482486,0.0006581248309410898,0.0,-2.353871169091116e-25,0.00025456432034570286,0.00240287928343615,0.0006358229820889644,0.0004490721033196801,2.3902127832317018e-24,-4.22253511011336e-25,-3.576540401941471e-24,0.0,-4.557602045543347e-26,0.0013762118331020982,0.0,0.000714050460172423,-2.083855111450908e-25,-1.1393864092955728e-24,-1.4316606812428402e-25,0.000309857154615079,0.0,0.0,-5.866724882846415e-26,0.00013568673653189888,0.0,0.00012304897417765562,0.0006401803069799248,0.0,0.0004903630529292584,0.0,0.0022423611784418928,-9.451559780114296e-26,0.0003488486369930446,0.0,0.0,2.0547203596028766e-25,0.00061665335202689,0.0,-7.20370304948001e-26,9.163778142839363e-25,0.0007087547660752926,0.0,0.0,-3.316884634608217e-25,-7.004076387263283e-25,0.0,0.00043951721519658137,0.0031738550349728147,0.0,0.0012874751359667476,-3.8808142542329885e-25,-4.838431885555766e-25,0.00018570575976724926,-9.917031062723437e-26,0.00045805688312316285,-1.384597823244627e-26,4.237134545071947e-25,-1.6775999753903371e-25,3.753340820047919e-05,3.9754388262442453e-25,0.0010726064663210265,1.1277695349713247e-25,-2.2519927599348398e-26,-8.787848298082291e-26,-7.192787506294061e-26,0.0012859251612508946,7.0937486283388515e-06,-3.2693710478834546e-25,0.001297975305165129,-2.2528142570711158e-26,6.927327491930519e-06,-3.4798482252549224e-25,-3.578461531777833e-25,1.7764072462565346e-25,2.1131445011278117e-25,-5.447406494885395e-25,-5.5042559514962575e-25,-1.8154865667923426e-25,-4.173986294015029e-25
0.10763769241309636,-6.912033607713485e-26,0.0,0.0,0.0,0.0,0.005038919711391162,-1.984474746843284e-26,-4.081643977889662e-28,0.001626209812944951,0.0,4.119480418910012e-26,0.0,0.0,0.0,0.0,-1.2224488599725466e-25,0.0,0.009206020170809476,-9.159194643061728e-25,3.01546579873147e-25,-3.210858251332887e-25,0.0,0.0,0.0,0.0047817934116260626,0.0,0.0,0.002038877699920108,-8.748917832583617e-26,0.0018601110695622863,1.0640258218350902e-26,0.00259078751947293,9.132527764119242e-26,0.06919598695896098,0.0,0.004393918845087782,0.0,1.6442200326407626e-27,0.0,-2.996567285619774e-25,-5.333865342522992e-26,-2.2599364069877044e-26,0.0,0.006896388359932165,1.2606727393155253e-26,0.0,0.00019858135251384665,0.0026464742131561375,0.0,0.0,0.005344328986556953,1.2587132135716186e-25,3.270843733553349e-25,0.010239884767762684,0.00715647415441629,0.0,0.002909779102868755,0.0,0.013733894377506967,-2.275998953590194e-25,0.0,-5.977398327702391e-25,0.003910823269923818,0.007694624824310506,0.002476835659191352,0.003687688420356365,-1.334356831013446e-24,0.00640525009529471,0.0027623654467317273,0.004432200170351522,0.0014684144927177452,0.007522499427698764,0.004741433418890185,0.001434567503691294,3.0072936654191765e-05,0.007051291016321845,0.0063685485791373135,0.010239741309545953,0.002620796629876977,0.0021359386298187384,0.0035500176811722756,0.0,0.006316732932150873,-9.388844795446553e-26,0.010097917243275337,-8.318374126992979e-28,0.003330434388853745,0.011290996540412579,0.0039643273505074765,0.003179719976233649,0.002451828561568124,-7.213745185360936e-25,0.003309862700738485,0.004917936010566621,-3.949893601829209e-26,0.0,0.0,0.0,0.0,0.0,0.0,0.0,0.0,-1.3692207465496444e-26,0.003750698356107696,0.002714438115615559,0.0,-4.3736337522949845e-25,0.0016644862252835593,0.014874995323506012,-2.697902733038353e-25,0.009738099766510178,-5.733407583139374e-25,0.0,-3.028663799374497e-24,0.0,0.0,-1.1494638218866063e-24,0.0,0.0035319566059999205,0.01742200243881998,-2.7784839418411033e-26,-1.4816577229437712e-25,-2.8451964702726165e-25,0.0,0.0,1.5919823368017963e-25,0.003929303493295543,0.0,0.00495956245315056,0.0036608464459423765,0.0,0.0019218606170265929,0.0,0.010586604842180086,0.0,0.00018923576096907047,0.0,0.0,-9.961797249495095e-26,0.005219262250261786,0.0,5.646044586790892e-05,-3.231310777317449e-25,0.0018794609732228668,0.0,0.0,-2.89247765651628e-25,-7.329192996393526e-25,0.0,0.00320173834384971,0.0024145156666942114,0.0,0.01767548104255296,0.0,0.0,0.0002517423366108779,-3.0780587202727405e-25,2.8880130853343275e-25,0.0,-5.612276780639334e-26,0.0,0.0005127872806721356,0.0,0.0053544287058088945,0.0,0.0,0.0,0.0,0.025013427664649885,0.0,0.0,0.010312185867761373,0.0,0.0,0.0,0.0,-4.826504356689656e-26,-3.4108142002939947e-28,0.0,0.0,0.0,0.0
0.1325042651313318,1.2888728396955874e-25,0.0,0.0,0.0,0.0,0.00436977285140031,-3.64828566230477e-27,2.078514693730212e-25,0.0026345579288989166,0.0,1.55682291273449e-25,7.035584036951967e-26,0.0,0.0,0.0,2.218647439969851e-25,0.0,0.0070804895387500425,1.5795637955473727e-05,1.5292878759448375e-25,1.3120373735521185e-26,4.150691558691784e-25,0.0,0.0,0.0033628088611028176,6.549634495049978e-05,0.0,0.003127539928303616,0.0001866988649239523,0.0030846265357026624,-1.9168582957865524e-27,0.003919915188979916,1.1408435106239581e-25,0.056295438919729525,0.0,0.007863177043508874,0.0,3.1177115589145613e-26,0.0,2.133267568844609e-25,2.7331312066488353e-25,1.1339752534492337e-25,0.0,0.008070860695412302,3.5861101236897935e-26,7.906851263761505e-26,0.0016877768349991074,0.003043221128043072,0.0,0.0,0.004353670432628708,2.047187692663029e-25,5.92001461460077e-25,0.00722275676538618,0.00843430301672184,0.0,0.0038603537004242724,2.5038603561208844e-25,0.05042116056632519,-3.692299131752487e-25,0.0,5.665961173260156e-25,0.003663762282013716,0.0065534708451927375,0.001970552535630891,0.002430615284871501,0.00044410221730228623,0.0021120820781150586,0.006660879576081936,0.003732251870615043,0.003347421715906061,0.007419524870247577,0.006716928132252739,0.002974127206245323,6.227518631974734e-26,0.009087782130356315,0.006690662388848659,0.007067937189506858,0.005342118884607264,0.0044558664025650795,0.002727712104651037,0.0,0.007987258800012342,-1.682190435977178e-26,0.01687576424286709,1.4590676253428543e-27,0.0033497443273820837,0.010318918220956068,0.002587032132953994,0.0031920358830288174,0.0026363238952283766,1.2880840450708202e-25,0.003130108715516702,0.0038500341394709474,-3.9124329883721937e-26,0.0,0.0,0.0,9.94707807800664e-26,0.0,0.0,0.0,0.0,8.370658787587746e-27,0.007123075067031054,0.0023825926052344864,0.0,1.0689036481001752e-25,0.001276565626620912,0.021412479265277423,2.586160910940535e-25,0.01163176857729531,3.485811878675824e-24,0.0001126373217276266,7.968351099800612e-25,0.0,2.3871845334477817e-25,2.6846032614671623e-25,0.0,0.0040574077052258194,0.01132729516475151,0.0017272592055800548,2.7590147549026755e-25,9.9450571966957e-05,0.0,0.0,5.903132287355715e-26,0.003890651571602429,0.0,0.005404187510292457,0.0035893141368892284,0.0,0.0029694565317853927,0.0,0.014076144892475693,1.5260716775192785e-26,2.702046913916241e-05,0.0,0.0,1.912533017151345e-25,0.005696227637548879,0.0,-8.606285371234753e-26,8.577567198007233e-25,0.004279060012876405,0.0,0.0,1.5570258437908598e-25,-6.607101925810955e-26,0.0,0.004270068930790864,0.0073087837701077555,0.0,0.014491083400880097,3.9974991540987153e-25,1.6296400802020794e-25,4.6537179851203304e-26,4.635324837658377e-26,1.7646567116612635e-25,-7.165085913881981e-26,-4.012192998187793e-25,2.30063316274768e-25,9.468478185645767e-26,2.5727665796114522e-25,0.0050098404766390865,2.0759372704337706e-25,-2.8280095283478945e-28,2.3149634305530618e-25,0.00011366664023620774,0.019218171744116917,2.3834225894887925e-25,5.586266221547371e-05,0.012459015590120628,1.0562860332840315e-26,0.00023873653374365995,0.0001887392432758606,5.958946723609888e-05,0.00027433025755336176,0.00035026908738303153,0.0002225398828720791,3.4542584876913884e-25,7.737492332195e-26,1.1098684979961758e-25
0.2835048620426893,3.533338253012239e-26,0.0,0.0,0.0,0.0,0.0034409683325341877,9.538027918432554e-05,0.00011321088880891244,0.0035990162983033673,0.0,3.5169359756643774e-25,-1.0911976345246182e-25,0.0,0.0,0.0,0.0004679388292976013,0.0,0.00830635636271337,0.001085159000995257,2.9509054642454032e-25,-2.3194220317269164e-24,0.0007462069472663355,0.0,0.0,0.0034178325337432267,0.0005774823427318071,0.0,0.00425894620475989,0.0009973660354462843,0.0062684945213353355,-7.13304458329478e-26,0.0021205740626799876,0.000277071565150966,0.06878791772632552,0.0,0.004547513889738861,0.0,-2.566609999298501e-26,0.0,-1.3374508258509485e-24,-5.434582734288364e-26,1.2190606831970012e-25,0.0,0.010305020102960616,2.1243936242776168e-26,6.592659614184552e-05,0.002952284840255729,0.003743278080802557,0.0,0.0,0.006073888580175757,-5.96877002139757e-26,1.4446679974158709e-24,0.007874627422906882,0.013193126028831128,0.0,0.0041695743530108876,2.9850612775581314e-25,0.030155048181786503,0.0008473745286949333,0.0,-1.0807876411298425e-24,0.0040178783832451655,0.009337531318434471,0.0016640541792132685,0.0032699374651277277,0.0024400537576726765,0.004366699887659332,0.004401794577078494,0.006997745933375886,2.27579923188897e-24,0.007640677551672722,0.003527928052470049,0.0052979967811882895,4.855213623637383e-25,0.010183649171670247,0.005832557993825514,0.006960846416763268,0.004088933380931336,0.0026675197708733163,0.004771291127482646,0.0,0.0056875066887525656,7.606643382622062e-26,0.020434799276999174,6.0355069850928154e-27,0.004204164589132806,0.011995500620838241,0.003052854122601642,0.0015745753189324876,0.003985613661838902,4.638524157891817e-25,0.004640935591504208,0.0036500927521474877,1.5518036881712942e-25,0.0,0.0,0.0,4.581547211083214e-05,0.0,0.0,0.0,0.0,1.2486892212747102e-05,0.0059254954583379945,0.002833736227192588,0.0,-1.133150544872839e-24,0.0015054958709231094,0.026565958130106763,-1.824133904937247e-25,0.010402545450612465,0.00859021005525145,5.830125738909235e-25,-3.359028271616656e-24,0.0,0.00036403536959428185,-6.896284392586437e-25,0.0,0.006390333869617351,0.011732209895989396,0.0007515988934540634,-2.984373210541227e-26,-1.7496436558163916e-25,0.0,0.0,3.711500697323561e-26,0.0035543531295984016,0.0,0.005131909751750589,0.0043765961328846035,0.0,0.0042108683194290765,0.0,0.02459455241324657,5.6320058532909676e-05,5.847109168694307e-26,0.0,0.0,2.799544977162431e-24,0.009021633718396966,0.0,4.7962388711602485e-25,7.470141391856346e-25,0.0026581795600487267,0.0,0.0,1.8176956139529834e-25,-7.099687336823274e-26,0.0,0.0050230482275055105,0.0075151499840459355,0.0,0.020856481575927753,0.0004706645070177962,2.7597738360070683e-05,-7.616156057412084e-26,6.057642449323771e-25,9.99017540610865e-05,0.0001734870765774722,1.4661203871365802e-24,4.987231722030389e-25,-5.543322435251915e-25,0.00046401579861126227,0.003844547666122655,2.3356525838964014e-05,7.872361825194576e-26,6.130383865237872e-25,3.3307387146804264e-05,0.010901578385214336,-1.1697808808205834e-25,6.132567368114802e-05,0.008529100977673582,3.466350410631709e-05,0.0003974888472803997,4.6325064460780105e-05,5.433020740135038e-25,7.887365216113518e-05,0.00044074731691304703,6.201563839289765e-26,5.589028727033921e-25,0.00021276440801808739,3.6698632998381345e-25
0.11463374453540559,0.0,0.0,0.0,0.0,0.0,2.619842378168979e-05,0.0,0.0,0.0004910342717580149,0.0,4.847139068719877e-25,0.0,0.0,0.0,0.0,2.6850980729732014e-25,0.0,0.00044017600180122656,0.0008421347522112467,0.00021834700765077972,1.126250359002413e-24,0.0,0.0,0.0,0.0007385833004272184,0.0,0.0,8.826038547459001e-25,0.0009804829275288065,0.0014971961984571122,0.0,0.00038026514322961693,0.0,0.001689813082832795,0.0,0.0004577474165784963,0.0,0.0,0.0,0.0,2.40962540629174e-25,2.179021779314746e-26,0.0,0.0003421565123766901,0.0,0.0,3.1575910407458392e-24,7.803169371487234e-05,0.0,0.0,0.00013850908127563502,4.8707104585055265e-25,3.058772707373153e-25,0.0004603732938222026,0.0001999209592700068,0.0,0.000279731541235015,0.0,0.004554354537410435,0.0011340012328110878,0.0,0.0004012911403144925,0.00019764633673278708,0.00196111500422816,0.00012255137298317395,0.0018869304619886565,0.000744138878216808,0.0002470778266325705,0.0006136499733502327,0.0011263584615193057,0.03673742341945041,0.0024599820548480266,0.0012738909241415226,0.000415566874110807,9.563067134114815e-25,0.0011449000550312171,0.0011993455047111519,0.00046709269344248454,0.0010883125457857175,0.000840946653255702,2.351593661129675e-25,0.0,1.882949694840932e-24,4.7153759755437665e-26,0.0033324516748808207,0.0,0.00017779109635614567,0.00023727973448706583,0.0002843262297429845,5.9179553652563896e-05,4.333430303888122e-25,1.2483764215724878e-24,0.0004397632904684108,0.0006826449939773538,0.0,0.0,0.0,0.0,0.0,0.0,0.0,0.0,0.0,0.0,0.0009107239243273873,0.0006955563110362627,0.0,0.00023496201354696093,0.0001330433154516041,0.002771559630914706,1.7794645165019015e-25,0.00029982498552412836,1.9452398993530273e-24,0.0,0.000835097415946923,0.0,0.0,0.0001384184815162539,0.0,1.0664578120422955e-24,0.0002517481950156433,0.0,1.754389666719834e-26,0.0007815708905030622,0.0,0.0,0.0,0.000492793668292531,0.0,6.043323943026306e-25,0.0009100933418817058,0.0,0.000797803920516662,0.0,0.0008413135748353077,0.0,6.500878931825364e-25,0.0,0.0,4.7993869547369206e-26,0.0020798604406427525,0.0,8.788533813042067e-25,0.0,0.00018704643919807836,0.0,0.0,7.707120608640445e-25,1.2720203899446734e-25,0.0,0.002170290734444017,0.0008648268871136106,0.0,0.0015095500786415383,0.0,0.0,1.136091479772544e-06,1.443926083593449e-25,9.730670886209637e-26,0.0,0.0002458233836823852,0.0,1.569119962670097e-24,0.0,0.0014084817399252715,0.0,0.0,0.0,0.0,0.00039970612752599665,0.0,0.0,0.0029009725398742095,0.0,0.0,0.0,0.0,0.0,0.0,0.0,0.0,0.0,0.0
0.17586929703264728,0.00016537680507108495,0.0,0.0,0.0,0.0,0.002785881134608147,0.0,4.234745986735613e-05,0.00205791414705175,0.0,2.9757510082738634e-25,1.5718424724534903e-26,0.0,0.0,0.0,6.432291610813176e-26,0.0,0.004334435601266564,0.00025068284454874486,7.449289718859903e-05,1.0486826074429415e-24,0.0012585816632389487,0.0,0.0,0.003939064041257967,3.581062274988463e-25,0.0,0.0021880344383355633,1.3687206143326205e-24,0.0026161111543628415,1.0575995761467917e-25,0.001860534525471924,0.00022355396156494941,4.838898376487636e-24,0.0,0.005017351626381978,0.0,0.0,0.0,0.00029013140187606314,1.4791571100446162e-25,8.802591383972617e-26,0.0,0.0038986575649943038,0.00011765086607590017,3.2949461625537683e-25,1.3189906621988102e-24,0.0018209932085494539,0.0,0.0,0.003069201588482295,3.875536907166689e-25,5.9132872702392035e-25,0.004654188250597619,0.00789877946333616,0.0,0.0009472227568276542,1.8924409863279001e-25,0.008543157728280291,1.0962704828524402e-24,0.0,0.00014320114781054568,0.0018034484196011117,0.006467408680861606,0.0025758223133649787,0.0024419642928558034,0.0009111118682218885,0.0033172656581765903,0.003337649524513269,0.004532581858452189,0.005870849341779886,0.00843755153859844,0.0021487979016658557,0.0017201455850203626,3.824981311887188e-25,0.004840026258835322,0.004308274754764748,0.0038275505797763314,0.003147866422085587,0.0013407554022562068,0.0015867053751898305,0.0,0.000635259576265329,1.2801385739892513e-25,0.011965125764808874,0.0,0.0038584069794523742,0.003761590543080438,0.0014576467616081756,0.0022676886597345477,0.0012235886013665612,1.2561536366206069e-24,0.0035268301506965177,0.004748702208460554,6.432796583739393e-26,0.0,0.0,0.0,0.0005093751875857699,0.0,0.0,0.0,0.0,0.0,0.0022774750423723332,0.002067764955439594,0.0,0.00027166560606534655,0.0015086623860916908,0.014796948258708816,0.00014120221333576186,0.005013203279937632,0.006297189895750541,3.1554765634381334e-25,0.0058977528280702626,0.0,0.0005755871256730033,-5.195683297558224e-25,0.0,0.004749711958410188,0.0029747706270882275,1.2355937080702257e-25,1.5920300548074075e-25,1.4709143917923517e-24,0.0,0.0,4.419458296786448e-26,0.001854268496411172,0.0,0.0027774235771805336,0.0031739962596601915,0.0,0.004086095495542916,0.0,0.01864378641118427,7.250909515147133e-05,-7.728988673297538e-26,0.0,0.0,0.00024872958414404314,0.007348300408510205,0.0,9.732495537648094e-26,-1.440121179438447e-25,0.0016521974686831643,0.0,0.0,5.447268700681165e-06,-4.61382441009981e-25,0.0,0.0031839942061854523,0.008034311096326971,0.0,0.012741150713367535,0.0005353788395041698,1.4121171041429192e-25,4.041329892315655e-25,8.70417430152736e-05,0.00029346331599736997,0.00021902520708575054,5.524442128567735e-25,3.338487690776306e-25,2.342316246760178e-25,4.028063899638707e-25,0.003749670754986358,2.5967074134526965e-05,2.173694510451903e-05,0.000253339793712902,0.0002444230972873151,0.01931811739053505,9.074430660739303e-26,0.0005593879641902,0.003008878057103714,1.723113119939436e-26,1.5364680109703182e-25,0.0002788875665672132,7.796833690990889e-05,0.0,2.6922939943440984e-25,0.0001807292796925067,2.372738476466236e-25,0.00014857184154204453,0.00014194994049696868
0.15543753648902178,1.664511967887127e-25,0.0,0.0,0.0,0.0,0.0038424811844655696,1.712835323495123e-28,-2.158156172458937e-28,0.0015642768547317726,0.0,9.845669001312387e-27,1.415679522342106e-26,0.0,0.0,0.0,2.9019151282180423e-06,0.0,0.006632003510173929,0.00018918966593355278,-1.5006792373794822e-25,-5.286559349692647e-25,-9.704054537057192e-26,0.0,0.0,0.0038917133141069963,0.00015120715725009607,0.0,0.0017203060883021757,-7.64796178554726e-26,0.005419605628717417,-7.369389428295197e-26,0.003803500465481716,-9.974756886863064e-26,0.060835105150239654,0.0,0.007578622476309916,0.0,9.002730585106366e-27,0.0,3.7285103162055302e-25,-4.500529468177184e-26,-1.2342134681519673e-25,0.0,0.0055193132164623815,-1.5176543049150025e-26,0.00010126310791366837,0.0046327671568393266,0.003503464584932459,0.0,0.0,0.0062674689344194776,2.4362449973455606e-25,-8.474581369253471e-25,0.007257688916792501,0.006313479759538895,0.0,0.00386605722215152,-3.826223321967601e-26,0.04336305176307463,0.0004945479640840703,0.0,0.00013555216254195032,0.002819046905856062,0.0070820732900203735,0.0016971999807732345,0.002922529967555797,0.0011207640877932252,0.004482076086898477,0.005068336435998814,0.004240599173519666,0.001133562738549348,0.007920565386501446,0.007096257141207531,0.0037179987714754427,0.0001805554611263444,0.008746145528796604,0.007663178877431901,0.006268454222761237,0.004681335476861787,0.0037019111082835063,0.003238259670701611,0.0,0.006802324988152174,-1.0494428287130447e-25,0.011750712127829561,-1.0799149450285677e-27,0.00417421842528775,0.007598810964555357,0.002556170460690465,0.0034801436707176,0.002426471934366637,-1.5892226692929299e-24,0.0030865859876979236,0.003893112096609195,5.359109969484802e-26,0.0,0.0,0.0,-2.743938585730353e-25,0.0,0.0,0.0,0.0,-1.717386135644837e-27,0.006947304337360983,0.0016590525266759308,0.0,-3.861611058847568e-25,0.0011342034436793837,0.01809679769738849,-2.5910259749580854e-25,0.009858947539576923,2.5290767600595003e-24,-2.6402934007149877e-25,0.0034072121500536667,0.0,0.00012815289143674143,-1.506763152644651e-24,0.0,0.004589478140154826,0.01654751056513056,0.0024828807875319756,3.369536894172091e-26,-7.38779776172252e-25,0.0,0.0,-2.6050711794632773e-25,0.0033600700824226986,0.0,0.005359400769635995,0.004824872119606655,0.0,0.004184386518270278,0.0,0.011915418212572366,2.2217934795162497e-26,-5.665922636578173e-26,0.0,0.0,-3.0273690672231074e-25,0.008669347233967138,0.0,2.757540312474417e-26,-1.5384516005230252e-25,0.0035250206167373836,0.0,0.0,-1.7290208251193412e-25,-8.501111494610749e-26,0.0,0.004405994287695527,0.003193674234993922,0.0,0.009916957515733594,-2.338616377187439e-25,-7.139533000678236e-26,0.00026763496646091883,-1.1392378939180387e-26,-2.077936928885741e-25,6.590214412436622e-26,-6.686566554213124e-25,-1.1894250361983586e-25,8.442713022251987e-26,5.951587970220734e-26,0.0051229561119877755,-6.078241346554384e-26,-1.987435669244347e-26,-2.7273440654639733e-25,1.5224290287342275e-06,0.01811088594966587,2.310961223624186e-25,-7.171248238068231e-25,0.011395843257693324,-1.2657745330317533e-26,-4.927857601931031e-26,-1.0118420156817899e-25,6.163621966318179e-05,9.15891760076174e-05,0.00011908654198266158,-1.809602387686792e-25,-1.575194912435125e-25,0.00010702133177916663,-8.821703785350061e-26
0.19435896920091042,1.0317714792535647e-25,0.0,0.0,0.0,0.0,0.0035594950694215147,2.069459050823222e-26,2.77887771963153e-25,0.0011769485995019484,0.0,5.943473746621336e-25,1.1123760413172423e-26,0.0,0.0,0.0,3.512011287459617e-26,0.0,0.0056319123643972695,0.00044434499026557966,-1.77157943818382e-25,1.1393512861010746e-24,0.0009807290034626096,0.0,0.0,0.0034048206778381804,0.0005278299992576428,0.0,0.002379512552232026,0.0011025450237155034,0.004378752747889211,8.850032884081523e-26,0.003389586301306538,2.525548252616718e-25,0.05043265879994206,0.0,0.005986851447835792,0.0,3.3145961307565706e-26,0.0,4.417806648919306e-25,2.630864400935279e-25,4.164789901597001e-25,0.0,0.005191193090355517,7.725693111640811e-26,1.710816127087222e-25,0.00042917924199557524,0.0037190796964977767,0.0,0.0,0.005910881426837895,2.4272874285982734e-25,0.003377115003246598,0.0071391935733047885,0.005270152363114985,0.0,0.0020547611666389526,9.49308659303568e-05,0.03943065282112905,0.0005764472287803753,0.0,2.793535231725645e-25,0.002842449183152533,0.007026380298521272,0.0015183795501712211,0.002493529988499962,0.0006479138891235758,0.0013542426751649511,0.0035415774334618187,0.0029525770514358595,0.0016778343281677783,0.004965059750592669,0.0048056819075485225,0.003495810271686327,5.086381557280059e-25,0.008333743242288746,0.006458713269162208,0.007769929125729114,0.004860605400272639,0.0029742879169494894,0.0031765948833367527,0.0,0.006381079612782296,1.3241375436680826e-25,0.009298467469729475,3.3999244630074856e-27,0.0027393741160870668,0.006943595485398792,0.0024434501787978166,0.003184116152005473,0.002308591315753699,7.5285274921714145e-25,0.0022411374153022503,0.003157627888332812,1.142737551628681e-25,0.0,0.0,0.0,1.8292094505484363e-25,0.0,0.0,0.0,0.0,1.391427176708117e-05,0.0055080767014839,0.0032002009161392056,0.0,8.41463874476379e-05,0.0012573211243105205,0.01627848685759786,3.1584392653080466e-25,0.009468975925507968,-1.0449714641414816e-24,0.0006916766923142106,3.911749843747402e-24,0.0,0.00040293250643250064,1.81039407617438e-24,0.0,0.0036016351551379604,0.013439398073300975,0.004046342913986948,3.991029638942418e-25,0.00024275680238728441,0.0,0.0,-2.1056457978441713e-25,0.0035243175358219223,0.0,0.0043111928096759514,0.0033345893180694577,0.0,0.0027887710528068216,0.0,0.007091559934882574,9.894568213753512e-26,-3.544836062554319e-25,0.0,0.0,-7.26497694685315e-25,0.009392107970843283,0.0,4.374983969513596e-25,3.075022921948033e-05,0.0016074009782747476,0.0,0.0,4.668981126378331e-25,-1.710164195015966e-25,0.0,0.0036067025839020147,0.004150453638307842,0.0,0.012259956323862068,0.00031548453371936866,1.9028846039682026e-25,3.1667834917950803e-25,2.595833646742607e-25,0.00046670130070901387,0.00013809334973430558,4.192404056347088e-05,0.00011101071993559331,7.237479991255675e-25,5.272849112850714e-05,0.0030264675522330975,0.0003049043864016855,5.964532443430995e-26,5.056141020225175e-25,0.00024448316936584414,0.014105103597301624,-4.581433247426209e-25,4.989154102531065e-05,0.011279770747667794,2.0575647066935752e-26,0.0005001005892703912,3.329172157940779e-06,5.8478020048255046e-05,5.19498545926118e-25,0.00028314450606127956,0.00015303657251278743,3.3665924815122267e-25,2.7098960350663083e-25,8.282888675877747e-06
0.21787482154805787,-9.072705618214425e-27,0.0,0.0,0.0,0.0,0.0005437472300177107,-5.167689904164653e-26,0.0,-2.478338807142019e-24,0.0,0.00029045802808846493,0.0,0.0,0.0,0.0,6.552370167293102e-25,0.0,2.58390972641867e-25,0.003000474219412085,2.2589919595253897e-25,0.0004411934805450649,0.0,0.0,0.0,0.0024422407943230752,0.0,0.0,7.0717513653563945e-25,0.0008258911666907434,0.0008214545692780561,5.756467707116896e-25,7.177685888844735e-05,9.211995295135143e-25,0.002087896373700755,0.0,0.0003595125410727945,0.0,1.9543507174999e-26,0.0,1.5743302368096799e-24,0.00019082773933356854,0.0003831553976226376,0.0,0.0003153360156009646,8.634141603578271e-26,0.0,0.001945282999162048,0.00015023007759410747,0.0,0.0,0.0011400982525972506,0.0002370498674740559,0.0011569833300716322,0.00041931658426720903,0.0006169451554748807,0.0,0.0003027679043932379,0.0,0.006424185410609211,0.0005804760882185259,0.0,0.0002716020952836488,4.257237145302907e-06,0.0017197708633150336,0.0003070466947300666,3.856561691243648e-05,0.0007432794663055413,0.002673327512200436,0.0015823482986544173,0.0004362282457377432,0.015491817922900742,1.9789548909319605e-24,1.5090380815601972e-25,0.0002832184807543763,0.0032991069029974537,0.0019048576767827523,-6.468889950031747e-26,7.204140317073567e-05,0.000921155144836272,6.404803912076244e-05,0.0002357802220578442,0.0,0.0010617221600247573,1.0946713533112677e-25,0.0008097833432376044,-4.89214605055526e-28,0.0003830494289755069,-8.85265436749949e-25,0.000282255232073468,0.002285357152683521,0.0003763963153847985,0.0015363152072879736,0.00018290451102932512,0.000530875313617861,-9.538391386101114e-26,0.0,0.0,0.0,0.0,0.0,0.0,0.0,0.0,-9.283508794343676e-27,0.0011701435267276602,0.0013145606163487702,0.0,0.000381560134387272,3.151247281956698e-25,0.0010228639412301012,0.0001412501500858237,2.1003556956408173e-26,0.014119159086576709,0.0,0.0044955877178728815,0.0,0.0,0.001325256533765468,0.0,0.0010064393420538646,-1.0370928103474795e-25,0.0,9.057195608789685e-25,9.359871987380592e-25,0.0,0.0,7.146360718003539e-25,2.8306530200208896e-25,0.0,2.0729535218540544e-25,0.0002451140471663508,0.0,3.587348819834358e-25,0.0,0.0006149056093304371,0.0,0.0014048795045982418,0.0,0.0,-1.3008946469684098e-24,0.0014327392082284262,0.0,0.0019329348198887368,1.1543557482133171e-24,5.052327559955848e-05,0.0,0.0,0.0012600535786570946,-1.5839112973276508e-25,0.0,0.0,3.104172706008482e-25,0.0,0.001114018077945447,0.0,0.0,0.001752826392103319,0.00024724655047140794,7.496025223353486e-25,0.0,-3.1437834021486178e-25,0.0,0.0010683237339191751,0.0,0.0010559373937155394,0.0,0.0,0.0,0.0,1.6043360537541552e-31,0.0,0.0,0.00014431330952538316,0.0,0.0,0.0,0.0,0.0,0.0,0.0,0.0,0.0,0.0
0.12705120342545317,5.796113453260132e-26,0.0,0.0,0.0,0.0,0.008480097276413716,2.7913029413687654e-26,0.0,0.0055762673472473465,0.0,-3.3215170890393797e-26,0.0,0.0,0.0,0.0,4.098872642615489e-25,0.0,0.01505272699022003,-1.888524554928014e-24,1.9440454911025616e-25,-4.887921615298849e-26,0.0,0.0,0.0,0.007288842000410511,0.0,0.0,0.005371977940914144,-8.903967790955087e-25,0.004681491599433219,-2.4398944764351122e-25,0.007363235517757746,-2.1117199148743887e-25,0.11336220673179219,0.0,0.011765166192030975,0.0,3.005256620831935e-26,0.0,-7.987343201034832e-25,2.2127845196268277e-25,-5.759096063757646e-26,0.0,0.013402151098209057,1.0236846772437384e-25,0.0,1.3529573534239408e-24,0.006536939513874678,0.0,0.0,0.008658284095573083,9.13295192525055e-25,-3.5236899918782168e-25,0.012770156356379176,0.01769859235533801,0.0,0.006671662290122099,0.0,0.09080154162277797,8.863873967073616e-25,0.0,8.384838659232173e-26,0.006506828276878967,0.0099503772687408,0.0036829875398877417,0.004399628640145836,-2.150593393719363e-24,0.005462417810531431,0.00983301987080282,0.006134233299956003,0.0018956543219816229,0.01161989488667065,0.011551886020503969,0.005924944800755109,0.00014109345523882614,0.017577739690660846,0.014455441812018308,0.01202090480412104,0.008612898903702312,0.007800445557518114,0.006839746695831483,0.0,0.01366663221262493,1.6833446977681574e-25,0.03216688443640735,3.850524809870829e-06,0.0058250976420399095,0.01905032807751167,0.004681968442903102,0.005682271412621778,0.004947544137467167,5.740023683811478e-25,0.0062869938673810475,0.007946885791864996,-1.4216374755689558e-26,0.0,0.0,0.0,0.0,0.0,0.0,0.0,0.0,-1.0947531554826072e-26,0.011877429279184105,0.005143305967864422,0.0,0.0007567521333050277,0.0022597851888486713,0.033661705620442295,1.291385338634944e-24,0.021912910366732114,0.0006200251993054062,0.0,1.0022523186213359e-24,0.0,0.0,0.0005627055395621574,0.0,0.008015649846893718,0.02882696752691954,0.0,-4.18318705409441e-25,9.946974308207219e-25,0.0,0.0,2.9180072916813858e-25,0.007010268209854537,0.0,0.00964336244054396,0.007432149041620366,0.0,0.004388115004681548,0.0,0.025540277042628578,0.0,-6.519536761429434e-26,0.0,0.0,-2.594886961772779e-26,0.009531314880122611,0.0,4.15662640984991e-25,-7.753830214651879e-25,0.004337702309005368,0.0,0.0,6.679870845785453e-25,2.0300971902406498e-24,0.0,0.0060222955435638185,0.01132055940948377,0.0,0.021130031998212888,0.0,0.0,-6.814207038788741e-27,3.518129170580911e-25,-1.9134882954246721e-25,0.0,5.121643219251585e-25,0.0,-1.9795544669728236e-24,0.0,0.006780009339951443,0.0,0.0,0.0,0.0,0.03454989610128875,0.0,0.0,0.021907095838516244,0.0,0.0,0.0,0.0,0.0,0.0,0.0,0.0,0.0,0.0
0.16275002727292617,4.003319169811585e-26,0.0,0.0,0.0,0.0,0.004607479822315759,5.829702794688706e-05,-1.8330121074110887e-25,0.0029690781647075393,0.0,-1.8667452889724094e-25,-1.97160889320057e-25,0.0,0.0,0.0,5.531533829924702e-05,0.0,0.008197898432741754,4.527061322280283e-05,2.276410566051897e-06,2.4829896684204784e-25,1.732690932108707e-25,0.0,0.0,0.0035706029846705642,-3.7253682304509585e-25,0.0,0.0042917456025415674,-9.940633215173395e-26,0.004473494022912588,-1.2619745385124318e-25,0.004290920087781514,1.1805623116521585e-25,0.08656923515947709,0.0,0.00816629082483353,0.0,1.2113206721680691e-05,0.0,-7.601582620413015e-26,-5.860948524503923e-26,-1.086205520955314e-25,0.0,0.009201059090112955,-4.806375604323029e-26,-5.884096319426123e-26,-1.3745294349967384e-24,0.003625107279425953,0.0,0.0,0.004935318920803379,2.0253294747257252e-05,1.9801228086264361e-25,0.008529750121661678,0.01236657558169084,0.0,0.004011794415985211,-1.1617886011082187e-25,0.058134898803784335,-8.804044530220925e-25,0.0,0.00017568658107797302,0.003935491616940688,0.008506439299962046,0.0019514868852366317,0.003133121699028975,-1.8288451937412803e-24,0.005256690025355441,0.006061327512418248,0.004768675611965972,-4.963395862401181e-26,0.007731657870134723,0.00725360559264494,0.004437356491905477,9.385977135039642e-05,0.007679676557050634,0.009506881943923533,0.007467163949599351,0.005178345792729129,0.004659085139212354,0.003682311366825758,0.0,0.008828570251898715,-1.5646712986956233e-25,0.020528363850393826,1.7148648326758187e-28,0.004607446988269647,0.012414779021622097,0.003381799943124608,0.003385986278236644,0.0031572641783262786,-6.390671311868235e-25,0.003952881775513282,0.005732063457318567,-4.702495107512485e-27,0.0,0.0,0.0,1.3988362431317819e-05,0.0,0.0,0.0,0.0,9.317229191994955e-06,0.005757368072033342,0.0028852424923342212,0.0,0.0002673859919811842,0.0011552544467658586,0.02055845661974594,-2.035704683249242e-25,0.013417613593980022,-6.070287931594195e-26,-4.65036141015946e-25,0.001063907294715682,0.0,-3.0344821713151364e-25,0.0004754169024429359,0.0,0.007497400278794629,0.019469814494137865,0.0016163423604474466,0.00034043106620292924,0.000487479846735002,0.0,0.0,-3.7890167628251447e-25,0.00394982597282515,0.0,0.00706148634094186,0.004379942840360636,0.0,0.004758301509131898,0.0,0.018256205717326758,1.2487484696201272e-05,-1.505882776781831e-26,0.0,0.0,-2.3971617194079095e-25,0.01393989939010393,0.0,-2.055189091002172e-25,0.0007556926475802072,0.004829275512408566,0.0,0.0,8.447635614095087e-05,7.774244086108565e-05,0.0,0.006235061195399788,0.0070709671311505315,0.0,0.017929336369891254,-1.0127327030689733e-25,2.9563566194340732e-05,0.00022200084334073395,9.308715536713394e-05,-1.4041547593893168e-25,-1.590754200338332e-25,6.031561004494324e-05,-4.305562977707103e-26,0.00014689961438975037,0.00017931033559875228,0.005571494576141553,-1.402521627510736e-25,5.671692721948118e-05,-1.9006669740665628e-25,-2.536152602767076e-25,0.01996981198882389,7.514694016702916e-26,-1.196213044791114e-25,0.012475646166818476,-9.919493132030771e-27,-2.427197640623084e-25,-5.16348362667405e-26,5.3817788862702574e-05,5.507567549254685e-27,-8.540768467507106e-25,-1.3948978372917407e-25,-9.530768486466652e-26,-1.212770504063716e-26,7.782696055219804e-05
0.15057706654622657,2.690782305897315e-26,0.0,0.0,0.0,0.0,0.0030749325360586222,8.389145280866669e-05,0.0008652305610248667,0.003206146528635742,0.0,-1.1379734711145712e-25,3.1965486519890885e-05,0.0,0.0,0.0,-3.6741769352484784e-25,0.0,0.009448607892960861,0.0002557380165136443,1.015921001477932e-25,-5.74580445236577e-25,-4.817049809274993e-25,0.0,0.0,0.004162022489101311,0.00031603584236059875,0.0,0.002972347201871246,-2.9542703589478995e-25,0.006028717531518672,5.304041792630134e-26,0.0024247292584252175,3.6916050242482524e-25,0.045875119282533926,0.0,0.006555101581783842,0.0,-2.385735867397331e-26,0.0,8.115103482534984e-25,-5.677657525962693e-27,-1.6063722604946844e-25,0.0,0.00864569856101842,2.2890850334927545e-27,0.0001992172123586229,-4.431207243573282e-25,0.004413749554647597,0.0,0.0,0.006892402906796956,-4.142591263390827e-25,0.00043788331450384405,0.007702315474037445,0.009165587513124332,0.0,0.0033794490570100665,9.540544377506514e-27,0.030011819806934462,-3.1171188277907277e-25,0.0,-9.654582407133378e-25,0.004144974944268241,0.006364604853475306,0.002495990750947697,0.0021960535088347156,0.0002659747725014616,0.005757082201858419,0.0031425502219165047,0.0034802654507674487,0.002820567504158398,0.007493746785164532,0.005127456931957586,0.004354169534553585,6.50083758615838e-26,0.009776585638498304,0.0057576161821737935,0.006990614732422028,0.005431754836314319,0.0030760097727505794,0.004186162527541317,0.0,0.005555843012092989,8.151646772516369e-26,0.021418806911913488,-7.620311271151867e-28,0.004397717399963803,0.009346956140121732,0.002355539931458947,0.0023608336600884306,0.0031124108314649758,-4.0734571607747815e-25,0.004752005984002878,0.0057293365316364005,-4.4610012000543485e-26,0.0,0.0,0.0,-9.626646544160406e-26,0.0,0.0,0.0,0.0,-1.6580414449174034e-27,0.006800286558904357,0.0027671724369805473,0.0,-7.771786242618608e-26,0.001301469982005488,0.02358787945956415,-2.6884893456967327e-25,0.009156091690443378,-1.257075765581243e-24,-9.329729043317728e-26,6.298039805947542e-26,0.0,7.944222030874552e-05,-7.728777311672558e-25,0.0,0.005735400296925819,0.013224766645344792,0.0008067693940345719,-2.179320129247294e-25,-3.992811418308299e-25,0.0,0.0,1.1245544606807669e-25,0.003834570932151708,0.0,0.004567870117658042,0.0035745042619816656,0.0,0.004159398869262439,0.0,0.017144835353590755,3.742080179845694e-05,-7.252624625571338e-25,0.0,0.0,-2.8036207706851526e-25,0.014084323800311896,0.0,1.0587809246640132e-25,9.242905141020086e-27,0.001372461621945889,0.0,0.0,-7.14423201411429e-25,-6.504295524060765e-26,0.0,0.004943776311445351,0.00733495490664979,0.0,0.013634649767763627,-1.9642148292548314e-25,-1.0557292270298201e-25,9.590615061081184e-26,-8.436177308149789e-26,-1.0235481125904969e-24,1.655276973063558e-27,-1.0137465425133129e-24,1.2699618642909459e-25,-4.240939710979908e-25,0.00025025178607472305,0.005527066111318791,1.0021951983740088e-05,3.590099641455668e-27,-3.0505200990548477e-25,6.891965505053655e-05,0.013346754118313368,-1.3718566852639597e-25,-2.3696763789187667e-25,0.007948509410629028,3.401102053497362e-27,0.0002153912368814438,0.00018371668202556816,6.863288366374046e-05,0.000525491074798584,0.0005849233085117342,0.0003492052202144416,6.695440498897656e-26,0.00018934264433080085,3.557039553691237e-05
0.22863951030379845,1.6173504290137661e-25,0.0,0.0,0.0,0.0,0.0050192781942967205,3.6560824862562385e-26,1.1364705200417258e-25,0.003875567130755543,0.0,5.5568469003363335e-25,8.891251651687406e-26,0.0,0.0,0.0,5.111595704170422e-25,0.0,0.010303361045342477,6.114867998042504e-26,1.729671656260356e-24,6.2276502777463105e-25,0.0004329382348475332,0.0,0.0,0.005289449115915244,6.380486813657478e-05,0.0,0.0044441165764548705,0.0007542341316952763,0.005579305946089727,-6.878190965726773e-26,0.005593484781147566,8.941819689192282e-25,0.11931264871873185,0.0,0.010015573917874852,0.0,4.692994072632025e-26,0.0,-2.987484001631847e-25,3.685246508302692e-27,-9.234823162148815e-27,0.0,0.012234294539237611,-1.5053537127223922e-26,0.00027893604156361873,0.0009307654536261868,0.003293731891750733,0.0,0.0,0.005088249679689565,-5.217600444959344e-26,4.724779470542166e-25,0.011433266355843404,0.01334805595692236,0.0,0.00610601951716187,4.98817780177823e-25,0.07633824238841402,1.0934815662288848e-26,0.0,-2.948746183347567e-25,0.004491246945279151,0.010228703534589914,0.0016453081888055826,0.0034321885554164247,3.255108678379014e-24,0.0026933462001954653,0.007728600779130903,0.006296556907969779,0.0017616024172887614,0.0067692913832126675,0.008468584047194434,0.003540095136905979,1.3350599597462545e-24,0.008930455617253289,0.010476210554545616,0.008473542108683294,0.007214563077284365,0.005852995329819241,0.004631209507804046,0.0,0.010464823719448162,1.241953461248337e-24,0.02377101911935583,7.527149133276661e-07,0.0023036505232239177,0.014877128995942256,0.0038895328161851097,0.004676727251199347,0.0039839958207353345,7.011689758347017e-25,0.0030305163298093517,0.005672373881551826,-5.274316968571544e-26,0.0,0.0,0.0,5.2416120218096885e-05,0.0,0.0,0.0,0.0,2.436184896340512e-26,0.007768055485357507,0.004569011428180671,0.0,0.0003287155467840738,0.0014468175932859013,0.024479064017785986,2.9843688018469215e-25,0.015469307927786871,-3.118649812877423e-24,1.6495908980847e-24,-2.5794728884849614e-24,0.0,5.535449259773668e-25,-5.894509461737954e-25,0.0,0.0056932357563289765,0.023899594164473764,2.2403603202776894e-25,7.505058232028503e-27,-9.146974874993198e-25,0.0,0.0,3.754800876971537e-25,0.005355881781980819,0.0,0.008051170823164071,0.005702481992634132,0.0,0.0032180550307777944,0.0,0.024008428642904048,3.6421821214527867e-25,6.953642619656816e-25,0.0,0.0,1.4993546658235057e-24,0.014534036329197671,0.0,-8.26505365956341e-26,-5.004296484715287e-25,0.004466966451111548,0.0,0.0,7.226543935409498e-25,-2.5668169708345323e-24,0.0,0.005573637683657467,0.0013693934957022009,0.0,0.019375776697365267,8.297460624835366e-05,4.476404683891785e-26,2.143345000385425e-25,5.159061204146462e-25,8.487406545233832e-05,5.532890191162619e-05,2.3468700406253423e-24,6.538772744938724e-25,9.11091052211761e-25,9.36081679610619e-05,0.006675763960609996,7.11277709869943e-05,1.1049905738148629e-25,8.092579610676291e-05,3.2419646410915547e-25,0.03150739972434949,1.247375226743092e-25,1.3714547854727266e-24,0.015714629833201915,2.4376414868311136e-26,1.0204427331254097e-24,1.5440888913904032e-25,0.0004179995275264441,0.0,0.00013901715554246987,4.31012903090809e-25,5.062209639631263e-25,2.1739433940666624e-25,2.068146701105854e-25
0.12984587495616604,-2.8197844966111766e-26,0.0,0.0,0.0,0.0,0.0038177731313602287,3.7239666578629317e-05,1.0841631619216083e-26,0.001480376247915432,0.0,-3.201893431654829e-26,1.1661562626738049e-25,0.0,0.0,0.0,-1.3345683166234888e-25,0.0,0.00784803729562612,0.00013184268225631217,-2.8233132460145293e-25,-2.7181705552937973e-25,-1.506635704802028e-25,0.0,0.0,0.0033471800388083866,-2.635680252441131e-25,0.0,0.0016514695527610325,0.0006055438871007959,0.00500409216965207,7.744729407421723e-06,0.004102108687626812,5.19403044152468e-26,0.025460202349036065,0.0,0.008447338939516767,0.0,4.3639153012245635e-05,0.0,-5.895763135062964e-25,3.393102149935132e-25,-1.928429761699148e-27,0.0,0.006240541160750469,-2.1014782053345754e-26,2.7996061967833054e-05,-7.044479972256147e-25,0.003964822237224946,0.0,0.0,0.00563589794145196,-8.69980178654052e-25,-1.464508540118174e-25,0.007212391525626395,0.00900334750698027,0.0,0.0029218649889326776,3.6300740007488006e-27,0.05006043495761605,8.377567887582912e-26,0.0,-8.426354220407123e-25,0.0030340331045439688,0.0068697587470240426,0.0015025046104236899,0.0020960407309070107,3.701961529664363e-26,0.0037294682516579762,0.005868642573661407,0.002894477571922658,0.002737102947743191,0.006010614506944146,0.00679813692241643,0.003738332576332022,-3.6483196230400147e-25,0.008175106351824253,0.008204730223617373,0.007225355591535326,0.005920514844969101,0.0035718940515815363,0.00363743739791316,0.0,0.005732316918552455,-5.470316205367448e-26,0.016217128610800796,5.49824949145101e-07,0.005230777387921974,0.007517727673337513,0.001879041121583094,0.0031104399013371672,0.002485038599517144,-2.399600099541631e-25,0.0032051023554489936,0.0048847784703508765,1.0230498538394693e-26,0.0,0.0,0.0,-1.2504367456118825e-25,0.0,0.0,0.0,0.0,2.175842773082293e-06,0.004726424837372506,0.0032519771497014163,0.0,0.00033467777456406054,0.0013784949458506943,0.013825946078293294,2.411575336597152e-25,0.012497927836660991,5.212990751135803e-25,-2.024930896975227e-25,-1.7195358192034676e-24,0.0,-1.0950548469274076e-27,-6.459463598870475e-25,0.0,0.004415479782026712,0.0074367457050543645,3.7097156933908083e-25,-1.580968285223776e-25,-4.189029986493327e-25,0.0,0.0,1.2854727900979057e-25,0.0035763976474578857,0.0,0.00417158819812346,0.0039175308981549885,0.0,0.004451159477742822,0.0,0.010609819891667467,-9.596405369856698e-26,-2.680602794587116e-25,0.0,0.0,-1.222539021866966e-25,0.011581241210900218,0.0,1.098340524252025e-25,5.2924551155580685e-25,0.003412138113729497,0.0,0.0,2.1892145495478594e-25,2.1976015005687646e-25,0.0,0.004416929372108496,0.007678280682020945,0.0,0.01385456836943894,-2.4257942862893792e-25,-1.0818812533682722e-25,-5.62536414361908e-26,9.185144139522654e-27,-2.6429826197368495e-25,-4.926851963871029e-26,-7.435933502704735e-25,9.315873919179908e-05,-3.872896736813573e-25,-2.386316709140533e-25,0.005384752427232372,-3.462979786497026e-26,5.305097036532713e-06,-4.362295345808513e-26,2.1733708138219764e-26,0.01717584606131137,1.2637205264217247e-25,1.5381974832284425e-05,0.011430640432920226,-1.5826190792206164e-27,3.423818640956591e-27,5.538952447094834e-25,1.369408511992218e-26,-9.988970593998031e-26,-1.0026459251519111e-25,-1.42319747679456e-25,-1.4529218606989474e-25,-2.8429457206954334e-25,-5.0949347442971355e-26
0.20341042231004666,-1.280951913844691e-26,0.0,0.0,0.0,0.0,0.003567402878779498,4.762852751716879e-05,0.0010267271053561186,0.0012366830744654734,0.0,4.215954711169548e-05,-8.102763907685992e-26,0.0,0.0,0.0,9.105267834752156e-26,0.0,0.009005288980617707,0.0007672685565107256,2.3114954975957715e-25,5.006573546509707e-25,0.0002303344093181687,0.0,0.0,0.003847206287787707,2.41920913683929e-25,0.0,0.002491059205570482,-3.9583270466262017e-25,0.005938819820296765,1.5850399502026313e-25,0.001748059633074889,-1.5242255710762459e-25,0.08190165168309331,0.0,0.004195211103454376,0.0,-5.410911195713196e-27,0.0,2.396970593116072e-25,6.913253883169201e-05,1.7526211701356147e-05,0.0,0.006333731304374057,1.2386602565702135e-26,0.00011595108619579592,6.441252290769318e-26,0.004138894759156889,0.0,0.0,0.006357016716753497,1.9949486690697331e-25,-1.6435860676595217e-24,0.006991818383873078,0.00940576830836509,0.0,0.0028559619898517793,-1.697817434873318e-26,0.01564727209593265,1.8924438607601817e-25,0.0,-5.187923745695243e-26,0.0037116186676817734,0.0076578500821046815,0.0022313227486721945,0.0029826373172391657,-6.179016635519986e-25,0.003642063290830658,0.002914204687495766,0.004616274633880305,1.3239246296910788e-24,0.0067509390453798284,0.004592556889192613,0.0033350584343237364,1.7666718584170406e-25,0.009950611733272783,0.006988845826091223,0.00812317460578846,0.0063959882233738065,0.0020131091190344133,0.004932455609876377,0.0,0.006932575883383047,1.122097290823718e-26,0.021606811550523054,1.5486289778342318e-27,0.0038391048260841302,0.008672936360081191,0.0033863710670038027,0.0028461615896277015,0.0029835915356628473,4.17805450137287e-25,0.003563760449378897,0.005630053507109437,-3.44992704462349e-26,0.0,0.0,0.0,1.8475156320959454e-25,0.0,0.0,0.0,0.0,-3.765457981390815e-27,0.006052202900135156,0.0023916658918834164,0.0,-4.5444573099899094e-26,0.0017689946337373112,0.017985472948059838,7.285254066959554e-25,0.00802886963606249,8.87311631050379e-25,1.051114691269285e-25,1.671674435343113e-24,0.0,0.0003077139762603319,6.906365493820756e-25,0.0,0.006541586625490581,0.016257958310008556,3.238935656323571e-25,-1.821547655617768e-25,-6.706130585227216e-25,0.0,0.0,0.00031535658362778204,0.003237742216207242,0.0,0.003917866703070703,0.003287876547071646,0.0,0.003969112859397563,0.0,0.012290958183828717,3.0732648750399313e-06,1.8220045285006416e-25,0.0,0.0,6.181590338871384e-05,0.012149268177713154,0.0,-2.0253150095643207e-25,3.871961420462908e-27,0.0037304743067594257,0.0,0.0,5.757701713405516e-26,7.018290766214834e-25,0.0,0.004766157627232742,0.006936447109669842,0.0,0.014942939534959886,5.207990484072661e-25,7.670747664898683e-26,7.889276645985107e-26,5.581624120622254e-26,4.726478567785866e-25,5.7415960742088714e-05,9.365295446439996e-25,8.338183823661472e-26,-3.380290942961112e-25,6.316647830059994e-05,0.006903220460129178,1.9914624267625307e-25,-2.396641299541358e-26,4.701358646108745e-25,8.766009166317937e-26,0.0147466861939591,-9.413822360447054e-26,7.557045711498943e-25,0.006699098224946637,7.750435689169372e-27,2.598989606292034e-25,0.0002592055069430494,8.384855777132059e-05,0.0005386720851940897,3.10331885039866e-25,1.2148384538932956e-25,-3.7287563450573e-26,6.360363218808857e-25,1.9757199047264084e-26
0.2483030621790161,5.877356795930398e-05,0.0,0.0,0.0,0.0,0.0021541443456879815,0.0001232610945044993,0.00024656036576320027,0.0016718320790033942,0.0,6.561378328889571e-05,1.9472714949957465e-05,0.0,0.0,0.0,0.000294741813493986,0.0,0.0041459430878875445,0.000915860295636346,5.79665142110609e-05,0.00034523987757444855,0.0005539028567441057,0.0,0.0,0.0025179330418127525,0.00042436367983667586,0.0,0.002167945105918528,0.0008064441851030858,0.0027821336322829283,3.9951175233604595e-05,0.0016843263794092344,0.0001034288188373837,0.030445540984368573,0.0,0.003684249734342121,0.0,8.700427362599435e-05,0.0,0.0012570641595292897,4.7167540343955436e-05,9.951858902813602e-05,0.0,0.004219355911383242,1.0829067155044003e-05,0.0003415127543591667,0.0008706824571362778,0.0018524532362889706,0.0,0.0,0.002837389650641653,0.00011788405986645344,0.00030034694678552823,0.0036978172109373127,0.005062203235325179,0.0,0.0019013406075976047,4.353461399715719e-05,0.019976678536344827,0.00037110372638461014,0.0,0.00028273683103009333,0.0018601315110887266,0.004110181214608186,0.0011397375841520733,0.0015629119328292662,0.0006281294016684574,0.0025234627569825268,0.0027785317729287404,0.002617524071203555,0.0022741108511941895,0.0037247708075201853,0.0028913189396056007,0.0020671392011006556,0.00031697406536069134,0.004284226831080402,0.003554381561553654,0.0037249177207743615,0.002893223678455443,0.0018471520781851477,0.0018441273347642824,0.0,0.003291946933281019,3.297028153215657e-05,0.00888114063329622,2.1512286846873326e-06,0.0019702616682813335,0.00508734959995547,0.0014555942490738598,0.0018209873995535806,0.0016575384883211243,0.00030681636940658053,0.0017773206391390871,0.0025715615260565607,3.183576002003591e-05,0.0,0.0,0.0,7.542669459609029e-05,0.0,0.0,0.0,0.0,1.7825085095951844e-05,0.0032201588759841753,0.0014953494153139293,0.0,0.0003540808825656502,0.0008625720495911837,0.010254569909934565,0.0002060354329821524,0.005073161021617678,0.001349013811637349,0.00023062064868183422,0.0020925827174772134,0.0,0.00026326896096625393,0.0004166349467453104,0.0,0.0027018604148716886,0.007463067434925195,0.0009617623924303562,8.8141657348096e-05,0.00037603604606512253,0.0,0.0,0.00010380056581218979,0.0018103576664044124,0.0,0.002826876203920409,0.002160400105896704,0.0,0.0021988460498635035,0.0,0.008792769381431535,3.2104654842740406e-05,0.00021453429648270268,0.0,0.0,0.00039401311195724835,0.005427824692756817,0.0,0.00020250925698941884,0.00040954538082652226,0.0017651062798236213,0.0,0.0,0.00025267079103238,0.0002007370153711861,0.0,0.0023435240948827957,0.0030288638801389514,0.0,0.00787308050577581,0.00037325716507353947,4.212145496555817e-05,0.00022061486528267252,0.00017600156536691727,0.00027962820401457127,3.812286702402208e-05,9.280529545704756e-05,7.375577643290383e-05,0.0002626479227314627,0.00020995191471972748,0.0027504593174429077,0.00011388340399119027,3.025701890812468e-05,0.00012945784749875485,0.00014666954547779717,0.009634335005999962,6.592151499225336e-05,0.00018516447422411845,0.0047736640974383035,4.346358386969704e-06,0.00022495555020155577,0.00016762010687491628,0.0001839904655585094,9.954217688101788e-05,0.0002660033785469465,0.00015425658614997195,0.0001482697242332926,0.00012850764446557507,8.029807131314778e-05
0.1650467641403442,1.8752603178795556e-25,0.0,0.0,0.0,0.0,0.006322176049478285,1.635145243433517e-05,2.3517156318178178e-05,0.003451326506679188,0.0,3.1163614476550086e-25,1.700797085549519e-25,0.0,0.0,0.0,4.861526158733468e-25,0.0,0.010264619611135409,-5.169868116283422e-25,5.786392029526701e-25,5.1435556052305945e-25,-1.6320304551025039e-25,0.0,0.0,0.005954206518902562,2.889306987950016e-25,0.0,0.004568670107920029,1.6111805457195582e-24,0.0040358609954953654,4.397452964493523e-26,0.006000059151811229,5.947496570430177e-25,0.1039866731439709,0.0,0.01192607496479144,0.0,7.982737778426679e-26,0.0,8.360725694263688e-25,3.388265624841423e-25,2.4606085256874053e-25,0.0,0.013398243154949271,9.348199574911621e-26,2.731883976236728e-25,3.5173665728031234e-24,0.005161517350323691,0.0,0.0,0.008342121227604943,5.071820904702178e-25,1.1657104430903787e-24,0.012124465419781254,0.012592713455266698,0.0,0.005340757759660995,4.856035460284902e-25,0.06677643140700766,1.2999775101100106e-24,0.0,1.427057955286653e-24,0.0038901358760020355,0.006927071685314229,0.003420448733421216,0.0036702682375431466,2.3482252749400445e-25,0.007658880799803803,0.007770808809768158,0.005471534347325249,0.0023229980135686104,0.007449837991823072,0.008245968800385056,0.004076680230818032,2.9259581272892324e-25,0.010918661733171003,0.01135101857589549,0.00940803175147786,0.008505843591873672,0.006090774458251102,0.004114828213775854,0.0,0.009622317438918034,3.0537663020704926e-25,0.022370872177877248,1.5199990543445563e-06,0.005202474888495358,0.012724201091468589,0.003664828192253627,0.004502729284304604,0.004275373567405436,7.24791251731997e-25,0.0032912601357377672,0.004472242974858292,1.1101250829893935e-25,0.0,0.0,0.0,4.572484078930484e-25,0.0,0.0,0.0,0.0,2.125851078236074e-26,0.008729346585559466,0.0025806181215253226,0.0,4.678342165158483e-25,0.001982921995463026,0.029568153495560596,4.560043562948329e-25,0.017564740324346236,0.004888535995989251,2.3719566719653967e-25,2.991746214292469e-24,0.0,8.011410859683077e-27,1.832431951632992e-24,0.0,0.006228803642469863,0.023592509388426032,8.639878054624306e-05,3.8475461420800827e-25,3.245867654962513e-25,0.0,0.0,1.494527353690399e-25,0.0056117434264974664,0.0,0.009463910160610937,0.004694162063512005,0.0,0.0075408071762473996,0.0,0.025998934476105705,6.901675875490303e-05,5.308912252067745e-05,0.0,0.0,8.980257163984394e-25,0.011508549653127061,0.0,1.57431058802251e-25,1.2799793310050336e-24,0.004972322442371775,0.0,0.0,9.407092437028479e-25,6.354380512950686e-25,0.0,0.005785503937556803,0.008585880025262099,0.0,0.02187296715079428,4.303932111209144e-25,2.1124304611931953e-25,4.749237598032279e-25,2.524289325252994e-25,4.324559882582018e-25,2.1444726960012466e-25,-3.3882595724814614e-25,4.0218752878556127e-25,1.2579477338532802e-24,1.3082153663383242e-25,0.008224397418521769,1.8346743586416404e-25,2.1688344264539223e-25,5.263393161507415e-25,5.224242311463556e-25,0.029336324143134338,8.030814419445273e-25,3.4292447234078432e-25,0.017168788645784142,8.076199450158983e-05,2.095614672925434e-25,2.2799122348063024e-25,1.90494742925169e-25,0.0004310324442838342,1.368130242136505e-25,3.1474304441312592e-25,8.510020377736384e-25,1.8380696672477616e-25,8.076245000544171e-26
0.4171599486706834,2.831203763456493e-25,0.0,0.0,0.0,0.0,0.0028801089267198304,0.00024966587648792086,0.0,0.004002898833313253,0.0,0.0006284474320397761,0.0,0.0,0.0,0.0,0.004962488892411077,0.0,0.001829900585657553,0.004668248380467198,6.0742730956932435e-05,0.001115628294424018,0.0,0.0,0.0,0.003902097650335699,0.0,0.0,-3.664884986200755e-24,0.008394537088947157,0.0005992976040126543,-7.128043027229198e-26,0.0002751193122915545,0.002826275386985574,0.013435937443544278,0.0,0.0019074688721309623,0.0,1.2680092950028909e-25,0.0,5.467884125539574e-24,-1.6503820502721176e-24,-1.0405765446623776e-24,0.0,0.0,-1.5952531904346377e-25,0.0,7.95911810413947e-25,0.0010538389166923467,0.0,0.0,0.0004128531726353558,0.0003052876515212335,0.0010275236927804706,0.0003188591983502304,0.0023131414431257357,0.0,0.0005475436136921951,0.0,0.004291574700250112,6.231076273365125e-25,0.0,0.0002050856835671627,0.0005300265885483774,0.0007340215602153337,9.376088402205944e-26,-2.7310532173396005e-25,0.0003723119413187673,0.005630573968866641,0.0031462472857919487,0.0005905406797624507,0.002856683997111522,0.0010915667242765064,0.0007908662707302365,1.4766658887556205e-25,0.0033565903729765503,0.0022869529793060304,0.0012929199276625085,0.0008680268478850145,5.27755845225312e-25,4.861997240888226e-26,6.171370598973335e-25,0.0,1.1806513912624212e-24,0.0009343681487445634,0.0,2.8944178982039724e-06,6.716337574931096e-05,1.4183732809614427e-24,-1.113565540746874e-25,0.0005769813702288126,0.0011622688491742122,1.3891748895685362e-24,0.00030972374471291783,-1.994652929855464e-25,0.0004777475448944253,0.0,0.0,0.0,0.0,0.0,0.0,0.0,0.0,0.00024809645304871964,0.0016115546481628533,0.0027591195279569212,0.0,0.0,0.00044131298261833974,2.195784017726452e-24,0.00089458874692402,0.0013853966037925302,0.00898523908534209,0.0,0.003323664913483573,0.0,0.0,1.2438722698542754e-24,0.0,0.0011461728652000425,8.0205070919021905e-25,0.0,2.1996411294851907e-06,0.00047504423012090116,0.0,0.0,-2.479732490420572e-25,0.0002953991989611863,0.0,0.0009367586868679144,0.0005893525553828076,0.0,0.0006209099303104455,0.0,0.0021588383277569324,0.0,0.0019369641238086931,0.0,0.0,0.0023844110758166454,-2.9299262705565194e-26,0.0,0.007554191099519528,6.2487621771998944e-24,7.053989737214091e-25,0.0,0.0,0.0008561290723698975,2.1814111391719923e-24,0.0,0.0,0.00017495740349699103,0.0,0.0002960072426397795,0.0,0.0,0.0,0.0030306605991426276,0.0009543022153748613,0.0,0.00010532324425280514,0.0,0.0018014076331938698,0.0,0.0016781043307594844,0.0,0.0,0.0,0.0,0.0,0.0,0.0,0.0,0.0,0.0,0.0,0.0,0.0,0.0,0.0,0.0,0.0,0.0
0.1787897419940955,0.0,0.0,0.0,0.0,0.0,0.006447270994260235,0.0,0.0002924513085794399,0.00518142086629894,0.0,-7.128906071722431e-27,-1.5638191077869424e-26,0.0,0.0,0.0,0.0,0.0,0.015450417165672487,-1.2103510285936832e-24,0.0,-8.624488606771163e-26,-2.178144254701193e-25,0.0,0.0,0.0078020836895985445,-9.497775375579263e-25,0.0,0.007868502736059737,7.9088830343202995e-25,0.008772725240932524,0.0,0.008057958331691413,0.0,0.16494282203957572,0.0,0.016177727737621203,0.0,0.0,0.0,0.0,-1.2054206835133531e-26,0.0,0.0,0.01978589274083538,0.0,1.0912490714130745e-25,0.0011736422093679673,0.007922454853786069,0.0,0.0,0.009947690009185474,1.452344951784067e-26,8.487959127780635e-25,0.016607595333820925,0.017652426109389198,0.0,0.008745192112202866,1.738592875961321e-26,0.11577401728236028,2.784645242573986e-25,0.0,-1.7644770709118154e-24,0.006801398356577982,0.018063805049684106,0.003008252303456183,0.00475668049072445,0.00028396694272739953,0.009360690886252116,0.010419949330534268,0.008942673440551777,0.001888700418454415,0.02019978549081871,0.015197447400318753,0.007721855719701817,-1.4121743678653965e-25,0.016286918637219146,0.01622274149954884,0.01308292644132986,0.010239989701568928,0.009400543960739324,0.006378475818102044,0.0,0.016331173579148938,0.0,0.04004500384725728,0.0,0.0068210987235607975,0.021978782442463315,0.005500214302083213,0.005206797963634521,0.006387898831339214,4.797423920372157e-25,0.006180076636500026,0.006245074760550078,0.0,0.0,0.0,0.0,7.72261180547299e-26,0.0,0.0,0.0,0.0,0.0,0.012803646382003469,0.0037544961528457443,0.0,-3.3597484927337924e-25,0.0019413770019164594,0.04625827898259117,-1.2166582991657482e-25,0.02662403015557532,3.6260970425157544e-24,-1.5745886446837143e-25,-2.6158340756255627e-24,0.0,6.24425027222604e-05,-5.524792070599248e-25,0.0,0.0103912903958704,0.03323076473222067,-7.228602170811666e-25,2.4019164377699514e-53,3.1101145111301324e-05,0.0,0.0,0.0,0.007060080223112569,0.0,0.01339996333141509,0.007247006900184558,0.0,0.008549029780639051,0.0,0.032784448700701865,-3.002385516571141e-25,-9.404312394489159e-26,0.0,0.0,-1.788932449197489e-25,0.027729960127722247,0.0,0.0,0.0,0.006993844909182148,0.0,0.0,-3.519345692962661e-25,0.0,0.0,0.00921778061436257,0.011985005843961503,0.0,0.026127626815725117,0.0005792517368076068,-5.156725231268408e-25,-1.411592865185773e-25,0.0,-2.4436965953665614e-25,-1.0751154961718345e-25,-4.715089508589026e-26,1.1479666374852091e-25,0.0,0.0003123842981092828,0.011582168872049827,6.433891454714819e-26,-1.0225923650134039e-25,-1.2577744168263165e-25,0.0003633195853516194,0.04410535607174338,-8.399070024516195e-25,1.7152939198016502e-25,0.023190899083044943,4.886067721445634e-26,0.000456360979484089,-2.1422660624234027e-25,-2.826766856093102e-25,0.0,-2.7565124774875554e-25,-1.3710759371656228e-25,-6.294560804613032e-25,3.2897963227433197e-25,-8.802187716996759e-26
0.2483030621790161,5.877356795930398e-05,0.0,0.0,0.0,0.0,0.0021541443456879815,0.0001232610945044993,0.00024656036576320027,0.0016718320790033942,0.0,6.561378328889571e-05,1.9472714949957465e-05,0.0,0.0,0.0,0.000294741813493986,0.0,0.0041459430878875445,0.000915860295636346,5.79665142110609e-05,0.00034523987757444855,0.0005539028567441057,0.0,0.0,0.0025179330418127525,0.00042436367983667586,0.0,0.002167945105918528,0.0008064441851030858,0.0027821336322829283,3.9951175233604595e-05,0.0016843263794092344,0.0001034288188373837,0.030445540984368573,0.0,0.003684249734342121,0.0,8.700427362599435e-05,0.0,0.0012570641595292897,4.7167540343955436e-05,9.951858902813602e-05,0.0,0.004219355911383242,1.0829067155044003e-05,0.0003415127543591667,0.0008706824571362778,0.0018524532362889706,0.0,0.0,0.002837389650641653,0.00011788405986645344,0.00030034694678552823,0.0036978172109373127,0.005062203235325179,0.0,0.0019013406075976047,4.353461399715719e-05,0.019976678536344827,0.00037110372638461014,0.0,0.00028273683103009333,0.0018601315110887266,0.004110181214608186,0.0011397375841520733,0.0015629119328292662,0.0006281294016684574,0.0025234627569825268,0.0027785317729287404,0.002617524071203555,0.0022741108511941895,0.0037247708075201853,0.0028913189396056007,0.0020671392011006556,0.00031697406536069134,0.004284226831080402,0.003554381561553654,0.0037249177207743615,0.002893223678455443,0.0018471520781851477,0.0018441273347642824,0.0,0.003291946933281019,3.297028153215657e-05,0.00888114063329622,2.1512286846873326e-06,0.0019702616682813335,0.00508734959995547,0.0014555942490738598,0.0018209873995535806,0.0016575384883211243,0.00030681636940658053,0.0017773206391390871,0.0025715615260565607,3.183576002003591e-05,0.0,0.0,0.0,7.542669459609029e-05,0.0,0.0,0.0,0.0,1.7825085095951844e-05,0.0032201588759841753,0.0014953494153139293,0.0,0.0003540808825656502,0.0008625720495911837,0.010254569909934565,0.0002060354329821524,0.005073161021617678,0.001349013811637349,0.00023062064868183422,0.0020925827174772134,0.0,0.00026326896096625393,0.0004166349467453104,0.0,0.0027018604148716886,0.007463067434925195,0.0009617623924303562,8.8141657348096e-05,0.00037603604606512253,0.0,0.0,0.00010380056581218979,0.0018103576664044124,0.0,0.002826876203920409,0.002160400105896704,0.0,0.0021988460498635035,0.0,0.008792769381431535,3.2104654842740406e-05,0.00021453429648270268,0.0,0.0,0.00039401311195724835,0.005427824692756817,0.0,0.00020250925698941884,0.00040954538082652226,0.0017651062798236213,0.0,0.0,0.00025267079103238,0.0002007370153711861,0.0,0.0023435240948827957,0.0030288638801389514,0.0,0.00787308050577581,0.00037325716507353947,4.212145496555817e-05,0.00022061486528267252,0.00017600156536691727,0.00027962820401457127,3.812286702402208e-05,9.280529545704756e-05,7.375577643290383e-05,0.0002626479227314627,0.00020995191471972748,0.0027504593174429077,0.00011388340399119027,3.025701890812468e-05,0.00012945784749875485,0.00014666954547779717,0.009634335005999962,6.592151499225336e-05,0.00018516447422411845,0.0047736640974383035,4.346358386969704e-06,0.00022495555020155577,0.00016762010687491628,0.0001839904655585094,9.954217688101788e-05,0.0002660033785469465,0.00015425658614997195,0.0001482697242332926,0.00012850764446557507,8.029807131314778e-05
0.14885734415741703,9.961115271272347e-26,0.0,0.0,0.0,0.0,0.003479169278904668,2.8155889676051e-26,2.32677570975807e-25,0.003182677118718135,0.0,1.706342358490674e-25,-1.5659666093913887e-25,0.0,0.0,0.0,4.2876008862210195e-25,0.0,0.0028792711927769807,2.0558725514562197e-27,1.1449992951476807e-25,6.418453601312311e-25,8.788374431701134e-05,0.0,0.0,0.003464181389215829,-1.1680980269633333e-25,0.0,0.002823453058039995,1.1487656895800646e-24,0.005130849610097628,1.7781789237641502e-25,0.0019893934859795256,1.3177645851723879e-25,0.04707185394920695,0.0,0.006207937617437233,0.0,-8.57312029277103e-27,0.0,0.0001448026416564154,-3.4957580998055456e-27,1.9560370579722266e-25,0.0,0.006245020816126559,-9.291943209544065e-27,7.901672726858881e-05,3.7618899369250987e-25,0.0021630728992650654,0.0,0.0,0.003014439151743669,8.907082342785602e-25,0.0006809139348976061,0.003443586227356931,0.008605235817034382,0.0,0.0032599391863973757,8.0589918351404e-26,0.0451436174487357,2.630262554797051e-25,0.0,-5.397263132677547e-25,0.003142836972046672,0.0049013455722788195,0.002288636626602838,0.00262189629183461,-1.7175454191488173e-26,0.0036329169877181936,0.004048513256617744,0.0024788528543422898,-1.1388947997162419e-24,0.0060478629991498195,0.003128370245775018,0.00441013757232415,2.1883548195548306e-25,0.005818713535575552,0.004908515947545412,0.004687729195156292,0.0035753986378564066,0.003568099903283275,0.0020310368857637436,0.0,0.004678878850858132,1.8799929471799761e-25,0.009685631288549849,9.93656497836379e-28,0.003866033204981417,0.0051484663853702045,0.002224482469366071,0.0030476509235345477,0.0022705984439423317,1.5802665203211326e-25,0.0033118697786491784,0.003923262478397742,-1.5045115161327708e-26,0.0,0.0,0.0,2.0541726522416119e-25,0.0,0.0,0.0,0.0,1.961040527563612e-27,0.003212247488276404,0.002083271166411042,0.0,2.949616036469963e-25,0.0015049533528638088,0.01310872245691358,-4.3704423308882095e-27,0.006753596313371565,-9.583755860771312e-25,3.775891681626801e-25,0.0017302091699487041,0.0,0.00019815063402533182,3.621282683385454e-25,0.0,0.004648035833815809,0.013125655566058176,-4.568886494032572e-25,7.498035721280568e-25,2.0737397731442186e-25,0.0,0.0,5.182686946067098e-25,0.002067775464720651,0.0,0.006300658493369466,0.003655219014086852,0.0,0.003575335147829254,0.0,0.018441306245967612,2.959888645083144e-26,3.6338089534844294e-25,0.0,0.0,7.903535258542227e-25,0.008481307798987054,0.0,1.5140013337502055e-25,4.363006159665889e-27,0.0019565937626989855,0.0,0.0,1.2020157118484135e-24,-1.7628184665221431e-25,0.0,0.003767505019514957,0.0035213676958380435,0.0,0.011108333299809925,0.0002505427215106469,9.643850146938079e-26,7.529339837540862e-26,3.1674961358304416e-25,5.894725600734937e-25,1.2166251778063875e-25,2.763832340506286e-25,-2.3034027598020926e-25,7.1429217096746e-25,0.00024310703201799974,0.0027314910886237177,8.126097952189484e-26,9.520785052441877e-26,1.5215904930675779e-25,0.0001537707811204239,0.015572481083120301,-1.687887707684899e-26,7.165422591403849e-25,0.006074653841324676,1.5039132826329038e-26,1.9658716589822861e-25,8.475427708076117e-26,0.00020015963107785492,7.312661342821103e-26,0.00015012085749893954,7.683266615402004e-26,1.192452542410713e-25,1.6276137447747205e-25,-7.955302176639754e-26
0.13920778410503903,5.144269986683248e-05,0.0,0.0,0.0,0.0,0.0043438233634420466,-9.23491859029863e-27,1.4753875896901565e-25,0.0027990410423115687,0.0,0.0001456780707207743,-8.917293228252951e-26,0.0,0.0,0.0,-3.936005429248211e-26,0.0,0.007539658667463179,0.0004906974177956538,-1.381860256982106e-25,9.241038308521302e-26,5.484752526461576e-25,0.0,0.0,0.004361631113181753,3.7799611802856945e-25,0.0,0.003948825018206641,1.0289357583492972e-24,0.006708394173672252,3.1389069190805925e-26,0.0017200992038722256,4.801967617750242e-25,0.06458809950032436,0.0,0.004287360329651391,0.0,3.247736774099919e-26,0.0,1.4746075666840206e-25,-2.1846773523994455e-25,1.2107077501885077e-25,0.0,0.009484680772672206,1.8864321499089806e-26,1.2524004990644382e-05,0.0009918918409030746,0.0020378638403041184,0.0,0.0,0.005270485449790656,1.6496340035915308e-25,-2.5373544811621314e-25,0.008263987406805076,0.007624537605509493,0.0,0.004566886732052961,-1.6707937911567222e-25,0.02530776793850209,1.9108086782837968e-25,0.0,1.0702143638424594e-24,0.003955293952370861,0.005255222704284744,0.0020918069817021847,0.003371686584878206,2.1537264157531796e-24,0.004413638513964978,0.0024555558009696134,0.003485539682827956,9.985680199049666e-25,0.01262112381265128,0.0037032060815425836,0.004321796098974782,8.298602948404621e-26,0.006080640149899733,0.0042719698381356854,0.007323428357269305,0.002540002770075038,0.0025124295033260658,0.002721488035379132,0.0,0.004903834356336725,0.00010633659364401777,0.007206148026099533,9.118838566884795e-07,0.004098535592010224,0.012881111797687628,0.0024768726357002066,0.0018083211387155773,0.0034476102097319283,4.204165791864385e-25,0.0025869930033157154,0.004466160492934546,5.670992172599191e-28,0.0,0.0,0.0,1.0257104917783684e-25,0.0,0.0,0.0,0.0,-6.588712098851753e-28,0.0023365987682916842,0.0025305662265979307,0.0,6.186063906915294e-26,0.0012421530512088897,0.015832250156743964,0.00026699492117840596,0.008241087998592645,0.0009767065176363356,-2.9150224926658883e-26,0.0009137299368895683,0.0,0.00021098234174233177,-7.289025028750554e-26,0.0,0.006744069235410508,0.013661461280999525,-9.904935776857682e-25,5.663760427037651e-05,0.00012872553173537432,0.0,0.0,1.416503122750969e-26,0.0036475946959554435,0.0,0.005623135992508621,0.0027539387277859258,0.0,0.004939842084974982,0.0,0.021158825681226,3.4656654082693807e-26,8.220511024171715e-26,0.0,0.0,0.0002044336903712621,0.012801663094012634,0.0,5.049880516140206e-25,-4.812374882810758e-25,0.0034345372502409756,0.0,0.0,4.278352617056114e-26,6.042458179915967e-25,0.0,0.0036676177599020052,0.004302833730882207,0.0,0.019570739466329336,6.707794604163126e-26,-1.5333585958371552e-25,-1.2206988275834803e-25,-1.2749139326923455e-25,1.8831447660274503e-25,4.677753868544265e-26,0.00010638907234232435,-1.9979457386749514e-25,-3.8890587569603375e-25,1.5658002561216508e-26,0.00499108336128316,3.1838008496383087e-27,-1.327080401657166e-26,-9.668628991903004e-26,2.2021508982250756e-25,0.008803089401800813,3.1323628623485793e-25,3.1016509126251695e-25,0.006324474121090307,8.301815559779383e-27,2.925460753935434e-05,1.8035207460254127e-25,1.446186724226283e-26,2.1543240507561524e-26,-1.0828642342871074e-25,-2.142301397604118e-25,5.786762124156577e-26,-1.7676101405102226e-25,7.284300277299615e-26
0.152052112504124,8.399793775784237e-26,0.0,0.0,0.0,0.0,0.003814563063639479,3.3208338706960024e-26,0.0005241515007549704,0.0024298100376076636,0.0,1.2025762777442698e-25,-2.633874132085622e-26,0.0,0.0,0.0,2.858074929949433e-26,0.0,0.006958079378170466,0.0016514153845804836,-2.2210001680109727e-25,0.00045744567948109797,0.0004424136072281215,0.0,0.0,0.004475198709743392,0.00014403898867518746,0.0,0.004070695940731979,0.0022569941554751176,0.0039312180490388175,7.993880305578325e-27,0.0015984624693888298,-1.1451279768469404e-25,0.06687775751869636,0.0,0.003960776642837092,0.0,7.174663947600827e-27,0.0,-9.484801358901181e-25,0.00011965128241485998,2.781755498096722e-25,0.0,0.010292053114695495,2.219849357911361e-26,5.492283635187958e-26,0.0004040402906914065,0.0029067059510856797,0.0,0.0,0.003818255051681226,3.2229037624007057e-25,4.933927386082206e-25,0.007333777285977261,0.009381505278448771,0.0,0.0037232938374688594,-4.272780914336685e-26,0.027208410677232973,-5.130502019735534e-25,0.0,-1.6186321780061644e-25,0.003485232232347187,0.007593810139365169,0.0027772736638101165,0.003268330417436025,0.0002421908047427267,0.0032551010178310737,0.002847983202734797,0.003378788118745864,0.004403036001690266,0.010042017468903427,0.004801509576718907,0.0022691902662244847,0.0008640608516801405,0.006230968302710154,0.0040413212558163625,0.008198446461643685,0.0040891624272548915,0.0026693339951946215,0.00252351103386059,0.0,0.005264201500220417,8.577591844878217e-27,0.014807497432937996,2.5297972182212656e-27,0.0013719985651187904,0.00978438175872702,0.0021446183424472737,0.0027805492855452357,0.0036889265637719,-6.108762426880608e-26,0.0031316385024088107,0.00444196219160136,-1.3662450627592421e-26,0.0,0.0,0.0,9.177637753275961e-26,0.0,0.0,0.0,0.0,6.681489530897248e-27,0.004202500359301635,0.00331521987699904,0.0,3.9663738550863778e-25,0.001300671624618546,0.01578343403804753,0.00016473058257443827,0.008890856302556647,0.0023925349970852616,3.6410375106472787e-06,-4.5746337816059273e-26,0.0,9.55015067074089e-05,1.0238092004849663e-24,0.0,0.0034974727501464313,0.015907787530550676,0.003660212404859101,-1.9444698228682727e-26,-2.1784052910644967e-25,0.0,0.0,7.788485416994287e-26,0.003232538224183523,0.0,0.006208909896609009,0.0026858696311133105,0.0,0.003284203997971827,0.0,0.01348137098709619,-7.31367813020354e-26,0.00039128623995442115,0.0,0.0,7.825867462499985e-26,0.009669372462906502,0.0,1.1777221530713343e-25,0.0003956824005032145,0.0033305967127203835,0.0,0.0,0.00020212635784880485,3.302704759445672e-25,0.0,0.004165386053300095,0.0058938242657169005,0.0,0.015150412855448386,4.861827055129656e-25,5.594528864408033e-26,0.00014500124126125432,0.0005438202013826924,-1.1836699211922957e-25,-2.9547294003234533e-26,1.3465516170679896e-25,2.0349234457990842e-26,3.016210028160653e-25,3.289148438608839e-25,0.005719122246680054,-5.5454784365628635e-27,-4.5826783955106886e-27,-1.7174015941914398e-25,2.642831500333562e-26,0.009073701976664347,1.1094986487512878e-26,-8.111362414489799e-25,0.00717543642233121,9.881510556008796e-27,0.0001354133715046322,-1.7317313114100087e-25,0.00013508898774434688,1.811861236225944e-25,7.998858030548351e-26,-2.766623331341513e-26,-4.9681836281634186e-26,7.41008079669552e-26,-3.64433869429517e-27
0.3203174598663485,0.0,0.0,0.0,0.0,0.0,0.007168260953240831,0.0,-1.0166389756578087e-24,0.003945538764247797,0.0,0.000838175070764262,-1.9024578024468759e-25,0.0,0.0,0.0,0.0,0.0,0.009876738767122738,-2.1568855834885233e-24,-8.275199010103255e-26,0.0026982842058628992,5.266961448148274e-05,0.0,0.0,0.004980994721943028,-1.0072850770281318e-24,0.0,0.006061477253207887,0.0010644304750230557,0.0051240318633712515,0.0,0.005248553090789281,0.0,0.10078786133520758,0.0,0.011845178322946865,0.0,0.0,0.0,0.0,0.0002539669533706818,4.7053852176961265e-05,0.0,0.011082525599866966,0.0,-7.43642673162929e-25,-1.1597307580110472e-24,0.0046949590749967175,0.0,0.0,0.007939401636819436,0.0007211803515522424,-2.5710850088103105e-25,0.010320286403311367,0.015471873098110813,0.0,0.005645125096674126,-5.633832302146783e-25,0.06859763689163267,-2.0577215756268727e-24,0.0,0.0010885202145218987,0.0045342896854630435,0.008447223556880813,0.0026490271745523673,0.004119300106151898,0.000926577016130855,0.007434023935276647,0.007488492383435793,0.0064761055693093395,0.003025810710341076,0.011920676403779541,0.008725522389159399,0.005462683868367304,0.0020323499131853955,0.01181325304349828,0.010969077458030491,0.008949829090282416,0.007228633173050711,0.006226430566295482,0.004025478962096504,0.0,0.010786921957659137,-8.479398756294268e-26,0.02541830394967002,0.0,0.005068758200366768,0.013141170157624381,0.004383961646161371,0.005496721579876086,0.003723114680879696,0.0006867031508548237,0.004223963113486093,0.006212983093393701,0.0,0.0,0.0,0.0,-8.152269375458609e-25,0.0,0.0,0.0,0.0,0.0,0.00860343634087393,0.0024300128605825883,0.0,0.0004773262247483375,0.0021666795201936775,0.027722243158231838,0.00027276976953111636,0.016028092207764213,7.457530705550856e-25,-3.9665055358163045e-25,0.01021973921973732,0.0,-8.177635699538194e-25,0.001513083078500138,0.0,0.008171633831803134,0.024728750049830932,0.0014243386742186835,1.1819317057562414e-31,-1.5841070280533697e-24,0.0,0.0,0.0,0.005340747304946009,0.0,0.009556689653051639,0.006023275894109464,0.0,0.005698046372719724,0.0,0.02119465770965902,7.462705871531263e-05,0.0005165681673310731,0.0,0.0,-1.879051173685875e-24,0.012088193895660617,0.0,0.000986697723313404,0.0,0.0034661216883555817,0.0,0.0,9.348442891368732e-05,0.0,0.0,0.006051716558895835,0.0030583735463131684,0.0,0.021049089965550518,-8.505239671628872e-25,-3.6106737006470582e-25,0.0009817265521698388,0.00012984389771724034,0.00022738062542716945,-1.802749709635676e-25,0.00026747835377762436,0.0007427925912643634,0.0011489324080579233,-2.9767923041795166e-24,0.0050358405916784855,2.107106658745524e-05,-1.4660146738338287e-25,-6.5948213198774595e-25,-1.0143564986789678e-24,0.034583983908241744,-1.147298626819538e-24,-1.854695072019159e-24,0.013997439827408403,-8.525123431905471e-27,0.00011931221468139404,-5.364301823687983e-25,-8.236337174252505e-25,-3.7544343711305135e-25,-1.0786337862217248e-24,-8.54951767929235e-25,-1.0755758636212946e-24,-6.437571332507716e-25,-5.957254382721446e-25
0.237374555912225,-2.2362834768694785e-25,0.0,0.0,0.0,0.0,0.004405198897938709,-1.7197271852772657e-26,-7.885526711564788e-25,0.0017560151702273748,0.0,-5.911014423657704e-25,6.878509049950243e-26,0.0,0.0,0.0,-1.0617439198153856e-24,0.0,0.007639551053814956,-2.3960346904747545e-24,-3.9458399002213826e-25,-4.644198424702019e-25,-1.1491007609181974e-24,0.0,0.0,0.003307779227793093,0.00028358423236595436,0.0,0.0019391081872781413,-1.9013238827657376e-24,0.0030685515583247455,-2.0471076885222285e-25,0.002103138630097532,2.2687769657366133e-25,0.08132218200257336,0.0,0.003950166001725039,0.0,-2.5591498704101682e-26,0.0,-7.559277183181632e-26,-4.592576279534226e-25,-6.190788984760507e-26,0.0,0.007394669375994034,6.017928904550626e-06,-1.9267355649967579e-25,0.0038979750599095705,0.0036216616848647673,0.0,0.0,0.004934420494493733,-4.389571788776888e-25,-4.598950259570084e-25,0.007423944393105298,0.009079701930490123,0.0,0.0028270744675043765,-5.476424079160581e-25,0.021466853591558876,0.00013859642650929625,0.0,0.00023996324152983757,0.003117424961660928,0.007303743779013914,0.0021998984608652366,0.003190694300845146,-2.1953224403381396e-24,0.004323642797464521,0.005259555848983407,0.0051641944440076245,0.004105662148751296,0.010294665736766191,0.00523578085714697,0.0014827384893975927,0.000321904673022615,0.008669501556861097,0.007247260919086864,0.007233220122585812,0.004514974460303522,0.00231317686029365,0.004464937192600229,0.0,0.004980448785897402,-2.203394344093965e-26,0.018668319667829097,-2.9882486407626504e-27,0.001945984132145064,0.007766396318368341,0.0031804782896274076,0.002310318252927014,0.0031381245198801697,-6.665170751642429e-25,0.0030072501471612614,0.005269801806711311,-3.5599825315334484e-26,0.0,0.0,0.0,-4.316655064151922e-25,0.0,0.0,0.0,0.0,-8.716261591356404e-27,0.007598700527177112,0.002158420257328217,0.0,0.00041671014395057394,0.0015294744323558456,0.017061815630805305,-4.0234789066265827e-25,0.008307716957371892,-1.1973413021214449e-24,-8.378998530416308e-25,-5.466902304663646e-24,0.0,-2.009531299124715e-25,-1.268744760700656e-24,0.0,0.0048325084410088285,0.014649912527947567,0.003517750477444483,-6.8998329223424335e-25,-1.624567541448424e-25,0.0,0.0,-7.275869436968637e-25,0.003550962683110993,0.0,0.003917905515886702,0.0034041677027540603,0.0,0.0033930537049270053,0.0,0.01013629859708187,-2.340789316230761e-25,1.2693775467859457e-05,0.0,0.0,-2.06942469114074e-25,0.009275539064338721,0.0,0.0002675101708973713,0.0005309324002457946,0.003851601828023704,0.0,0.0,5.062290194775879e-06,-5.516955154130591e-25,0.0,0.004022352684333636,0.005123455462045083,0.0,0.015348034572596333,-9.64423678284415e-25,-5.619391035275603e-26,0.00014945244375829718,-3.345077971869478e-25,-1.0201276167884817e-24,-2.999155789305312e-25,-3.058518011940369e-26,-5.223606382147596e-25,-1.2751917947722051e-24,-7.4309659008157265e-25,0.00499703612944368,-2.105841364806769e-25,-1.3190232576702538e-25,-7.170807591142906e-25,-5.25226834340582e-25,0.014177305069888872,-9.327992446435168e-25,-1.1139077447052934e-24,0.007498289105741128,-3.198499819337207e-26,-8.112626705022395e-25,-5.638765624827401e-25,-5.745087979742094e-25,7.534385113148247e-05,-8.221997164954024e-25,-5.388160420684962e-25,-5.468376889720967e-25,-3.7011510866933993e-25,-2.2758847140818255e-25
0.315010320448431,-2.7451335496045405e-25,0.0,0.0,0.0,0.0,-9.27984819675403e-25,-8.363176265729298e-26,0.0,8.493377572600224e-05,0.0,0.00020433141228776782,0.0,0.0,0.0,0.0,5.942176463556612e-05,0.0,-3.0196170943108354e-24,4.8695573183542616e-24,-1.9305466838130548e-24,0.00173162570607857,0.0,0.0,0.0,0.001146008730240903,0.0,0.0,-2.529451438891097e-25,0.00801577152208272,0.0018482402887021086,-1.4170605651419806e-25,8.821478227459286e-26,-1.395893342847878e-24,0.0016203308532217135,0.0,0.00015198612671276501,0.0,-1.987608026988004e-25,0.0,-3.00444103143341e-24,-1.175720802593226e-24,-1.1421806975249514e-24,0.0,0.0011727703344614798,-1.8324707957036423e-25,0.0,-6.104033179858877e-24,-8.889598930235528e-25,0.0,0.0,0.0016360117978380985,0.00020522817049520046,-1.6864506388829564e-24,0.0002647963732534346,-2.7366763241072196e-24,0.0,0.0004897541958464567,0.0,0.004622085621683349,0.0014451091766179416,0.0,0.0013243961072125342,0.0002705720534993016,0.0035951671582614047,-2.0784700752363184e-25,0.00010735910052985858,0.000968637580157002,-6.750475436439097e-24,3.8834387645626965e-08,0.0012491529596320684,0.00756035368714076,-2.427562270220404e-24,7.267388220085549e-25,6.083515671763438e-05,0.002157432381921355,-2.7220971264376834e-24,0.0009239117659698947,0.00037206414077452666,0.0013074264074106805,0.0008972673835124749,0.0007888712120696208,0.0,0.00030331073772500115,-3.5926074363592167e-25,0.00260982828565831,-1.0414181596917432e-26,0.00043725904411273095,0.001714235409311189,-2.8178977550229414e-25,0.0018467466783094763,-2.1238887053970244e-24,0.003595244562857589,0.00020399497498162488,-1.7953484049808673e-24,-4.7164905750733245e-25,0.0,0.0,0.0,0.0,0.0,0.0,0.0,0.0,-3.585734133357541e-26,0.00030580840025826845,-5.267698276207546e-25,0.0,0.0012922114146157375,0.0003121273927607464,0.0021132506780770955,-4.600055578740215e-25,0.00022748184242063962,0.004679580858049388,0.0,0.0057553332421612395,0.0,0.0,0.003946806738366303,0.0,-8.843572814438728e-25,0.0007158022489238858,0.0,5.653949397441603e-25,9.90921812573672e-05,0.0,0.0,-4.6348243109646195e-26,0.00017972445354349928,0.0,-1.99276573442468e-24,0.00032323384504243184,0.0,0.000360127965886926,0.0,0.002235224814470855,0.0,0.0015624468378012187,0.0,0.0,0.00018477630633354826,0.0020954775251117185,0.0,-1.0322739963333109e-24,-5.433075494074897e-25,0.00030861293464287535,0.0,0.0,0.0013139531697202544,-3.446928262215538e-24,0.0,0.0,0.0007686708598296088,0.0,0.0041764519172324726,0.0,0.0,0.0011656465001030742,-9.165580327047785e-25,-5.610972740416184e-25,0.0,0.0019065515447384438,0.0,-1.146418191975821e-24,0.0,7.998374766433613e-05,0.0,0.0,0.0,0.0,0.0004963935099227653,0.0,0.0,0.0009649573790219507,0.0,0.0,0.0,0.0,0.0,0.0,0.0,0.0,0.0,0.0
0.16639274300393178,-9.014749997103003e-27,0.0,0.0,0.0,0.0,0.005210042813180121,3.880690887746149e-05,-1.7053384150240377e-25,0.003358978820085807,0.0,-1.7508937668124177e-25,-4.927502449586207e-26,0.0,0.0,0.0,0.0002816481390645073,0.0,0.00909374876985019,9.529962645351764e-26,-1.5530595251759514e-25,3.5179221597334256e-05,7.749716899699373e-05,0.0,0.0,0.004948190965296872,-6.573633779526885e-25,0.0,0.005216285566852408,0.0012334602926631756,0.004654799268654602,-9.922605935310904e-27,0.003904349232564361,-1.893104648154581e-26,0.08918236835278485,0.0,0.006356674087447609,0.0,1.9221803687365486e-05,0.0,0.00018004750309741534,9.099182220596652e-26,-2.0253628222066763e-26,0.0,0.010607628739605794,-9.770493065992328e-27,-6.892182791159939e-26,0.0007201999654117668,0.002956724422821387,0.0,0.0,0.00405079087909605,0.00014462606561103862,0.00014176337424056873,0.008133126691798198,0.010628569695567993,0.0,0.004966856112552053,-9.330931318987916e-26,0.05376937628320691,-1.0350500769226913e-24,0.0,0.00017534571020846534,0.003499496562693906,0.007938000125151489,0.0027062754495394375,0.0035474226586866874,-1.3418780991921898e-25,0.00435447395017753,0.005327000017163428,0.0043449945041055624,0.006031336392008895,0.009056423813607266,0.005412422445263369,0.002307408440563196,0.0003062272932729569,0.006313052585240949,0.008082932080581718,0.006657407114285819,0.004381801286239664,0.003756267101927813,0.0034332620434882615,0.0,0.0074089728513559465,-9.652437740394205e-26,0.020505378761381927,1.616551994035677e-06,0.0024326015559801776,0.0117007476643146,0.003281134875275643,0.003208251921335232,0.003100675050203385,3.277217604461876e-06,0.004118144763022665,0.004839819336679943,-1.539091403002916e-27,0.0,0.0,0.0,-1.2679656406807708e-26,0.0,0.0,0.0,0.0,5.133039330955122e-06,0.005705467790251471,0.0028471792094518452,0.0,0.000452390416168854,0.0012392199332882103,0.021236885102451527,0.0002742494899895957,0.012785544368784572,0.0022632241707567437,-2.315222567389246e-25,0.003405883962874858,0.0,-5.552376950631535e-25,0.0001743723264164304,0.0,0.006814772251483538,0.013572154707509849,-4.3428736555251e-25,-3.2456526877963113e-25,-2.6724894341568492e-25,0.0,0.0,-1.2484622833239986e-25,0.003988581517042606,0.0,0.005650555679458172,0.004356725482058918,0.0,0.003194976785880871,0.0,0.015953391891420362,-9.812531965145764e-26,0.0005190891271591663,0.0,0.0,-1.5087506729619582e-24,0.01220092577709874,0.0,-2.7933008174536345e-25,-4.956668242435315e-25,0.00485541685557222,0.0,0.0,-2.0864098589339035e-25,-6.614582459259402e-25,0.0,0.0037673817747997085,0.006849259823413245,0.0,0.015468120925455062,-1.2504682476325381e-25,-1.832023385183779e-25,0.00038811148428676587,7.833633360078961e-26,-5.9718066528790335e-25,1.2691559150735578e-26,-4.1234384183139703e-25,-1.0639999612173042e-25,0.000771224297975428,4.1050161841973874e-25,0.007631132405597132,-1.3604312374669476e-25,-2.2847422485362954e-26,-6.418278940074316e-26,-1.0796153949904124e-25,0.018619102438754354,2.356372837743725e-25,-9.231014081669139e-26,0.008889569721943453,-1.7402189340561837e-26,2.735196711920722e-25,-4.3880980698584133e-26,-2.46787456810996e-25,-2.0793798150646705e-25,4.124109632938558e-25,2.361804530137256e-25,2.3806479419043807e-05,-2.487278516912406e-25,-2.347510626978257e-25
0.20400255052607008,-7.089949997733305e-25,0.0,0.0,0.0,0.0,0.004553074286127484,-9.52639367656789e-26,0.00016595132763228942,0.003371459552258119,0.0,-2.8809975218692096e-25,0.0,0.0,0.0,0.0,-1.2179166081577164e-24,0.0,0.009155404279087398,-6.325445841670167e-24,-7.830288461241154e-25,-3.102481089777708e-24,0.0,0.0,0.0,0.005440608270248295,9.086627225764503e-06,0.0,0.005035115552388423,0.0005305372768399272,0.007873128788479646,-3.2695944898984385e-25,0.0018367276574708066,6.188015890448715e-25,0.09060727187142388,0.0,0.0064478669506034415,0.0,-8.380313590187093e-26,0.0,6.20420904817405e-25,-1.4052926412257586e-24,-7.12743685362617e-25,0.0,0.011410490878181839,-1.3334047502082874e-25,0.0,-5.614642101924193e-24,0.006531837096807752,0.0,0.0,0.00783525079323695,-1.439827689895974e-25,-2.122287835688175e-24,0.006854462283712774,0.014577811412386756,0.0,0.004780880432010425,0.0,0.029458659110751344,-4.244336695574875e-24,0.0,-3.447950946253375e-24,0.004605370867495631,0.008676819966221081,0.0037689843251201773,0.004895721306617473,-2.1932150066281092e-24,0.00801077172206438,0.005497156740426368,0.004548579658562265,-7.40894235481158e-24,0.006070471013965284,0.004065189129846673,0.004190142884710457,2.6569792138601928e-05,0.012835330783078006,0.007563120535095688,0.006618882366934713,0.007710194843336509,0.0034416475606400595,0.004614815693288386,0.0,0.00974184966594558,-4.396810862903757e-25,0.020743660546746878,3.782700875238329e-06,0.006224573039888957,0.00971684518579776,0.0037107318817243707,0.004200891353283912,0.005203193313807492,-5.2708541398925354e-24,0.005465340031518122,0.00843323700030183,-4.974518360678012e-25,0.0,0.0,0.0,0.0,0.0,0.0,0.0,0.0,-5.601961120635283e-26,0.007493947722933237,0.0030511083611020466,0.0,-1.959018673281272e-24,0.0026804373422146988,0.027433002402908562,-1.6382928102670014e-24,0.009833190830794711,-3.1932035527451154e-24,0.0,-1.0075135300384456e-23,0.0,0.0,-3.104242314351137e-24,0.0,0.007706283545125722,0.0215773905972804,-7.897793909866078e-25,-8.442206142908685e-25,-2.7539693026857884e-24,0.0,0.0,-9.610611338710666e-25,0.003130379579089042,0.0,0.006901966069458888,0.0049466616853600185,0.0,0.00828467822805067,0.0,0.029252152649027346,0.0,-1.4480102290473978e-24,0.0,0.0,-8.041976907969424e-25,0.014985727250216704,0.0,-1.1366255194603914e-24,-1.5358225703416396e-24,0.006277687491708088,0.0,0.0,-1.3289224162420895e-24,-3.478642277211604e-24,0.0,0.00781840768111004,0.010294476608242021,0.0,0.01960259071505122,0.0,0.0,-1.1323568981191979e-24,-8.230023500064282e-25,-1.5988970048008545e-24,0.0,-3.2086830080808453e-24,0.0,-4.327114552530531e-24,-3.602809666992274e-25,0.009331335009129362,5.092774661052921e-07,0.0,0.0,0.0,0.019879635081947275,0.0,0.0,0.007604206882779962,0.0,0.0,5.232367976951438e-05,0.0,0.00022684376100600497,0.00014149797629965901,2.8917045099118797e-05,0.0,0.0,6.101871446088795e-05
0.2965936588483029,0.0035695745237572865,0.0,0.0,0.0,0.0,-3.5613888499334583e-25,0.0006369128722202101,0.0,2.679597737701963e-25,0.0,0.00012290983603848647,0.0,0.0,0.0,0.0,-1.0650815870659103e-24,0.0,-3.2232278949473643e-25,0.0037914478467708625,0.0004681994766590828,-6.355327642940926e-25,0.0,0.0,0.0,0.0019282406263088734,0.0,0.0,-2.8330256273288438e-24,1.426758650904957e-25,-8.88942304224241e-25,-2.2017680771296975e-25,0.0005838905972825211,0.0006780929919832376,1.0253207542781118e-24,0.0,0.0009247490438228365,0.0,-3.548026184088134e-25,0.0,1.3150460291950238e-24,0.001679408907969468,-4.327678642190334e-25,0.0,0.0,0.00038804323846256135,0.0,0.0007076466352846693,0.0005686113880113889,0.0,0.0,0.00023311380705208506,-1.982564030127224e-24,-8.308980421437296e-25,-2.5487678272224486e-25,0.00044637542509904103,0.0,-8.094208873122241e-25,0.0,0.00016721676387076323,0.0007577283829704353,0.0,-6.730502771745548e-25,0.00037141516878562387,-1.2399378431359792e-24,-2.388298723711464e-25,-6.6788020702706735e-25,0.002728323870920252,0.0005930438314745213,-5.669312583634192e-26,0.00091437262458826,0.0,0.002229323898474484,0.0004242606312256911,0.00047731510535898295,0.0001539249201352678,-7.414015797842404e-25,0.0007002408595145316,-3.2035728979346195e-25,0.0003341297167275312,1.6204466315467958e-25,-3.9043420033262244e-25,0.0,0.00016052672829086682,-4.627497827068617e-25,0.0,7.582803675301963e-05,1.3697555074097507e-25,0.0015139916997806602,-2.9835108687301716e-25,0.0,0.0013050459527613263,-2.1294438865845684e-24,5.04709221960144e-26,-4.502455184960364e-25,-5.553318147047481e-25,0.0,0.0,0.0,0.0,0.0,0.0,0.0,0.0,0.0003384206371526533,0.000362161586452971,0.0006389719476291499,0.0,0.0,0.00042740435426206065,-4.73058414819972e-25,-8.882946515295335e-25,0.0018953207098749744,0.0055954228353611,0.0,0.0012793057224672693,0.0,0.0,-1.2632131150004885e-24,0.0,0.0023637313584582284,0.0005936020306561473,0.0,1.3165542426030119e-24,0.0028456269719424254,0.0,0.0,-2.335691174743359e-24,-2.2090677648716614e-25,0.0,-1.960139705023667e-25,0.001045919346456593,0.0,-3.321894746298551e-25,0.0,0.00025897325242539565,0.0,0.00023552166632277198,0.0,0.0,0.0009112989966148583,1.5260901748977858e-25,0.0,0.00029353365561772033,-4.209733296076667e-24,-1.5803391446066525e-25,0.0,0.0,0.0,-6.0962380208379265e-24,0.0,0.0,0.0001046728178355089,0.0,-4.826266809015824e-25,0.0,0.0,0.0,3.3271131718011104e-25,0.00021243655901791443,0.0,-6.766282430545964e-25,0.0,-1.7171436548532575e-24,0.0,-1.0943216046463694e-25,0.0,0.0,0.0,0.0,0.0,0.0,0.0,0.0,0.0,0.0,0.0,0.0,0.0,0.0,0.0,0.0,0.0,0.0
0.2483030621790161,5.877356795930398e-05,0.0,0.0,0.0,0.0,0.0021541443456879815,0.0001232610945044993,0.00024656036576320027,0.0016718320790033942,0.0,6.561378328889571e-05,1.9472714949957465e-05,0.0,0.0,0.0,0.000294741813493986,0.0,0.0041459430878875445,0.000915860295636346,5.79665142110609e-05,0.00034523987757444855,0.0005539028567441057,0.0,0.0,0.0025179330418127525,0.00042436367983667586,0.0,0.002167945105918528,0.0008064441851030858,0.0027821336322829283,3.9951175233604595e-05,0.0016843263794092344,0.0001034288188373837,0.030445540984368573,0.0,0.003684249734342121,0.0,8.700427362599435e-05,0.0,0.0012570641595292897,4.7167540343955436e-05,9.951858902813602e-05,0.0,0.004219355911383242,1.0829067155044003e-05,0.0003415127543591667,0.0008706824571362778,0.0018524532362889706,0.0,0.0,0.002837389650641653,0.00011788405986645344,0.00030034694678552823,0.0036978172109373127,0.005062203235325179,0.0,0.0019013406075976047,4.353461399715719e-05,0.019976678536344827,0.00037110372638461014,0.0,0.00028273683103009333,0.0018601315110887266,0.004110181214608186,0.0011397375841520733,0.0015629119328292662,0.0006281294016684574,0.0025234627569825268,0.0027785317729287404,0.002617524071203555,0.0022741108511941895,0.0037247708075201853,0.0028913189396056007,0.0020671392011006556,0.00031697406536069134,0.004284226831080402,0.003554381561553654,0.0037249177207743615,0.002893223678455443,0.0018471520781851477,0.0018441273347642824,0.0,0.003291946933281019,3.297028153215657e-05,0.00888114063329622,2.1512286846873326e-06,0.0019702616682813335,0.00508734959995547,0.0014555942490738598,0.0018209873995535806,0.0016575384883211243,0.00030681636940658053,0.0017773206391390871,0.0025715615260565607,3.183576002003591e-05,0.0,0.0,0.0,7.542669459609029e-05,0.0,0.0,0.0,0.0,1.7825085095951844e-05,0.0032201588759841753,0.0014953494153139293,0.0,0.0003540808825656502,0.0008625720495911837,0.010254569909934565,0.0002060354329821524,0.005073161021617678,0.001349013811637349,0.00023062064868183422,0.0020925827174772134,0.0,0.00026326896096625393,0.0004166349467453104,0.0,0.0027018604148716886,0.007463067434925195,0.0009617623924303562,8.8141657348096e-05,0.00037603604606512253,0.0,0.0,0.00010380056581218979,0.0018103576664044124,0.0,0.002826876203920409,0.002160400105896704,0.0,0.0021988460498635035,0.0,0.008792769381431535,3.2104654842740406e-05,0.00021453429648270268,0.0,0.0,0.00039401311195724835,0.005427824692756817,0.0,0.00020250925698941884,0.00040954538082652226,0.0017651062798236213,0.0,0.0,0.00025267079103238,0.0002007370153711861,0.0,0.0023435240948827957,0.0030288638801389514,0.0,0.00787308050577581,0.00037325716507353947,4.212145496555817e-05,0.00022061486528267252,0.00017600156536691727,0.00027962820401457127,3.812286702402208e-05,9.280529545704756e-05,7.375577643290383e-05,0.0002626479227314627,0.00020995191471972748,0.0027504593174429077,0.00011388340399119027,3.025701890812468e-05,0.00012945784749875485,0.00014666954547779717,0.009634335005999962,6.592151499225336e-05,0.00018516447422411845,0.0047736640974383035,4.346358386969704e-06,0.00022495555020155577,0.00016762010687491628,0.0001839904655585094,9.954217688101788e-05,0.0002660033785469465,0.00015425658614997195,0.0001482697242332926,0.00012850764446557507,8.029807131314778e-05
0.2483030621790161,5.877356795930398e-05,0.0,0.0,0.0,0.0,0.0021541443456879815,0.0001232610945044993,0.00024656036576320027,0.0016718320790033942,0.0,6.561378328889571e-05,1.9472714949957465e-05,0.0,0.0,0.0,0.000294741813493986,0.0,0.0041459430878875445,0.000915860295636346,5.79665142110609e-05,0.00034523987757444855,0.0005539028567441057,0.0,0.0,0.0025179330418127525,0.00042436367983667586,0.0,0.002167945105918528,0.0008064441851030858,0.0027821336322829283,3.9951175233604595e-05,0.0016843263794092344,0.0001034288188373837,0.030445540984368573,0.0,0.003684249734342121,0.0,8.700427362599435e-05,0.0,0.0012570641595292897,4.7167540343955436e-05,9.951858902813602e-05,0.0,0.004219355911383242,1.0829067155044003e-05,0.0003415127543591667,0.0008706824571362778,0.0018524532362889706,0.0,0.0,0.002837389650641653,0.00011788405986645344,0.00030034694678552823,0.0036978172109373127,0.005062203235325179,0.0,0.0019013406075976047,4.353461399715719e-05,0.019976678536344827,0.00037110372638461014,0.0,0.00028273683103009333,0.0018601315110887266,0.004110181214608186,0.0011397375841520733,0.0015629119328292662,0.0006281294016684574,0.0025234627569825268,0.0027785317729287404,0.002617524071203555,0.0022741108511941895,0.0037247708075201853,0.0028913189396056007,0.0020671392011006556,0.00031697406536069134,0.004284226831080402,0.003554381561553654,0.0037249177207743615,0.002893223678455443,0.0018471520781851477,0.0018441273347642824,0.0,0.003291946933281019,3.297028153215657e-05,0.00888114063329622,2.1512286846873326e-06,0.0019702616682813335,0.00508734959995547,0.0014555942490738598,0.0018209873995535806,0.0016575384883211243,0.00030681636940658053,0.0017773206391390871,0.0025715615260565607,3.183576002003591e-05,0.0,0.0,0.0,7.542669459609029e-05,0.0,0.0,0.0,0.0,1.7825085095951844e-05,0.0032201588759841753,0.0014953494153139293,0.0,0.0003540808825656502,0.0008625720495911837,0.010254569909934565,0.0002060354329821524,0.005073161021617678,0.001349013811637349,0.00023062064868183422,0.0020925827174772134,0.0,0.00026326896096625393,0.0004166349467453104,0.0,0.0027018604148716886,0.007463067434925195,0.0009617623924303562,8.8141657348096e-05,0.00037603604606512253,0.0,0.0,0.00010380056581218979,0.0018103576664044124,0.0,0.002826876203920409,0.002160400105896704,0.0,0.0021988460498635035,0.0,0.008792769381431535,3.2104654842740406e-05,0.00021453429648270268,0.0,0.0,0.00039401311195724835,0.005427824692756817,0.0,0.00020250925698941884,0.00040954538082652226,0.0017651062798236213,0.0,0.0,0.00025267079103238,0.0002007370153711861,0.0,0.0023435240948827957,0.0030288638801389514,0.0,0.00787308050577581,0.00037325716507353947,4.212145496555817e-05,0.00022061486528267252,0.00017600156536691727,0.00027962820401457127,3.812286702402208e-05,9.280529545704756e-05,7.375577643290383e-05,0.0002626479227314627,0.00020995191471972748,0.0027504593174429077,0.00011388340399119027,3.025701890812468e-05,0.00012945784749875485,0.00014666954547779717,0.009634335005999962,6.592151499225336e-05,0.00018516447422411845,0.0047736640974383035,4.346358386969704e-06,0.00022495555020155577,0.00016762010687491628,0.0001839904655585094,9.954217688101788e-05,0.0002660033785469465,0.00015425658614997195,0.0001482697242332926,0.00012850764446557507,8.029807131314778e-05
0.2483030621790161,5.877356795930398e-05,0.0,0.0,0.0,0.0,0.0021541443456879815,0.0001232610945044993,0.00024656036576320027,0.0016718320790033942,0.0,6.561378328889571e-05,1.9472714949957465e-05,0.0,0.0,0.0,0.000294741813493986,0.0,0.0041459430878875445,0.000915860295636346,5.79665142110609e-05,0.00034523987757444855,0.0005539028567441057,0.0,0.0,0.0025179330418127525,0.00042436367983667586,0.0,0.002167945105918528,0.0008064441851030858,0.0027821336322829283,3.9951175233604595e-05,0.0016843263794092344,0.0001034288188373837,0.030445540984368573,0.0,0.003684249734342121,0.0,8.700427362599435e-05,0.0,0.0012570641595292897,4.7167540343955436e-05,9.951858902813602e-05,0.0,0.004219355911383242,1.0829067155044003e-05,0.0003415127543591667,0.0008706824571362778,0.0018524532362889706,0.0,0.0,0.002837389650641653,0.00011788405986645344,0.00030034694678552823,0.0036978172109373127,0.005062203235325179,0.0,0.0019013406075976047,4.353461399715719e-05,0.019976678536344827,0.00037110372638461014,0.0,0.00028273683103009333,0.0018601315110887266,0.004110181214608186,0.0011397375841520733,0.0015629119328292662,0.0006281294016684574,0.0025234627569825268,0.0027785317729287404,0.002617524071203555,0.0022741108511941895,0.0037247708075201853,0.0028913189396056007,0.0020671392011006556,0.00031697406536069134,0.004284226831080402,0.003554381561553654,0.0037249177207743615,0.002893223678455443,0.0018471520781851477,0.0018441273347642824,0.0,0.003291946933281019,3.297028153215657e-05,0.00888114063329622,2.1512286846873326e-06,0.0019702616682813335,0.00508734959995547,0.0014555942490738598,0.0018209873995535806,0.0016575384883211243,0.00030681636940658053,0.0017773206391390871,0.0025715615260565607,3.183576002003591e-05,0.0,0.0,0.0,7.542669459609029e-05,0.0,0.0,0.0,0.0,1.7825085095951844e-05,0.0032201588759841753,0.0014953494153139293,0.0,0.0003540808825656502,0.0008625720495911837,0.010254569909934565,0.0002060354329821524,0.005073161021617678,0.001349013811637349,0.00023062064868183422,0.0020925827174772134,0.0,0.00026326896096625393,0.0004166349467453104,0.0,0.0027018604148716886,0.007463067434925195,0.0009617623924303562,8.8141657348096e-05,0.00037603604606512253,0.0,0.0,0.00010380056581218979,0.0018103576664044124,0.0,0.002826876203920409,0.002160400105896704,0.0,0.0021988460498635035,0.0,0.008792769381431535,3.2104654842740406e-05,0.00021453429648270268,0.0,0.0,0.00039401311195724835,0.005427824692756817,0.0,0.00020250925698941884,0.00040954538082652226,0.0017651062798236213,0.0,0.0,0.00025267079103238,0.0002007370153711861,0.0,0.0023435240948827957,0.0030288638801389514,0.0,0.00787308050577581,0.00037325716507353947,4.212145496555817e-05,0.00022061486528267252,0.00017600156536691727,0.00027962820401457127,3.812286702402208e-05,9.280529545704756e-05,7.375577643290383e-05,0.0002626479227314627,0.00020995191471972748,0.0027504593174429077,0.00011388340399119027,3.025701890812468e-05,0.00012945784749875485,0.00014666954547779717,0.009634335005999962,6.592151499225336e-05,0.00018516447422411845,0.0047736640974383035,4.346358386969704e-06,0.00022495555020155577,0.00016762010687491628,0.0001839904655585094,9.954217688101788e-05,0.0002660033785469465,0.00015425658614997195,0.0001482697242332926,0.00012850764446557507,8.029807131314778e-05
0.47469101183347345,0.0,0.0,0.0,0.0,0.0,1.3092621599679094e-27,0.0,0.0,-2.080865016803198e-27,0.0,0.0,5.853734543647899e-06,0.0,0.0,0.0,0.0,0.0,1.5352663983073722e-26,7.379074639657198e-06,0.0,0.0,3.472314288066375e-05,0.0,0.0,3.617750761527211e-27,1.3531902812412856e-06,0.0,0.0,0.0,6.21500661435345e-06,0.0,5.815155469193347e-06,0.0,0.0,0.0,2.701945905332541e-27,0.0,0.0,0.0,0.0,0.0,0.0,0.0,-3.978209972072212e-28,0.0,9.480068349792588e-06,0.0,-2.5663290170609058e-27,0.0,0.0,1.0026800867194113e-06,0.0,0.0,-2.4853935631634467e-28,1.0430589991972793e-06,0.0,8.789493494587904e-08,-7.477054753338745e-27,0.0,3.2553998973035445e-27,0.0,0.0,-2.3676669243454273e-27,4.675746609908802e-27,4.7229240404279855e-08,2.209178871688023e-06,5.208971983853509e-28,0.0,3.724718480112874e-05,1.3199502331422247e-26,0.0,1.929547066363425e-05,5.77881182553695e-06,5.421723078199514e-27,0.0,0.0,5.21962067711469e-27,6.76712531067547e-06,4.131877598589322e-05,1.2057759413959812e-28,-1.1750400156619122e-27,0.0,-6.84295071948503e-28,0.0,1.76323479542819e-26,0.0,-1.3322550320107759e-27,1.4321455993610155e-06,1.3257015671113013e-06,1.8549688423561668e-06,1.0342006541853903e-05,0.0,2.5066087696839395e-06,0.0,0.0,0.0,0.0,0.0,3.682674797723842e-05,0.0,0.0,0.0,0.0,0.0,2.013702070596356e-05,0.0,0.0,0.0,5.345713195859725e-06,1.7000594643992612e-26,0.0,-1.944436862292677e-27,0.0,-6.363256021675321e-27,0.0,0.0,-3.057617191788535e-26,0.0,0.0,0.0,-4.761766552965385e-27,0.0,0.0,6.563353691753499e-27,0.0,0.0,0.0,3.7947832595897857e-06,0.0,9.516304581037708e-06,5.540548144249635e-28,0.0,5.551465396212163e-06,0.0,2.0305210435203994e-05,5.82929774085966e-27,0.0,0.0,0.0,-7.903824390509308e-27,5.032078997146972e-06,0.0,0.0,0.0,0.0,0.0,0.0,1.0126539003451914e-26,0.0,0.0,4.933632354740074e-06,0.0,0.0,9.908987976897717e-06,2.092994416495628e-05,-9.406741591179103e-27,0.0,0.0,5.7261572561129594e-27,8.788325877677858e-06,0.0,7.537694858817478e-05,0.0,-1.3383078872208659e-27,2.1056828634048467e-27,4.817952390063106e-06,2.1790681157725513e-06,-3.2202988650320415e-26,3.151630325922647e-27,2.587690219051466e-06,1.104901197381583e-05,6.802821661080564e-26,-1.3325380016117177e-26,-4.0625451813989745e-28,2.1928941593645424e-07,1.7107104188089354e-26,-2.4286116729302844e-27,0.0,6.207347500379251e-06,5.981760582016409e-06,4.323298388290395e-05,-1.3090039379639978e-26,1.9262565324944017e-06
0.2483030621790161,5.877356795930398e-05,0.0,0.0,0.0,0.0,0.0021541443456879815,0.0001232610945044993,0.00024656036576320027,0.0016718320790033942,0.0,6.561378328889571e-05,1.9472714949957465e-05,0.0,0.0,0.0,0.000294741813493986,0.0,0.0041459430878875445,0.000915860295636346,5.79665142110609e-05,0.00034523987757444855,0.0005539028567441057,0.0,0.0,0.0025179330418127525,0.00042436367983667586,0.0,0.002167945105918528,0.0008064441851030858,0.0027821336322829283,3.9951175233604595e-05,0.0016843263794092344,0.0001034288188373837,0.030445540984368573,0.0,0.003684249734342121,0.0,8.700427362599435e-05,0.0,0.0012570641595292897,4.7167540343955436e-05,9.951858902813602e-05,0.0,0.004219355911383242,1.0829067155044003e-05,0.0003415127543591667,0.0008706824571362778,0.0018524532362889706,0.0,0.0,0.002837389650641653,0.00011788405986645344,0.00030034694678552823,0.0036978172109373127,0.005062203235325179,0.0,0.0019013406075976047,4.353461399715719e-05,0.019976678536344827,0.00037110372638461014,0.0,0.00028273683103009333,0.0018601315110887266,0.004110181214608186,0.0011397375841520733,0.0015629119328292662,0.0006281294016684574,0.0025234627569825268,0.0027785317729287404,0.002617524071203555,0.0022741108511941895,0.0037247708075201853,0.0028913189396056007,0.0020671392011006556,0.00031697406536069134,0.004284226831080402,0.003554381561553654,0.0037249177207743615,0.002893223678455443,0.0018471520781851477,0.0018441273347642824,0.0,0.003291946933281019,3.297028153215657e-05,0.00888114063329622,2.1512286846873326e-06,0.0019702616682813335,0.00508734959995547,0.0014555942490738598,0.0018209873995535806,0.0016575384883211243,0.00030681636940658053,0.0017773206391390871,0.0025715615260565607,3.183576002003591e-05,0.0,0.0,0.0,7.542669459609029e-05,0.0,0.0,0.0,0.0,1.7825085095951844e-05,0.0032201588759841753,0.0014953494153139293,0.0,0.0003540808825656502,0.0008625720495911837,0.010254569909934565,0.0002060354329821524,0.005073161021617678,0.001349013811637349,0.00023062064868183422,0.0020925827174772134,0.0,0.00026326896096625393,0.0004166349467453104,0.0,0.0027018604148716886,0.007463067434925195,0.0009617623924303562,8.8141657348096e-05,0.00037603604606512253,0.0,0.0,0.00010380056581218979,0.0018103576664044124,0.0,0.002826876203920409,0.002160400105896704,0.0,0.0021988460498635035,0.0,0.008792769381431535,3.2104654842740406e-05,0.00021453429648270268,0.0,0.0,0.00039401311195724835,0.005427824692756817,0.0,0.00020250925698941884,0.00040954538082652226,0.0017651062798236213,0.0,0.0,0.00025267079103238,0.0002007370153711861,0.0,0.0023435240948827957,0.0030288638801389514,0.0,0.00787308050577581,0.00037325716507353947,4.212145496555817e-05,0.00022061486528267252,0.00017600156536691727,0.00027962820401457127,3.812286702402208e-05,9.280529545704756e-05,7.375577643290383e-05,0.0002626479227314627,0.00020995191471972748,0.0027504593174429077,0.00011388340399119027,3.025701890812468e-05,0.00012945784749875485,0.00014666954547779717,0.009634335005999962,6.592151499225336e-05,0.00018516447422411845,0.0047736640974383035,4.346358386969704e-06,0.00022495555020155577,0.00016762010687491628,0.0001839904655585094,9.954217688101788e-05,0.0002660033785469465,0.00015425658614997195,0.0001482697242332926,0.00012850764446557507,8.029807131314778e-05
0.2483030621790161,5.877356795930398e-05,0.0,0.0,0.0,0.0,0.0021541443456879815,0.0001232610945044993,0.00024656036576320027,0.0016718320790033942,0.0,6.561378328889571e-05,1.9472714949957465e-05,0.0,0.0,0.0,0.000294741813493986,0.0,0.0041459430878875445,0.000915860295636346,5.79665142110609e-05,0.00034523987757444855,0.0005539028567441057,0.0,0.0,0.0025179330418127525,0.00042436367983667586,0.0,0.002167945105918528,0.0008064441851030858,0.0027821336322829283,3.9951175233604595e-05,0.0016843263794092344,0.0001034288188373837,0.030445540984368573,0.0,0.003684249734342121,0.0,8.700427362599435e-05,0.0,0.0012570641595292897,4.7167540343955436e-05,9.951858902813602e-05,0.0,0.004219355911383242,1.0829067155044003e-05,0.0003415127543591667,0.0008706824571362778,0.0018524532362889706,0.0,0.0,0.002837389650641653,0.00011788405986645344,0.00030034694678552823,0.0036978172109373127,0.005062203235325179,0.0,0.0019013406075976047,4.353461399715719e-05,0.019976678536344827,0.00037110372638461014,0.0,0.00028273683103009333,0.0018601315110887266,0.004110181214608186,0.0011397375841520733,0.0015629119328292662,0.0006281294016684574,0.0025234627569825268,0.0027785317729287404,0.002617524071203555,0.0022741108511941895,0.0037247708075201853,0.0028913189396056007,0.0020671392011006556,0.00031697406536069134,0.004284226831080402,0.003554381561553654,0.0037249177207743615,0.002893223678455443,0.0018471520781851477,0.0018441273347642824,0.0,0.003291946933281019,3.297028153215657e-05,0.00888114063329622,2.1512286846873326e-06,0.0019702616682813335,0.00508734959995547,0.0014555942490738598,0.0018209873995535806,0.0016575384883211243,0.00030681636940658053,0.0017773206391390871,0.0025715615260565607,3.183576002003591e-05,0.0,0.0,0.0,7.542669459609029e-05,0.0,0.0,0.0,0.0,1.7825085095951844e-05,0.0032201588759841753,0.0014953494153139293,0.0,0.0003540808825656502,0.0008625720495911837,0.010254569909934565,0.0002060354329821524,0.005073161021617678,0.001349013811637349,0.00023062064868183422,0.0020925827174772134,0.0,0.00026326896096625393,0.0004166349467453104,0.0,0.0027018604148716886,0.007463067434925195,0.0009617623924303562,8.8141657348096e-05,0.00037603604606512253,0.0,0.0,0.00010380056581218979,0.0018103576664044124,0.0,0.002826876203920409,0.002160400105896704,0.0,0.0021988460498635035,0.0,0.008792769381431535,3.2104654842740406e-05,0.00021453429648270268,0.0,0.0,0.00039401311195724835,0.005427824692756817,0.0,0.00020250925698941884,0.00040954538082652226,0.0017651062798236213,0.0,0.0,0.00025267079103238,0.0002007370153711861,0.0,0.0023435240948827957,0.0030288638801389514,0.0,0.00787308050577581,0.00037325716507353947,4.212145496555817e-05,0.00022061486528267252,0.00017600156536691727,0.00027962820401457127,3.812286702402208e-05,9.280529545704756e-05,7.375577643290383e-05,0.0002626479227314627,0.00020995191471972748,0.0027504593174429077,0.00011388340399119027,3.025701890812468e-05,0.00012945784749875485,0.00014666954547779717,0.009634335005999962,6.592151499225336e-05,0.00018516447422411845,0.0047736640974383035,4.346358386969704e-06,0.00022495555020155577,0.00016762010687491628,0.0001839904655585094,9.954217688101788e-05,0.0002660033785469465,0.00015425658614997195,0.0001482697242332926,0.00012850764446557507,8.029807131314778e-05
0.2483030621790161,5.877356795930398e-05,0.0,0.0,0.0,0.0,0.0021541443456879815,0.0001232610945044993,0.00024656036576320027,0.0016718320790033942,0.0,6.561378328889571e-05,1.9472714949957465e-05,0.0,0.0,0.0,0.000294741813493986,0.0,0.0041459430878875445,0.000915860295636346,5.79665142110609e-05,0.00034523987757444855,0.0005539028567441057,0.0,0.0,0.0025179330418127525,0.00042436367983667586,0.0,0.002167945105918528,0.0008064441851030858,0.0027821336322829283,3.9951175233604595e-05,0.0016843263794092344,0.0001034288188373837,0.030445540984368573,0.0,0.003684249734342121,0.0,8.700427362599435e-05,0.0,0.0012570641595292897,4.7167540343955436e-05,9.951858902813602e-05,0.0,0.004219355911383242,1.0829067155044003e-05,0.0003415127543591667,0.0008706824571362778,0.0018524532362889706,0.0,0.0,0.002837389650641653,0.00011788405986645344,0.00030034694678552823,0.0036978172109373127,0.005062203235325179,0.0,0.0019013406075976047,4.353461399715719e-05,0.019976678536344827,0.00037110372638461014,0.0,0.00028273683103009333,0.0018601315110887266,0.004110181214608186,0.0011397375841520733,0.0015629119328292662,0.0006281294016684574,0.0025234627569825268,0.0027785317729287404,0.002617524071203555,0.0022741108511941895,0.0037247708075201853,0.0028913189396056007,0.0020671392011006556,0.00031697406536069134,0.004284226831080402,0.003554381561553654,0.0037249177207743615,0.002893223678455443,0.0018471520781851477,0.0018441273347642824,0.0,0.003291946933281019,3.297028153215657e-05,0.00888114063329622,2.1512286846873326e-06,0.0019702616682813335,0.00508734959995547,0.0014555942490738598,0.0018209873995535806,0.0016575384883211243,0.00030681636940658053,0.0017773206391390871,0.0025715615260565607,3.183576002003591e-05,0.0,0.0,0.0,7.542669459609029e-05,0.0,0.0,0.0,0.0,1.7825085095951844e-05,0.0032201588759841753,0.0014953494153139293,0.0,0.0003540808825656502,0.0008625720495911837,0.010254569909934565,0.0002060354329821524,0.005073161021617678,0.001349013811637349,0.00023062064868183422,0.0020925827174772134,0.0,0.00026326896096625393,0.0004166349467453104,0.0,0.0027018604148716886,0.007463067434925195,0.0009617623924303562,8.8141657348096e-05,0.00037603604606512253,0.0,0.0,0.00010380056581218979,0.0018103576664044124,0.0,0.002826876203920409,0.002160400105896704,0.0,0.0021988460498635035,0.0,0.008792769381431535,3.2104654842740406e-05,0.00021453429648270268,0.0,0.0,0.00039401311195724835,0.005427824692756817,0.0,0.00020250925698941884,0.00040954538082652226,0.0017651062798236213,0.0,0.0,0.00025267079103238,0.0002007370153711861,0.0,0.0023435240948827957,0.0030288638801389514,0.0,0.00787308050577581,0.00037325716507353947,4.212145496555817e-05,0.00022061486528267252,0.00017600156536691727,0.00027962820401457127,3.812286702402208e-05,9.280529545704756e-05,7.375577643290383e-05,0.0002626479227314627,0.00020995191471972748,0.0027504593174429077,0.00011388340399119027,3.025701890812468e-05,0.00012945784749875485,0.00014666954547779717,0.009634335005999962,6.592151499225336e-05,0.00018516447422411845,0.0047736640974383035,4.346358386969704e-06,0.00022495555020155577,0.00016762010687491628,0.0001839904655585094,9.954217688101788e-05,0.0002660033785469465,0.00015425658614997195,0.0001482697242332926,0.00012850764446557507,8.029807131314778e-05
0.2483030621790161,5.877356795930398e-05,0.0,0.0,0.0,0.0,0.0021541443456879815,0.0001232610945044993,0.00024656036576320027,0.0016718320790033942,0.0,6.561378328889571e-05,1.9472714949957465e-05,0.0,0.0,0.0,0.000294741813493986,0.0,0.0041459430878875445,0.000915860295636346,5.79665142110609e-05,0.00034523987757444855,0.0005539028567441057,0.0,0.0,0.0025179330418127525,0.00042436367983667586,0.0,0.002167945105918528,0.0008064441851030858,0.0027821336322829283,3.9951175233604595e-05,0.0016843263794092344,0.0001034288188373837,0.030445540984368573,0.0,0.003684249734342121,0.0,8.700427362599435e-05,0.0,0.0012570641595292897,4.7167540343955436e-05,9.951858902813602e-05,0.0,0.004219355911383242,1.0829067155044003e-05,0.0003415127543591667,0.0008706824571362778,0.0018524532362889706,0.0,0.0,0.002837389650641653,0.00011788405986645344,0.00030034694678552823,0.0036978172109373127,0.005062203235325179,0.0,0.0019013406075976047,4.353461399715719e-05,0.019976678536344827,0.00037110372638461014,0.0,0.00028273683103009333,0.0018601315110887266,0.004110181214608186,0.0011397375841520733,0.0015629119328292662,0.0006281294016684574,0.0025234627569825268,0.0027785317729287404,0.002617524071203555,0.0022741108511941895,0.0037247708075201853,0.0028913189396056007,0.0020671392011006556,0.00031697406536069134,0.004284226831080402,0.003554381561553654,0.0037249177207743615,0.002893223678455443,0.0018471520781851477,0.0018441273347642824,0.0,0.003291946933281019,3.297028153215657e-05,0.00888114063329622,2.1512286846873326e-06,0.0019702616682813335,0.00508734959995547,0.0014555942490738598,0.0018209873995535806,0.0016575384883211243,0.00030681636940658053,0.0017773206391390871,0.0025715615260565607,3.183576002003591e-05,0.0,0.0,0.0,7.542669459609029e-05,0.0,0.0,0.0,0.0,1.7825085095951844e-05,0.0032201588759841753,0.0014953494153139293,0.0,0.0003540808825656502,0.0008625720495911837,0.010254569909934565,0.0002060354329821524,0.005073161021617678,0.001349013811637349,0.00023062064868183422,0.0020925827174772134,0.0,0.00026326896096625393,0.0004166349467453104,0.0,0.0027018604148716886,0.007463067434925195,0.0009617623924303562,8.8141657348096e-05,0.00037603604606512253,0.0,0.0,0.00010380056581218979,0.0018103576664044124,0.0,0.002826876203920409,0.002160400105896704,0.0,0.0021988460498635035,0.0,0.008792769381431535,3.2104654842740406e-05,0.00021453429648270268,0.0,0.0,0.00039401311195724835,0.005427824692756817,0.0,0.00020250925698941884,0.00040954538082652226,0.0017651062798236213,0.0,0.0,0.00025267079103238,0.0002007370153711861,0.0,0.0023435240948827957,0.0030288638801389514,0.0,0.00787308050577581,0.00037325716507353947,4.212145496555817e-05,0.00022061486528267252,0.00017600156536691727,0.00027962820401457127,3.812286702402208e-05,9.280529545704756e-05,7.375577643290383e-05,0.0002626479227314627,0.00020995191471972748,0.0027504593174429077,0.00011388340399119027,3.025701890812468e-05,0.00012945784749875485,0.00014666954547779717,0.009634335005999962,6.592151499225336e-05,0.00018516447422411845,0.0047736640974383035,4.346358386969704e-06,0.00022495555020155577,0.00016762010687491628,0.0001839904655585094,9.954217688101788e-05,0.0002660033785469465,0.00015425658614997195,0.0001482697242332926,0.00012850764446557507,8.029807131314778e-05
0.5466586049757,-8.50321433353929e-25,0.0,0.0,0.0,0.0,0.0,0.010644585809866873,0.0,0.0020314316935440622,0.0,0.002011117805772416,0.0,0.0,0.0,0.0,0.00310661296677558,0.0,1.735655845858224e-25,6.492494055787576e-25,2.1189153038089826e-25,0.003418577131147737,0.0,0.0,0.0,-3.454933745427298e-24,0.0,0.0,-5.741465417912322e-25,-3.888564216207171e-25,1.3320600256199426e-25,1.7608956534968593e-24,2.4610858639723087e-25,3.304604782710857e-24,-6.385060197102052e-25,0.0,0.0066921133765121925,0.0,0.009259300276885369,0.0,0.1483460626069848,-6.032424621635398e-25,0.0008296657704699298,0.0,0.0,0.00045600031528463057,0.0,-4.280555137973245e-25,0.0018906648160664057,0.0,0.0,3.7639491328540794e-26,0.0044898604000480034,0.0022188588215196732,1.8173466952962691e-25,-1.9573476917995898e-26,0.0,0.0005539979326398388,0.0,0.004146115330857152,0.0006092852007710419,0.0,-2.8593466340856396e-25,0.0023395129018670075,0.0019467429762000939,0.0004522938164514467,0.0008637120460741374,1.1730500613472668e-26,0.000665422752555822,-8.757216075581016e-26,7.691686951069423e-25,0.0,0.0,0.0018881862614685133,0.002265830369628913,4.9184486827554603e-26,0.005795513881150372,-2.506357919641709e-25,6.466206302406813e-25,0.0016652916117232501,0.0007717095411865575,-2.506290365801973e-25,0.0,3.401748791583278e-25,8.776860959816681e-26,0.0,5.447641815502885e-26,1.2395692871763827e-25,0.010467929132276954,0.000548765691834097,0.0,8.310919600872824e-05,0.0012080034236573794,7.387034873728941e-26,0.0019347993291818082,0.0012315003957982388,0.0,0.0,0.0,0.0,0.0,0.0,0.0,0.0,0.0010142816852689383,3.844780808699542e-25,-9.484196147577154e-26,0.0,0.0,0.003137231349112538,5.815968536033545e-26,0.0006947922981024961,0.0010163554915841727,-4.3681777893425634e-24,0.0,0.016937550131256203,0.0,0.0,0.00869822753550283,0.0,0.0015559670455823028,-1.2974553873442958e-25,0.0,-9.241412114214664e-25,0.009582657484073198,0.0,0.0,3.7024114544728036e-26,-8.193796304386863e-26,0.0,-6.527105837096646e-25,0.00191857598312651,0.0,0.00175687431839428,0.0,0.0017161483538578805,0.0,0.002620147035766248,0.0,0.0,4.439176651704225e-25,1.0940966563612183e-25,0.0,6.960224026192594e-26,0.0028495347182697075,-6.5331810314542785e-25,0.0,0.0,0.0,-3.393724183511657e-24,0.0,0.0,3.8651376891487995e-25,0.0,0.0,0.0,0.0,0.0,0.0,-2.410309529943063e-25,0.0,-1.5216511306065532e-25,0.0,0.0,0.0,0.0,0.0,0.0,0.0,0.0,0.0,0.0,0.0,0.0,0.0,0.0,0.0,0.0,0.0,0.0,0.0,0.0,0.0,0.0
0.15886416446494747,5.137824469575139e-25,0.0,0.0,0.0,0.0,0.005734031459468446,5.343587361855931e-05,1.3102500609603083e-24,0.0030679875864999435,0.0,5.462846099129363e-25,0.0,0.0,0.0,0.0,1.0946006514858517e-24,0.0,0.011499259786009264,2.6604516567210854e-24,6.540305464803422e-25,1.866018047349389e-24,0.00010839269336045387,0.0,0.0,0.004175707507844296,0.0003299084242118673,0.0,0.005228403456520304,6.402780793648554e-25,0.005527939643292127,3.0842341839687024e-25,0.004726341154476816,4.6651953627229585e-25,0.09614087879974774,0.0,0.00807829854962874,0.0,5.711195097156636e-26,0.0,-1.6859348852500576e-25,5.896864658796458e-25,2.8896563422927865e-25,0.0,0.012802447881042473,1.1317848721930232e-25,0.00039993737450919937,2.6920925107784614e-24,0.004957032225196266,0.0,0.0,0.0071387042471245,3.492650652877421e-25,2.84091859185417e-25,0.009999212939407672,0.011719660505745655,0.0,0.004045885140683654,1.977360130784526e-25,0.04962866626204587,3.951980124489867e-24,0.0,1.0454750863979116e-24,0.004402465266574738,0.007631614224077395,0.002376318888577365,0.0042236807486957725,-2.6276505688064522e-25,0.006722359204931255,0.006245578261714161,0.005098989524673719,3.9369163179320394e-24,0.007224519658244453,0.0074052816900445845,0.004231397908164958,7.144003071648523e-25,0.00979229976803255,0.008901707031696642,0.008206804635748868,0.006866015573085523,0.004585349104854304,0.004467242003933626,0.0,0.009245613313025435,4.708004569577276e-25,0.02302311576689589,4.4175718624761676e-27,0.004201303394794896,0.011915727649335548,0.0036076439815868494,0.003921806859571079,0.00397230469247612,8.012575554816381e-25,0.004161397692520476,0.005907232024311104,2.2285677135374904e-26,0.0,0.0,0.0,0.00012339926719835426,0.0,0.0,0.0,0.0,2.6961310595206406e-26,0.008963985812616829,0.0027629489532590944,0.0,7.955330409853154e-25,0.0018626613648318917,0.028427779045299164,1.5297418647364862e-24,0.014822664587801961,2.426390589677791e-24,0.0003173573139833902,0.002297991896071015,0.0,7.40710968056346e-05,3.2021696275653723e-24,0.0,0.006710766131870294,0.02117942748268006,2.5327759533581075e-24,7.440756289571906e-05,3.931318007719687e-24,0.0,0.0,1.9882652301338839e-25,0.004932059381176671,0.0,0.007203805664992896,0.0053661955102072495,0.0,0.006352135451073723,0.0,0.02452173362529271,1.5043804419096653e-05,3.575479179049452e-25,0.0,0.0,0.00020186837827134604,0.010994678073094446,0.0,7.40117857536984e-25,5.948593697057726e-25,0.0046799528864059185,0.0,0.0,7.707293503859812e-25,3.351774046741309e-24,0.0,0.005499295435822453,0.0053452853175336235,0.0,0.019645236364859386,0.00012779334900905442,0.00020846095554575645,2.257532932665041e-25,1.315271004753253e-25,7.302680340049011e-25,0.0,2.0525241601595987e-24,9.117516680372202e-05,1.3211921146073693e-24,5.9267271207506835e-25,0.0052600738238604335,4.774890482512039e-25,0.0,7.515938980732513e-05,3.337062670567717e-25,0.025010715433479627,0.0,1.137234168825801e-24,0.012962834516334213,0.0,0.0001986444061073613,3.2429591936384204e-05,0.00012812397797044714,2.2280623022028763e-05,5.98354759660391e-25,5.033258488312956e-05,0.00023336458314955201,3.0524061587528813e-25,2.3206266303871988e-25
0.16648033704570392,-6.849454478212982e-26,0.0,0.0,0.0,0.0,0.0055213246737824155,-7.957178874707434e-26,0.0,0.003963331206445063,0.0,-2.205498946531154e-26,0.0,0.0,0.0,0.0,-1.3496909451360479e-24,0.0,0.011339275620406578,0.0005368992115207265,-3.3436755032604895e-26,0.00020202408450892373,0.0,0.0,0.0,0.0057025479722462614,0.0,0.0,0.0041328125136870005,-1.146699880600229e-24,0.007757539066197305,1.1304010041025422e-25,0.005893117643920066,2.426579873939483e-25,0.08645986332459286,0.0,0.012128266646886326,0.0,-4.771956277575409e-26,0.0,-1.3689429761157294e-24,2.6437049363707862e-25,-3.6535043300655886e-25,0.0,0.011060207239954004,-4.884449644064975e-26,0.0,0.008538785098082485,0.005190203238041085,0.0,0.0,0.008617629614916134,-3.004354159395334e-25,0.0009252026161254561,0.009525476304407351,0.01311419581284142,0.0,0.006112222251623398,0.0,0.0636706210724186,0.0009127791237523535,0.0,0.00023770158713839283,0.004611891589953952,0.00956471640059561,0.002835230797101875,0.0029340970885186487,0.001279101952954741,0.009392846552648916,0.008075284399245462,0.006454803054679038,0.004574569429784423,0.009864947475616392,0.010675102471579562,0.006846035937521763,-3.1415756948789404e-25,0.014581063642420367,0.011230632952920615,0.009190870884394667,0.008777943579071301,0.006874065510144512,0.004824472145155651,0.0,0.008523427131820503,-1.8557391578858443e-25,0.028931743414813568,-3.977730193849131e-27,0.006087724352354936,0.011606799989332409,0.003107767939886367,0.00517704959870361,0.004391566911177555,-1.5210001642825726e-24,0.0036582077073734724,0.0050255246890257505,-8.353051514429756e-26,0.0,0.0,0.0,0.0,0.0,0.0,0.0,0.0,-1.0916070377892594e-26,0.009820136783029973,0.0062510467644175585,0.0,0.00035478643051593437,0.001557925562753553,0.034404843573550684,4.496815389373936e-26,0.01372646354053604,-6.695319390156538e-24,0.0,1.8166356058086463e-24,0.0,0.0,0.00034170054444874413,0.0,0.009114030905559433,0.029021167026184007,-8.321828294845869e-27,-4.795318859758687e-25,0.0002872273657365613,0.0,0.0,-1.5513758225702194e-25,0.004681092440170637,0.0,0.009554305253641782,0.0037907918452548765,0.0,0.006933026493748702,0.0,0.02515313131800193,0.0,-5.467979072194652e-25,0.0,0.0,7.838868285033828e-25,0.014940420919863478,0.0,-1.0083545302156866e-24,2.3751911436775104e-25,0.006555183263215221,0.0,0.0,-4.220149008406142e-25,-8.546103465672376e-25,0.0,0.00731080362065679,0.010126147986508405,0.0,0.02081694336252863,0.0,0.0,-5.4828336051956475e-25,2.2762961668456866e-25,1.7972345241508774e-25,0.0,-4.669330976236483e-25,0.0,0.0005722517993840492,0.0,0.009053023405746593,0.0,0.0,0.0,0.0,0.03028622639512869,0.0,0.0,0.016037326580427443,0.0,0.0,0.0,0.0,0.0,0.0,0.0,0.0,0.0,0.0
0.2483030621790161,5.877356795930398e-05,0.0,0.0,0.0,0.0,0.0021541443456879815,0.0001232610945044993,0.00024656036576320027,0.0016718320790033942,0.0,6.561378328889571e-05,1.9472714949957465e-05,0.0,0.0,0.0,0.000294741813493986,0.0,0.0041459430878875445,0.000915860295636346,5.79665142110609e-05,0.00034523987757444855,0.0005539028567441057,0.0,0.0,0.0025179330418127525,0.00042436367983667586,0.0,0.002167945105918528,0.0008064441851030858,0.0027821336322829283,3.9951175233604595e-05,0.0016843263794092344,0.0001034288188373837,0.030445540984368573,0.0,0.003684249734342121,0.0,8.700427362599435e-05,0.0,0.0012570641595292897,4.7167540343955436e-05,9.951858902813602e-05,0.0,0.004219355911383242,1.0829067155044003e-05,0.0003415127543591667,0.0008706824571362778,0.0018524532362889706,0.0,0.0,0.002837389650641653,0.00011788405986645344,0.00030034694678552823,0.0036978172109373127,0.005062203235325179,0.0,0.0019013406075976047,4.353461399715719e-05,0.019976678536344827,0.00037110372638461014,0.0,0.00028273683103009333,0.0018601315110887266,0.004110181214608186,0.0011397375841520733,0.0015629119328292662,0.0006281294016684574,0.0025234627569825268,0.0027785317729287404,0.002617524071203555,0.0022741108511941895,0.0037247708075201853,0.0028913189396056007,0.0020671392011006556,0.00031697406536069134,0.004284226831080402,0.003554381561553654,0.0037249177207743615,0.002893223678455443,0.0018471520781851477,0.0018441273347642824,0.0,0.003291946933281019,3.297028153215657e-05,0.00888114063329622,2.1512286846873326e-06,0.0019702616682813335,0.00508734959995547,0.0014555942490738598,0.0018209873995535806,0.0016575384883211243,0.00030681636940658053,0.0017773206391390871,0.0025715615260565607,3.183576002003591e-05,0.0,0.0,0.0,7.542669459609029e-05,0.0,0.0,0.0,0.0,1.7825085095951844e-05,0.0032201588759841753,0.0014953494153139293,0.0,0.0003540808825656502,0.0008625720495911837,0.010254569909934565,0.0002060354329821524,0.005073161021617678,0.001349013811637349,0.00023062064868183422,0.0020925827174772134,0.0,0.00026326896096625393,0.0004166349467453104,0.0,0.0027018604148716886,0.007463067434925195,0.0009617623924303562,8.8141657348096e-05,0.00037603604606512253,0.0,0.0,0.00010380056581218979,0.0018103576664044124,0.0,0.002826876203920409,0.002160400105896704,0.0,0.0021988460498635035,0.0,0.008792769381431535,3.2104654842740406e-05,0.00021453429648270268,0.0,0.0,0.00039401311195724835,0.005427824692756817,0.0,0.00020250925698941884,0.00040954538082652226,0.0017651062798236213,0.0,0.0,0.00025267079103238,0.0002007370153711861,0.0,0.0023435240948827957,0.0030288638801389514,0.0,0.00787308050577581,0.00037325716507353947,4.212145496555817e-05,0.00022061486528267252,0.00017600156536691727,0.00027962820401457127,3.812286702402208e-05,9.280529545704756e-05,7.375577643290383e-05,0.0002626479227314627,0.00020995191471972748,0.0027504593174429077,0.00011388340399119027,3.025701890812468e-05,0.00012945784749875485,0.00014666954547779717,0.009634335005999962,6.592151499225336e-05,0.00018516447422411845,0.0047736640974383035,4.346358386969704e-06,0.00022495555020155577,0.00016762010687491628,0.0001839904655585094,9.954217688101788e-05,0.0002660033785469465,0.00015425658614997195,0.0001482697242332926,0.00012850764446557507,8.029807131314778e-05
0.31905912566889266,0.0,0.0,0.0,0.0,0.0,0.0006663095883777013,0.0,0.0,0.0005915681519017749,0.0,7.871658400131048e-25,0.0,0.0,0.0,0.0,0.0,0.0,0.0033538125472966584,0.0005620903745877121,1.6285294688218232e-25,0.0014103634477670836,0.0,0.0,0.0,9.5653325384263e-25,0.0,0.0,0.0031985872342391287,1.535381693909353e-24,-1.4082938265857774e-25,0.0,0.0015235802662574018,0.0,0.011607881662887608,0.0,0.00010677985873942695,0.0,0.0,0.0,0.0,3.2587745567155725e-26,0.0,0.0,0.0018176001822462053,0.0,0.0,0.0021202629030041466,0.0013861334171496125,0.0,0.0,0.001678341976461566,1.0495288018945364e-24,1.620292927052619e-24,5.4702399390692365e-25,2.7027056112698717e-05,0.0,0.0009596856167127505,0.0,0.001278181407649586,0.003105045458664198,0.0,0.0004305447964998025,3.0220277226652083e-25,2.670384986577622e-24,0.0004937743726584735,-7.449903975070432e-26,0.002325699202143678,0.009082426032134397,0.0007491385408642365,0.0028675702798966417,-3.2327317874980674e-24,0.002375110077255266,2.1766794056587025e-24,0.0011049629818267214,0.0007727842278314213,0.0009692281019850793,5.0132693912822135e-05,0.0009332536967356351,0.0022564905368018594,0.0004954521547698928,0.0018018812770490232,0.0,0.0017856894895866544,0.0,0.0012043746929677576,0.0,1.8216978858584032e-25,-3.91787431175701e-27,1.9568838673112444e-25,0.0002660064951410085,9.798654391735169e-05,0.0005147442005148624,7.407993872461848e-25,0.0019426203864521608,0.0,0.0,0.0,0.0,0.0,0.0,0.0,0.0,0.0,0.0,-1.2688484308863512e-24,0.0037983330560591643,0.0,0.005940967978134578,1.7243771601182689e-25,0.0048348855547206025,5.891962470784551e-05,0.0005797239332501573,0.03269657295972337,0.0,4.218880607306591e-24,0.0,0.0,0.004353016671585797,0.0,-4.475699000356992e-25,0.0010102779099609403,0.0,6.73214550997899e-54,6.363173601639457e-05,0.0,0.0,0.0,0.0004299725022353396,0.0,-9.93339061362437e-25,-2.437287281181746e-25,0.0,5.499063797743798e-05,0.0,0.0014943160445723227,0.0,1.590463741125454e-25,0.0,0.0,1.1120100876092683e-25,0.0014671597779779989,0.0,-1.3889934356114194e-25,0.0,0.0009059578007110392,0.0,0.0,0.002905189866166086,0.0,0.0,0.0,1.7770311100353727e-24,0.0,0.0027786123886651276,0.0,0.0,8.885045663311755e-25,5.486650395629841e-25,0.0,0.0,0.0006236400901585849,0.0,1.4487389873003933e-24,0.0,4.21351149054567e-25,0.0,0.0,0.0,0.0,-1.1712681332063582e-25,0.0,0.0,0.0007088842846467872,0.0,0.0,0.0,0.0,0.0,0.0,0.0,0.0,0.0,0.0
0.25591027394130744,-1.0553178573560378e-25,0.0,0.0,0.0,0.0,0.0018526968369481634,8.2744994734054e-05,-3.8658054628581774e-25,0.002554663501938255,0.0,0.00042254861529148727,5.212753699319517e-25,0.0,0.0,0.0,-2.132630754208997e-25,0.0,0.007601594251590063,0.0009335788814494372,-2.9375010051396872e-25,-7.2673957625264975e-25,-3.0785807894290304e-25,0.0,0.0,0.003594785498828941,3.357848288381682e-25,0.0,0.0033347486669994394,0.0002489815966756934,0.0032386222155616675,-2.116384202838248e-25,0.0016590071246381675,2.0010638733293907e-26,0.07930520420018371,0.0,0.0036191664948737007,0.0,2.8836401514373002e-05,0.0,-1.5133866924469088e-26,-4.965900903623981e-25,-3.2097451498701633e-27,0.0,0.00819918040614589,-2.4723814988828634e-26,-4.55484679327752e-25,0.0006201937143259373,0.002765649851230258,0.0,0.0,0.005009866699563364,0.00011286583295253367,-2.0062117825081018e-24,0.007259576991086118,0.009070961359441942,0.0,0.003368547147876438,1.9116243419347254e-25,0.012864552346160421,-1.0474883250087095e-24,0.0,-7.375305246002626e-25,0.0024111823178025937,0.006016981129179911,0.00181828402962382,0.0029800423319506935,1.560906798566894e-05,0.004479539505240828,0.0023956420101305075,0.002480156855273023,-2.2555526678566405e-24,0.0047213797637567015,0.003916387294534217,0.0027883588024072187,0.0003342199731335528,0.005411553960799633,0.003822467517353216,0.004411359729209304,0.004316060530461534,0.0015248680854612218,0.003271663152133089,0.0,0.005084106324875777,0.00015270869127169038,0.018351522573074475,2.5051580184702406e-06,0.0027607303268812706,0.010306774288613953,0.0031355344308805063,0.0019800956369168685,0.003197825999163684,-7.175645712103808e-25,0.0028119516670860596,0.004836985664343532,1.3117655173124358e-25,0.0,0.0,0.0,-3.63360427086705e-25,0.0,0.0,0.0,0.0,1.109064626753369e-05,0.002314700164853911,0.0017626048319372195,0.0,0.00045562398041276795,0.0004713474436509535,0.013674238388522624,0.00011923727892050045,0.007086357158964972,-3.0114730693314275e-25,-7.24914207030567e-26,0.0017677293480933519,0.0,-3.088665476490864e-25,0.000677459661768492,0.0,0.005952734894129043,0.016522370988068965,-9.790772409069586e-25,-2.839654298962689e-26,-1.4007613632103457e-24,0.0,0.0,2.4714766658449938e-26,0.0029623126782619713,0.0,0.004815368601253798,0.004225224236452842,0.0,0.004335565981511566,0.0,0.01951356087723122,-2.2758228638164333e-25,0.0002335373650743121,0.0,0.0,0.0006235637965979124,0.007092073150180306,0.0,0.00040002625199063815,-8.617748906895795e-25,0.0024614602959889533,0.0,0.0,-6.592526257189556e-25,-1.015254469283226e-24,0.0,0.004524540217987081,0.00672326981650659,0.0,0.01097748110114209,-4.173946109212817e-25,7.710153490131325e-26,0.0002377361791035791,0.00023799974160781264,-1.9103550089154436e-25,-1.7854413640099271e-25,-5.035813198645393e-25,-3.7174192793226564e-25,0.0004513203871881769,-1.3220151079851352e-24,0.004492731536841402,-5.985083024073107e-25,-4.201809275775465e-26,-5.4253878628899e-25,-5.763459100526823e-25,0.006172059579232291,-4.858854104337582e-25,-5.981221500974742e-25,0.005909567510893961,-2.0379155883962015e-28,-2.8372383415850867e-25,-1.1928798745509793e-25,-1.939935138431686e-25,8.233390377240435e-05,-5.835753373622142e-25,-3.576296834236891e-25,-9.128228118358798e-25,-5.8669006678375605e-25,-4.1138796338132172e-25
0.1308643522253928,-6.686895851798329e-26,0.0,0.0,0.0,0.0,0.004064321921511849,2.4214312645982798e-26,-5.886781368314147e-26,0.0037074913739937243,0.0,1.209290048795374e-25,1.4028677904022403e-25,0.0,0.0,0.0,-3.324139260248076e-25,0.0,0.008665848533176939,0.00022499723002618817,-2.7157973751810176e-25,-5.850593977431936e-25,4.363591623434392e-25,0.0,0.0,0.004355859226538232,1.9463445288348965e-25,0.0,0.0046077917610973405,0.00012061383841672317,0.0061994346623450115,-4.3926778539768375e-26,0.0022045845883506047,0.00014583575413123703,0.022316096405790034,0.0,0.004869390045689067,0.0,1.1284393416409263e-27,0.0,-8.058504958008453e-26,-1.5760763600246712e-25,-1.5500084356794688e-25,0.0,0.012384230860318245,-7.738153098033935e-27,1.8351834855646978e-25,0.0008941860474808857,0.0048270126408365525,0.0,0.0,0.008717667966874964,-6.5121172707693635e-25,0.00023474152673587522,0.009945242995779396,0.01099356409077527,0.0,0.00416237639578146,-1.9971042261959572e-25,0.021112511586668964,-1.3725036000868468e-24,0.0,0.0004266908143235376,0.005121504249798005,0.007461749825939496,0.002795885507605215,0.002837856274650361,-1.8120899902221126e-25,0.005887663352480704,0.0027876904010488333,0.005497310545267997,-2.1188388012238426e-24,0.006910879417149989,0.004626171115177406,0.005260694831290943,1.3530223876058841e-25,0.011594968755107815,0.006574174789186689,0.009275874717066278,0.005573497367248026,0.0031021918193749765,0.004735697820659479,0.0,0.007619736905323999,-1.110009025257508e-25,0.011466263533675925,-3.2480934634471033e-28,0.00513598208954817,0.014068917412887644,0.0029738764733441073,0.003673243831481878,0.00436521383241846,-9.46719464057769e-26,0.004569078790267538,0.006449314391763542,0.00015283640935760104,0.0,0.0,0.0,-1.0783092978948067e-25,0.0,0.0,0.0,0.0,-2.0422992875389335e-27,0.006354047088280012,0.003622377607439976,0.0,-2.579433097585743e-25,0.002261094062610456,0.03192803278455196,2.020975294072902e-25,0.01032631454399146,-2.8897912681329967e-26,-4.113851639256826e-25,0.0007497038182905764,0.0,-3.17215329951534e-25,-5.390766064767807e-25,0.0,0.005627831849461871,0.013735166503199774,3.130771591097982e-05,1.5569904891655378e-25,2.167719151909677e-25,0.0,0.0,-4.0706731282488894e-25,0.004316589449234317,0.0,0.005721111459651975,0.004040836002480269,0.0,0.0050893740632732215,0.0,0.02525257833431396,-1.4502224815407687e-25,0.0001888008540958565,0.0,0.0,0.0001148275406407526,0.009219566209522129,0.0,-2.1181035520788806e-25,-6.162161521425829e-25,0.00409868738173189,0.0,0.0,-3.606512091542689e-26,-6.479419708881639e-25,0.0,0.003269909694964815,0.005996176858887253,0.0,0.022648403360459857,-5.309336587051355e-25,-1.1966502810063077e-25,0.00012528245920592103,-2.6187400617571425e-25,1.1288134828956112e-24,7.376681182595674e-26,-7.025556180066807e-25,-1.2901672266244106e-25,-5.990555233028609e-25,2.90976736894156e-25,0.0038684439827906796,-1.0324931444504068e-25,-4.225189701014994e-26,1.6433898179815424e-26,1.5483603103172242e-25,0.01913259533224414,1.5146168270295014e-25,-1.9962551926246746e-25,0.010035673081965806,-1.8353988539104613e-27,-1.8816024659163692e-25,-1.2440553532677954e-25,-2.538963510122084e-25,0.0,1.814923766517019e-25,3.693547730193242e-25,-1.3754746516013504e-25,-1.3665313259802577e-25,-1.0320472363162527e-25
0.3016265501358038,5.057882954675263e-25,0.0,0.0,0.0,0.0,6.289507109158036e-05,1.1552396116255937e-25,0.0,3.2597189347575517e-24,0.0,0.0003956318502241256,0.0,0.0,0.0,0.0,0.0009463175920532131,0.0,-6.750658743852195e-25,0.003661002867240739,7.557695741589682e-05,0.003771079261336138,0.0,0.0,0.0,0.0014008707684054994,0.0,0.0,-1.2852346371617727e-25,-8.427288111855091e-25,0.0007707255106077546,4.840476253305152e-25,0.00014337948189901406,1.0574250154062812e-24,0.006745147903181291,0.0,0.0005502846007649443,0.0,2.2757610472929642e-26,0.0,-3.2943681996019186e-24,4.137060568461094e-25,3.197290506111767e-25,0.0,0.0004885834243695172,5.827008819749305e-26,0.0,1.3869296999599978e-24,0.0008666619419631367,0.0,0.0,0.0005006919631715032,2.2489865351855278e-26,0.0007746689225744837,1.2251382355100472e-25,0.0020843258861506114,0.0,4.373439366931525e-25,0.0,0.009041479987223548,-1.0116970198888566e-24,0.0,0.0005522829249017525,0.000144440545342838,-3.1715789405134072e-24,0.00019543108352553702,-2.4263531800026134e-25,5.060305628981316e-25,0.0009393176637610768,0.0015786541295521048,0.00024099550260599565,0.004434739958561796,2.706999535869589e-24,-1.2943335425115063e-24,3.7772514602038294e-26,0.00025255656180731895,9.078475923433902e-26,0.0001518262127202835,0.0003651339686238063,0.00023133842898727126,-7.2276368315984755e-25,0.0007031449349105259,0.0,0.0011929410561987172,0.0005487716219831109,0.0011844039164980317,-8.919024492369854e-28,9.534259471301252e-05,0.001821395511987568,0.00043282524074247865,0.0008224982053204906,0.0005504736625705434,8.16966079837083e-25,-5.542250457999635e-25,0.001875512695978911,0.00033048276757487145,0.0,0.0,0.0,0.0,0.0,0.0,0.0,0.0,2.7912506489092552e-27,0.0012941293779801498,0.000679936878953248,0.0,0.002460029182514962,0.00024675607954103006,0.0006380486359181663,0.0034003526874577914,5.161525563715965e-05,-3.2095035388849444e-24,0.0,0.007462525405676779,0.0,0.0,0.0014884416503467542,0.0,0.0009231462031116463,0.0008326519140770207,0.0,1.7973794691492788e-25,7.065801787780945e-25,0.0,0.0,-1.2268494745563142e-24,1.5879135820078937e-05,0.0,1.341314297113372e-24,2.24785392316743e-25,0.0,1.0982653454366395e-25,0.0,6.213766115924932e-26,0.0,0.0009080391732905872,0.0,0.0,-2.650047733260102e-26,0.0002686835785268456,0.0,0.0017030324261283873,-2.023085024574291e-25,0.0016408821145931873,0.0,0.0,6.21674277834586e-05,0.0017940756104068414,0.0,0.0,0.00031443021015666847,0.0,0.0009831292407018006,0.0,0.0,0.0018214153269803272,0.0012340445358856112,0.00044216955623863183,0.0,-5.531278978428383e-25,0.0,8.276331874963799e-25,0.0,0.0002969439859107523,0.0,0.0,0.0,0.0,-5.416708833723049e-53,0.0,0.0,0.00028796598791663955,0.0,0.0,0.0,0.0,0.0,0.0,0.0,0.0,0.0,0.0
0.07373949392483796,-1.0071001926448135e-25,0.0,0.0,0.0,0.0,0.0036194257868586216,3.248075100284084e-27,0.0003850765987631658,0.002576288904916217,0.0,-1.0920378335807504e-25,-2.2626473415983266e-26,0.0,0.0,0.0,6.274348957898779e-26,0.0,0.006141042876239909,-4.335966083186975e-27,-3.4262154905390527e-26,6.255598328391829e-25,3.307834384604595e-25,0.0,0.0,0.003371402817335433,7.802399453590573e-25,0.0,0.0033773663779488265,4.542427484828593e-25,0.0036428658409734583,-1.2536996860617793e-26,0.0039417161626645715,8.029754955183657e-27,0.0360367383494917,0.0,0.00789107793152329,0.0,-5.954079626612336e-27,0.0,2.798544934637066e-25,-5.429088172389295e-26,-5.245086634534666e-27,0.0,0.006534369232751679,7.583568820669089e-28,-2.8684308722944186e-26,0.0007886348425011519,0.0037600396673863317,0.0,0.0,0.004929354145845957,7.806428951684184e-27,3.1759682262970604e-25,0.005820602972626547,0.011247991123539382,0.0,0.003088653971409627,-5.0240854921741e-27,0.0468137479373515,2.989166647735785e-25,0.0,3.6030538457649557e-25,0.002823262296361166,0.005677671510504245,0.0020810040239155705,0.0018151003327208342,3.7528506143075267e-25,0.005121102615212949,0.0054205246087832455,0.004912917589342678,0.0003850653610116953,0.0046601635956884015,0.005592727032677393,0.003611755813927374,7.098108171342253e-05,0.008519152145796821,0.006555946616996791,0.005467414458970443,0.005395772320274891,0.004401302819445895,0.00286410437448749,0.0,0.00661846495124221,2.3231544968019946e-26,0.01818136764124943,-9.775947607409852e-28,0.003959990725918941,0.006387767406899144,0.002281018241931895,0.003290147455488155,0.002511407065866819,1.8707159280288858e-25,0.003032602696074735,0.004663720792636694,-4.8041864618327316e-26,0.0,0.0,0.0,-7.157193980250348e-26,0.0,0.0,0.0,0.0,3.600747721532543e-07,0.00689068694262399,0.0025736325799964868,0.0,1.439284595840196e-25,0.0015173530567591765,0.023120179157979436,4.037636759943235e-28,0.00988554501444659,7.35042451172124e-05,7.373818851051393e-26,1.4496785833131289e-24,0.0,1.1701615827844632e-25,-5.054831979999977e-27,0.0,0.004711804823814882,0.012739497492690757,-5.517794999939179e-25,1.618472984088701e-05,2.900416688844572e-25,0.0,0.0,-2.7794516900453557e-25,0.0028114664936662245,0.0,0.005271405499051525,0.0035474710769977536,0.0,0.00443325276152765,0.0,0.01672197893426237,2.5752705105418112e-26,3.161089879724396e-26,0.0,0.0,-1.9899242935892577e-25,0.010855484772552456,0.0,7.952625851304606e-27,8.826847036495324e-26,0.003652839103268334,0.0,0.0,3.9148368866268745e-25,-5.347346278228429e-26,0.0,0.003695937007198768,0.00715667878176777,0.0,0.011776227416722499,2.0812229006091056e-25,3.8004958206759836e-26,-5.8121689306799995e-27,-1.297534616093392e-26,1.8356128491608376e-26,-2.5008806773915999e-26,1.3806944698951279e-25,-1.8343067131618247e-26,-1.5746742740806357e-25,-1.1551361254278158e-25,0.00470019508306076,-8.43196340147384e-26,1.4881846193624098e-26,-3.1336542564162607e-25,-3.5803020110422464e-26,0.023786999434226904,-1.0138003534002643e-25,-4.085932483340222e-25,0.00951439542183128,-1.7437300707753643e-27,1.1424497965259726e-25,2.835695439214207e-25,-3.710082948129494e-26,-1.7132243374159318e-26,2.687761611842763e-25,-2.0143420751875154e-25,-9.080024170250985e-26,-1.0136601543251532e-25,7.436549680685475e-26
0.0855690017094729,-1.385447450728303e-26,0.0,0.0,0.0,0.0,0.00041863399402247643,-2.3387928130813473e-26,0.0,0.00018062936499780666,0.0,-2.4837127723106833e-26,0.0,0.0,0.0,0.0,0.0007426712535236027,0.0,4.866050665452485e-25,0.0015168485207796758,0.0002595667204559414,-3.089208307408788e-25,0.0,0.0,0.0,0.0008323405273365604,0.0,0.0,-6.425469920105017e-25,0.0012743069735773834,0.0015321024087513347,-2.780626968738254e-26,8.328979300502305e-05,-2.415185461813816e-25,0.002023691423487481,0.0,0.0004932039199696421,0.0,-1.5379310043159694e-26,0.0,7.94001066432728e-25,-3.888364123220794e-26,0.0002556922991350384,0.0,0.0003743910573552008,-3.412523042021502e-27,0.0,0.001240046348891627,4.667025229434388e-06,0.0,0.0,0.0005520488875963207,-3.753172955368621e-25,-6.7662568149931955e-25,0.00056346263195674,0.000543708486141701,0.0,0.0002072124508243311,0.0,0.0001398776498197565,0.0002657374102491685,0.0,0.0006420681201143066,0.00028654019808488064,0.0016356128275703753,0.00011504783562909368,0.0004077074288892455,0.0004364466643786309,-1.5135085950604682e-24,9.746624362791639e-05,0.0007458091626723119,0.005552476716816602,0.000607765847145629,0.0014934207540165901,0.0005395180663012083,0.00021809956044582102,0.00014940718896931055,0.0005544139916025595,-6.299515478435554e-25,0.0005805884602888556,0.0003834003046866214,0.00039455624778600407,0.0,0.00011722446833673132,4.914414790587006e-05,0.0033576750383727903,6.871074191783388e-29,0.0003340456397015431,0.0008257445891774605,8.49841167642841e-05,-3.8805196414257583e-25,0.0001843093078039957,-5.487965378282489e-25,4.2329071021941814e-05,0.0005661568897457915,-4.8774602696901885e-26,0.0,0.0,0.0,0.0,0.0,0.0,0.0,0.0,-1.1337078103810362e-26,0.0005564216169815489,0.0005802701624264483,0.0,2.9072414252887777e-25,0.0001318362464547093,0.0017791532286049385,-4.461486360326938e-25,0.0003235763811345689,0.002272604802315806,0.0,0.0008246761413773289,0.0,0.0,-1.8327999795236236e-25,0.0,0.001785040135879241,0.0001994978789025419,0.0,0.00012996404115466037,4.787548552858948e-05,0.0,0.0,0.00024156653326702602,0.00020622174926821114,0.0,-2.760907913772246e-25,0.00033859189668661245,0.0,0.0002666473649903725,0.0,0.0022395883045657457,0.0,-3.3481662594067017e-26,0.0,0.0,0.0007311524875658157,0.0008527419288735683,0.0,0.0006611519442157421,-3.153367075199628e-25,5.258359739140844e-05,0.0,0.0,-2.673359054449105e-25,0.0004603140841283284,0.0,0.0007076205826735569,0.0002418602516535355,0.0,0.00177673628165061,0.0,0.0,-3.865633063187256e-26,-1.113267808355829e-25,-9.207718768450474e-26,0.0,0.0002761545633999978,0.0,-3.532571449490842e-25,0.0,0.0006546198865895245,0.0,0.0,0.0,0.0,0.00029195144918487526,0.0,0.0,0.0013960793761886349,0.0,0.0,0.0,0.0,0.0,0.0,0.0,0.0,0.0,0.0
0.41469641581004274,0.0,0.0,0.0,0.0,0.0,1.6854369783205646e-25,0.0,0.0,0.0021734989466011836,0.0,0.0,7.647343170384547e-26,0.0,0.0,0.0,0.0,0.0,-3.8140249363007142e-25,0.0012275803484799266,0.0,0.0,0.000152874481885782,0.0,0.0,-1.451242702365463e-24,0.004132693278878438,0.0,0.0,0.0,0.004080402971701401,0.0,0.00036488396011024487,0.0,8.265222498999469e-26,0.0,0.00023751834233997024,0.0,0.0,0.0,0.0,0.0,0.0,0.0,2.0653535237413726e-26,0.0,0.001841615268666523,0.0,3.2817636767974853e-25,0.0,0.0,0.0002650797722731724,0.0,0.0,0.0003641981129896619,9.754120305955563e-05,0.0,0.00036401318700788173,0.0005350369862342243,0.0,0.0012749130577173714,0.0,0.0,4.604704234669076e-26,0.0011786797572636517,0.0004149515077189543,0.0006312950349836936,1.4227607029089959e-24,0.0,0.003207931803453736,0.0020590321413544947,0.0,1.5034924492111175e-24,0.0008806864784940562,-8.631094835376797e-26,0.0,0.0,0.00040966367926861797,0.00022883304884517292,0.0007169731341958796,0.0012209093566544556,0.0007730048515353903,0.0,2.6713431443936925e-25,0.0,0.00237471799989024,0.0,5.069305395941392e-25,0.001213433437824054,0.0009715325383556571,3.4616121604896852e-25,0.0008316401912583784,0.0,0.00021425866754132142,0.0,0.0,0.0,0.0,0.0,0.002034465558368396,0.0,0.0,0.0,0.0,0.0,0.001402620863354615,0.0,0.0,0.0,0.0001537858364979058,0.004592122024518601,0.0,3.359189091513349e-25,0.0,0.002604092122349467,0.0,0.0,0.0006498518998179383,0.0,0.0,0.0,0.0006867195476502465,0.00019574073017546392,0.0,7.618612427735489e-25,0.0,0.0,0.0,0.0021269075763234715,0.0,0.000509559204074226,0.00024215477658586388,0.0,5.439768995700366e-26,0.0,0.00019696284083151858,9.553720401443045e-05,0.0,0.0,0.0,0.0009520052709379268,0.0015841132731491375,0.0,0.0,0.0,0.0,0.0,0.0,0.0005353677023568878,0.0,0.0,0.0015533115630792951,0.0,0.0,0.0031870119289038883,0.0035510565609376066,-1.0877314001834127e-25,0.0,0.0,0.0030444964117967775,4.162421280269465e-25,0.0,-1.4865546031106755e-24,0.0,0.00030409959859930435,0.00013243052984533214,0.000952448439888973,-3.54954355636583e-25,2.15435967792824e-24,0.0015088563427373247,0.002368586725261968,3.847002320330568e-24,0.0002634222711153192,-2.5294058218505096e-24,1.709013257833884e-05,0.0022963046736217555,3.0679487911516595e-25,0.00023499113442845222,0.0,0.000713058155343544,8.426186791831588e-25,0.0013016922772000894,0.00023147286217695066,0.00037917066008433085
0.07382858757980673,1.8535807849202258e-25,0.0,0.0,0.0,0.0,1.140063808876841e-05,2.551356378355189e-26,0.0,1.888783141473307e-05,0.0,-6.141104826057925e-26,0.0,0.0,0.0,0.0,1.1085186403176672e-25,0.0,0.0005235445044340177,5.8956505222011944e-27,3.299749496520397e-25,-4.0805724068678805e-25,0.0,0.0,0.0,0.0019223163576932972,0.0,0.0,0.0007257933958524313,0.002950445293559363,0.00227197013885038,3.4430420766574876e-25,0.0001751783850605613,3.909431005519082e-25,0.000510446844307111,0.0,0.0005542549738111108,0.0,1.6479745331229065e-26,0.0,1.2391172261446554e-24,4.710754607195477e-25,-5.341736096498237e-26,0.0,0.0010651089177023156,1.2209736220163081e-26,0.0,0.0003879309298445945,0.00027597552055564517,0.0,0.0,0.0010834959820240752,0.0004737954173709836,7.331954518991985e-25,0.0006245147132443479,-2.2068339856312457e-25,0.0,0.0003099396051119343,0.0,0.0049755781457503055,0.00040957374503723236,0.0,0.002674622315146472,-1.4456334418001384e-25,0.0020793798688918566,1.1622751304188257e-25,0.0014278165849081787,0.002909555671044791,5.574140773309513e-25,0.00016394409212061513,0.00034521642813731707,0.003048837786752876,0.0017530162783304677,0.0008065574131240108,0.00042086556630699964,0.00045709944100092575,0.00023098753088464068,0.0003597639355940857,0.00012355093281511944,0.000650130046399113,0.0002983484233217089,0.00043724952106116634,0.0,7.969733346090609e-25,-9.947355525125482e-26,0.001267306451185916,1.415049991346694e-27,0.000839168224261973,0.00010632600736531315,0.0002714581122024648,0.0014401745762788964,4.256060688754344e-25,0.00026531820913651015,0.0004857853656625265,0.00032518469871381566,6.350040492019114e-26,0.0,0.0,0.0,0.0,0.0,0.0,0.0,0.0,-2.1562032542747116e-27,0.00034891128378627517,1.2460749383731988e-25,0.0,0.0013969643406774417,4.499057760827654e-05,0.0011108527623043991,1.5451063799608634e-25,0.0001074276694365176,0.003231205720801348,0.0,0.03605185055150606,0.0,0.0,0.0034428581992346856,0.0,-3.369931407080931e-26,0.0009621436940417164,0.0,-3.475443170767477e-25,3.845661909677072e-25,0.0,0.0,2.7156508628507196e-25,0.0007232893915306713,0.0,0.00036408700058263173,0.0008084187343489533,0.0,0.0002835044475787169,0.0,0.0009515036388857346,0.0,0.0008192276737983693,0.0,0.0,-1.8513674556837209e-25,0.001801501536479235,0.0,3.4090200804291455e-25,1.0710883592728882e-25,2.075950454012088e-06,0.0,0.0,0.0009652264370710456,3.7105517982884253e-25,0.0,0.0,0.0014989253884450766,0.0,0.0017672760853187223,0.0,0.0,0.001271048641119378,-7.523787252900711e-26,-2.898210686097254e-25,0.0,1.1120637687819706e-24,0.0,6.305760401100356e-25,0.0,0.0010139145223800807,0.0,0.0,0.0,0.0,0.0001983994367657897,0.0,0.0,0.00041323996415533037,0.0,0.0,0.0,0.0,0.0,0.0,0.0,0.0,0.0,0.0
0.2483030621790161,5.877356795930398e-05,0.0,0.0,0.0,0.0,0.0021541443456879815,0.0001232610945044993,0.00024656036576320027,0.0016718320790033942,0.0,6.561378328889571e-05,1.9472714949957465e-05,0.0,0.0,0.0,0.000294741813493986,0.0,0.0041459430878875445,0.000915860295636346,5.79665142110609e-05,0.00034523987757444855,0.0005539028567441057,0.0,0.0,0.0025179330418127525,0.00042436367983667586,0.0,0.002167945105918528,0.0008064441851030858,0.0027821336322829283,3.9951175233604595e-05,0.0016843263794092344,0.0001034288188373837,0.030445540984368573,0.0,0.003684249734342121,0.0,8.700427362599435e-05,0.0,0.0012570641595292897,4.7167540343955436e-05,9.951858902813602e-05,0.0,0.004219355911383242,1.0829067155044003e-05,0.0003415127543591667,0.0008706824571362778,0.0018524532362889706,0.0,0.0,0.002837389650641653,0.00011788405986645344,0.00030034694678552823,0.0036978172109373127,0.005062203235325179,0.0,0.0019013406075976047,4.353461399715719e-05,0.019976678536344827,0.00037110372638461014,0.0,0.00028273683103009333,0.0018601315110887266,0.004110181214608186,0.0011397375841520733,0.0015629119328292662,0.0006281294016684574,0.0025234627569825268,0.0027785317729287404,0.002617524071203555,0.0022741108511941895,0.0037247708075201853,0.0028913189396056007,0.0020671392011006556,0.00031697406536069134,0.004284226831080402,0.003554381561553654,0.0037249177207743615,0.002893223678455443,0.0018471520781851477,0.0018441273347642824,0.0,0.003291946933281019,3.297028153215657e-05,0.00888114063329622,2.1512286846873326e-06,0.0019702616682813335,0.00508734959995547,0.0014555942490738598,0.0018209873995535806,0.0016575384883211243,0.00030681636940658053,0.0017773206391390871,0.0025715615260565607,3.183576002003591e-05,0.0,0.0,0.0,7.542669459609029e-05,0.0,0.0,0.0,0.0,1.7825085095951844e-05,0.0032201588759841753,0.0014953494153139293,0.0,0.0003540808825656502,0.0008625720495911837,0.010254569909934565,0.0002060354329821524,0.005073161021617678,0.001349013811637349,0.00023062064868183422,0.0020925827174772134,0.0,0.00026326896096625393,0.0004166349467453104,0.0,0.0027018604148716886,0.007463067434925195,0.0009617623924303562,8.8141657348096e-05,0.00037603604606512253,0.0,0.0,0.00010380056581218979,0.0018103576664044124,0.0,0.002826876203920409,0.002160400105896704,0.0,0.0021988460498635035,0.0,0.008792769381431535,3.2104654842740406e-05,0.00021453429648270268,0.0,0.0,0.00039401311195724835,0.005427824692756817,0.0,0.00020250925698941884,0.00040954538082652226,0.0017651062798236213,0.0,0.0,0.00025267079103238,0.0002007370153711861,0.0,0.0023435240948827957,0.0030288638801389514,0.0,0.00787308050577581,0.00037325716507353947,4.212145496555817e-05,0.00022061486528267252,0.00017600156536691727,0.00027962820401457127,3.812286702402208e-05,9.280529545704756e-05,7.375577643290383e-05,0.0002626479227314627,0.00020995191471972748,0.0027504593174429077,0.00011388340399119027,3.025701890812468e-05,0.00012945784749875485,0.00014666954547779717,0.009634335005999962,6.592151499225336e-05,0.00018516447422411845,0.0047736640974383035,4.346358386969704e-06,0.00022495555020155577,0.00016762010687491628,0.0001839904655585094,9.954217688101788e-05,0.0002660033785469465,0.00015425658614997195,0.0001482697242332926,0.00012850764446557507,8.029807131314778e-05
0.3202309327513266,0.0,0.0,0.0,0.0,0.0,0.0001506890483178824,0.0,0.0015754211929863964,0.001459882466810179,0.0,0.0,1.683205839145307e-25,0.0,0.0,0.0,0.0,0.0,0.0008608916417369346,0.0013484011365158851,0.0,0.0,-2.3130361884320237e-25,0.0,0.0,0.001191805828671017,0.006252159039440136,0.0,0.0,0.0,0.0023066158328289015,0.0,0.0011235977466083338,0.0,0.0002302494399818624,0.0,5.34414858793257e-25,0.0,0.0,0.0,0.0,0.0,0.0,0.0,0.0007470906564651156,0.0,0.0011950391190048955,0.0,0.0002626034537364977,0.0,0.0,-3.2220756414968893e-25,0.0,0.0,0.0006253092878479964,0.0003877440440875511,0.0,-4.144267221301634e-25,0.001029609651640683,0.0,-1.8265395351162558e-24,0.0,0.0,0.00038845349523381026,0.001858705677640361,0.0002086990581755931,0.0001508677245163947,-4.583465420340806e-25,0.0,0.00028876642605393647,-1.473040871852458e-24,0.0,0.0009044802500500516,0.0013619086511000166,1.2056620013509541e-24,0.0,0.0,0.0010708760204083396,0.004933184694475413,1.4650100999947387e-24,0.0009982048725273136,0.00012079104988319011,0.0,-6.320142310827e-26,0.0,0.005710179150338096,0.0,0.00021914919669094535,0.003558299859334554,0.0008601998605129345,0.001846600153638136,0.0011955852715446033,0.0,0.00027680421693205095,0.0,0.0,0.0,0.0,0.0,0.00016436198543511913,0.0,0.0,0.0,0.0,0.0,0.0029517160314669645,0.0,0.0,0.0,0.0003400125121836298,0.0016040311215828943,0.0,0.0012023917254871629,0.0,-1.8643656924798376e-24,0.0,0.0,0.0037459020990325653,0.0,0.0,0.0,0.0018049704732703766,0.013503293105641993,0.0,0.0013845819468181308,0.0,0.0,0.0,0.000849574384546092,0.0,0.000834896735778994,0.0015357908795880758,0.0,0.00033856709608162504,0.0,6.856516128711836e-25,0.00037598787893507575,0.0,0.0,0.0,0.0017695939788172333,0.00336623629101714,0.0,0.0,0.0,0.0,0.0,0.0,0.0007046659777022528,0.0,0.0,0.0005322209307696462,0.0,0.0,0.0043539147076222156,0.0017862589968951896,-9.077269584241038e-26,0.0,0.0,0.0013992879440092474,7.800687011682184e-26,0.0,0.0022928392873860382,0.0,0.0006544385474811349,7.788735151087596e-05,0.0003438848371319072,0.0002804201263550869,-4.0589675009891663e-25,-4.774510527216351e-26,0.0007322870161859871,-1.936317005515099e-24,-2.8532264863960236e-24,-2.766270349865796e-24,-1.3271921077019335e-26,-3.5396199815557823e-25,0.0008668447728092779,0.0014035195546806835,0.0,0.00033901661349679225,0.0022305137097876696,-2.977333849323902e-25,0.000393043119132717,1.9811754801770399e-25
0.22974271249968933,-7.922916388334388e-27,0.0,0.0,0.0,0.0,1.3579163262036948e-06,-6.779073840906886e-28,0.0,2.2077889520897765e-07,0.0,-5.860561103857121e-28,0.0,0.0,0.0,0.0,-8.08666922730004e-27,0.0,-1.828889918733458e-26,-1.293359945882355e-26,-3.217801513687518e-27,2.345397135517966e-06,0.0,0.0,0.0,6.453444832137976e-06,0.0,0.0,2.2752932618435564e-05,-1.7656047208744927e-26,8.246240665089295e-07,-8.488047053414677e-27,3.525810461986517e-06,-1.1478691950941557e-26,1.6856641042595897e-05,0.0,3.2501436615791887e-06,0.0,-1.2546796211820757e-27,0.0,-2.2219806448894434e-26,-1.4714542042350366e-26,5.6320572134689236e-30,0.0,8.737512235436318e-06,-1.516682708734872e-27,0.0,-2.813193892871993e-26,5.949840979056789e-06,0.0,0.0,1.6588963876349742e-05,6.5347739558984065e-06,-1.483522114143387e-26,1.7731220132271534e-06,-1.759036686269066e-27,0.0,2.619899956296871e-06,0.0,1.1023127441212811e-05,-1.855026052197304e-26,0.0,-1.5051837837705229e-26,1.8724395666338833e-06,-3.107647680330407e-27,1.9822326382671426e-06,-4.168779329658239e-27,3.142456406732349e-06,5.9850133908225774e-05,8.21248695633164e-06,1.0459247214363181e-06,3.197767722921909e-05,-3.8028647328234906e-26,-4.0245026308732194e-27,8.79383439223647e-07,1.527015589499342e-05,1.5244452293784858e-05,-2.3800045805027823e-27,-5.270354194450945e-27,5.115986547264966e-06,2.410453946863925e-06,4.249721641946625e-06,0.0,7.520165663668661e-07,-5.8466177133545986e-27,2.6771467567625237e-05,-6.031954786903528e-29,4.3237708640579377e-07,9.826814176314587e-06,3.218889871778538e-06,8.39572119075999e-06,2.8632902656128033e-06,1.2354925897456945e-05,-4.781454313126368e-27,1.4946314520557423e-05,-2.1883106492860957e-27,0.0,0.0,0.0,0.0,0.0,0.0,0.0,0.0,-2.6753281479261637e-28,4.069180517439257e-06,6.898906765882101e-06,0.0,2.0989146506004894e-05,1.51175549175086e-07,-3.405939633918867e-26,8.439846646296062e-06,1.3293016151289264e-06,-3.848932167340399e-26,0.0,-8.701191469337016e-26,0.0,0.0,2.6237853884795e-05,0.0,4.606328778283042e-07,1.2155237711055327e-06,0.0,-6.961587501066733e-27,1.0986173875899341e-06,0.0,0.0,-1.1686526698495996e-26,1.1864441976077247e-06,0.0,1.117515519209691e-26,3.5434183006313476e-06,0.0,1.582228937363323e-07,0.0,9.502941214245167e-06,0.0,1.3639300944203972e-05,0.0,0.0,-9.055022628952524e-27,4.139875864688201e-06,0.0,-8.008289947134991e-27,-2.0844993892945477e-26,8.279228113612616e-06,0.0,0.0,1.1881316565368158e-05,-4.046445907666654e-26,0.0,0.0,7.743402116912244e-06,0.0,2.507994429589888e-05,0.0,0.0,9.689644418403407e-06,3.4597342779675317e-06,2.1467641525773706e-06,0.0,2.5153530405464845e-06,0.0,1.5824033140311408e-06,0.0,9.723295837917106e-06,0.0,0.0,0.0,0.0,5.604177969619276e-07,0.0,0.0,1.8791334027952218e-06,0.0,0.0,0.0,0.0,0.0,0.0,0.0,0.0,0.0,0.0
0.2483030621790161,5.877356795930398e-05,0.0,0.0,0.0,0.0,0.0021541443456879815,0.0001232610945044993,0.00024656036576320027,0.0016718320790033942,0.0,6.561378328889571e-05,1.9472714949957465e-05,0.0,0.0,0.0,0.000294741813493986,0.0,0.0041459430878875445,0.000915860295636346,5.79665142110609e-05,0.00034523987757444855,0.0005539028567441057,0.0,0.0,0.0025179330418127525,0.00042436367983667586,0.0,0.002167945105918528,0.0008064441851030858,0.0027821336322829283,3.9951175233604595e-05,0.0016843263794092344,0.0001034288188373837,0.030445540984368573,0.0,0.003684249734342121,0.0,8.700427362599435e-05,0.0,0.0012570641595292897,4.7167540343955436e-05,9.951858902813602e-05,0.0,0.004219355911383242,1.0829067155044003e-05,0.0003415127543591667,0.0008706824571362778,0.0018524532362889706,0.0,0.0,0.002837389650641653,0.00011788405986645344,0.00030034694678552823,0.0036978172109373127,0.005062203235325179,0.0,0.0019013406075976047,4.353461399715719e-05,0.019976678536344827,0.00037110372638461014,0.0,0.00028273683103009333,0.0018601315110887266,0.004110181214608186,0.0011397375841520733,0.0015629119328292662,0.0006281294016684574,0.0025234627569825268,0.0027785317729287404,0.002617524071203555,0.0022741108511941895,0.0037247708075201853,0.0028913189396056007,0.0020671392011006556,0.00031697406536069134,0.004284226831080402,0.003554381561553654,0.0037249177207743615,0.002893223678455443,0.0018471520781851477,0.0018441273347642824,0.0,0.003291946933281019,3.297028153215657e-05,0.00888114063329622,2.1512286846873326e-06,0.0019702616682813335,0.00508734959995547,0.0014555942490738598,0.0018209873995535806,0.0016575384883211243,0.00030681636940658053,0.0017773206391390871,0.0025715615260565607,3.183576002003591e-05,0.0,0.0,0.0,7.542669459609029e-05,0.0,0.0,0.0,0.0,1.7825085095951844e-05,0.0032201588759841753,0.0014953494153139293,0.0,0.0003540808825656502,0.0008625720495911837,0.010254569909934565,0.0002060354329821524,0.005073161021617678,0.001349013811637349,0.00023062064868183422,0.0020925827174772134,0.0,0.00026326896096625393,0.0004166349467453104,0.0,0.0027018604148716886,0.007463067434925195,0.0009617623924303562,8.8141657348096e-05,0.00037603604606512253,0.0,0.0,0.00010380056581218979,0.0018103576664044124,0.0,0.002826876203920409,0.002160400105896704,0.0,0.0021988460498635035,0.0,0.008792769381431535,3.2104654842740406e-05,0.00021453429648270268,0.0,0.0,0.00039401311195724835,0.005427824692756817,0.0,0.00020250925698941884,0.00040954538082652226,0.0017651062798236213,0.0,0.0,0.00025267079103238,0.0002007370153711861,0.0,0.0023435240948827957,0.0030288638801389514,0.0,0.00787308050577581,0.00037325716507353947,4.212145496555817e-05,0.00022061486528267252,0.00017600156536691727,0.00027962820401457127,3.812286702402208e-05,9.280529545704756e-05,7.375577643290383e-05,0.0002626479227314627,0.00020995191471972748,0.0027504593174429077,0.00011388340399119027,3.025701890812468e-05,0.00012945784749875485,0.00014666954547779717,0.009634335005999962,6.592151499225336e-05,0.00018516447422411845,0.0047736640974383035,4.346358386969704e-06,0.00022495555020155577,0.00016762010687491628,0.0001839904655585094,9.954217688101788e-05,0.0002660033785469465,0.00015425658614997195,0.0001482697242332926,0.00012850764446557507,8.029807131314778e-05
0.13973137181246717,1.8407498012546069e-25,0.0,0.0,0.0,0.0,0.006061084501592346,2.60562766025934e-05,0.0,0.004676018585314962,0.0,-8.829505924410875e-26,0.0,0.0,0.0,0.0,1.229448047929044e-25,0.0,0.012045441752755291,0.0004384691841584027,2.4030430524059225e-25,1.8262589376694458e-25,0.0,0.0,0.0,0.004779360555546981,0.0,0.0,0.005360096143162698,-8.059690853297112e-25,0.008002600878434147,7.103469138969529e-26,0.002649169887001576,1.5874334280726136e-25,0.10701409694809594,0.0,0.007214982206856895,0.0,2.2675109001588744e-26,0.0,-1.3559023008430145e-25,0.00023854589162607189,1.1215542335443226e-25,0.0,0.014974037723772884,8.90919934171997e-26,0.0,6.96838412737674e-25,0.004331367212649801,0.0,0.0,0.006446689067076046,0.0002905661865811407,0.0029930677477541605,0.008885706000482082,0.015572123836453719,0.0,0.004616103691086221,0.0,0.02585734326948218,6.945161523695053e-25,0.0,6.216368649492968e-25,0.005687481744185405,0.011379075640148091,0.0032598914927626007,0.0048950202607197825,1.3259678028979362e-24,0.0070116056612207584,0.004773820762203488,0.005214509423270715,-9.8629984839908e-25,0.011808151677721902,0.004353116128202178,0.005907610190285647,0.0007648566056402542,0.009298391962904709,0.008490589135343937,0.010308759022486711,0.006288728960551873,0.0032823486180133454,0.005600187326105026,0.0,0.008017724040573842,2.3447425832570343e-26,0.02296238601603698,3.9335202732470816e-28,0.006437579994286875,0.016499295518536388,0.00434822757669038,0.0024407285360012938,0.005431361964556285,4.342012664396169e-25,0.005675190974240427,0.007794631530106446,1.9684700054933566e-25,0.0,0.0,0.0,0.0,0.0,0.0,0.0,0.0,2.3702731075010197e-27,0.004045353247209218,0.0037196944583205117,0.0,7.200976129851837e-25,0.0019018730499277357,0.023693727057733704,0.00023413797022454536,0.014903440558063164,2.1238410654835202e-24,0.0,2.2183569324394473e-24,0.0,0.0,8.77694324845759e-25,0.0,0.010204998918685513,0.016506578387905476,2.1490649193135633e-06,1.541013033249423e-25,3.2682151945061876e-25,0.0,0.0,7.114753661212948e-26,0.004830282014062108,0.0,0.008221482542284726,0.0040164645382648875,0.0,0.007452651242235457,0.0,0.02893504591332608,0.0,1.2796027787672751e-25,0.0,0.0,9.837213864491837e-26,0.012229826776299765,0.0,0.0004089096113721882,0.004303762761967745,0.005037484096926613,0.0,0.0,3.2530913727003623e-25,3.5479599143382718e-25,0.0,0.007033151062448508,0.01284089379942687,0.0,0.026672314529413058,0.0,0.0,2.776964422301546e-25,1.4622005648013442e-25,2.728243873373471e-25,0.0,3.439685839627018e-25,0.0,2.9869933976709473e-25,0.0,0.005264478572619291,0.0,0.0,0.0,0.0,0.018283188343789385,0.0,0.0,0.009366275353095982,0.0,0.0,0.0,0.0,0.0,0.0,0.0,0.0,0.0,0.0
0.12738503427698447,1.3605746958726685e-25,0.0,0.0,0.0,0.0,0.004388267557887134,1.1771566326638053e-26,1.173316731796709e-26,0.001581603984206556,0.0,-1.09989563075729e-25,3.435798832852318e-27,0.0,0.0,0.0,-3.2643146077457154e-26,0.0,0.006619130641827922,-3.5677995314459755e-24,-3.6789744105983306e-26,5.899606504499253e-25,0.0003428235143350894,0.0,0.0,0.0021310378329182406,0.00048401200512125154,0.0,0.002003422677333919,-8.792285416155599e-25,0.005121494029342707,1.4621230926336156e-25,0.00199195135660784,-3.675452509889229e-26,0.06996551239257408,0.0,0.004935513520464501,0.0,2.5415302172658555e-26,0.0,-5.136825077400299e-25,-3.0212558383981193e-25,-5.192755536246096e-26,0.0,0.007839143619213888,-7.444734504046721e-27,0.00014489664438627664,-1.0885228640444367e-24,0.004504190382315053,0.0,0.0,0.006200866980917567,3.6481960990248443e-25,5.790891663855366e-25,0.00709608191157338,0.006445874320433243,0.0,0.0027708291446989866,-9.01826073431961e-26,0.020672500041800084,6.545463660505445e-25,0.0,-6.0629803322164495e-25,0.0032885370989519267,0.006322683978364152,0.0016806089767323774,0.0034045534484796543,1.7855282376910305e-24,0.0035566584754959654,0.002331957836278603,0.0035768272955640345,-2.2285478793673422e-24,0.009105138266329334,0.004610639016930505,0.003437742549140745,6.830359434796988e-26,0.008230257524887836,0.0067252366307826335,0.00799937971625174,0.004976504560223404,0.0019523284780543092,0.0039505453351763005,0.0,0.006423438866623276,-1.4871363742876714e-25,0.013611663421485785,1.1535605330340318e-27,0.003621796260196253,0.007606704596957103,0.0030847215158691845,0.0018644794806585308,0.0032034155991889812,-8.248597883990192e-26,0.003294730982870385,0.0053154110937263,-1.1586668700999754e-25,0.0,0.0,0.0,0.00020272553086573232,0.0,0.0,0.0,0.0,6.555970652239594e-27,0.006085742850213769,0.002522330220602111,0.0,-2.2017782681902905e-25,0.001602219264183488,0.016461671020532843,-1.1795830436797796e-25,0.008579945681249434,5.084069814621353e-26,0.0009142877960391116,-1.900359978567884e-24,0.0,5.318427216314075e-05,-9.493672134311892e-25,0.0,0.0038847483237042795,0.01755819122295775,0.001739252537773936,-1.0870990234934589e-26,-9.654377130488991e-25,0.0,0.0,3.001926633340397e-26,0.0036678390482161654,0.0,0.004828666028700546,0.003028271692550607,0.0,0.005275063096575188,0.0,0.010515397917406428,-1.1102784943696091e-26,3.144960071194061e-25,0.0,0.0,6.966022527208254e-25,0.013585492296406309,0.0,-1.9104023998090615e-25,-9.645791158744691e-26,0.002330755280851462,0.0,0.0,6.02815344081754e-25,3.7005686476857445e-25,0.0,0.004734189424328432,0.002319989903420578,0.0,0.014268594171488125,-3.28964883291527e-25,1.5300221028857773e-05,-2.2130729256525e-25,1.0231969872734593e-25,4.520230939746621e-25,-1.5980872726396416e-26,7.284412179385467e-25,1.5114148188761495e-25,-5.312956613430464e-25,-5.76756660340309e-26,0.0036572690809722275,-5.819369021397862e-26,3.860405643419462e-05,-1.2134398828280073e-25,0.00019362224601839452,0.011807904939997413,1.7266156689583472e-25,-4.224574949114438e-25,0.007989446840004535,-1.041690345046431e-27,0.0004342847284571177,2.9373918959805656e-05,0.00020137360647181282,-2.8079877862010003e-26,0.00024441234565163986,0.00018400113163532486,0.00021216994149512414,3.251711860787878e-05,1.4064509654749457e-05
0.11393361518478054,0.0,0.0,0.0,0.0,0.0,2.8873060201308703e-05,0.0,-1.1284945115819049e-24,3.694580694639698e-07,0.0,0.0,0.0,0.0,0.0,0.0,0.0,0.0,-3.833620996194764e-25,0.0015753715136222857,0.0,0.0,-1.2598469880787794e-26,0.0,0.0,-3.920549435302879e-25,0.0006783826621970461,0.0,-3.9244612217550406e-26,0.0,-3.1901807114203707e-26,0.0,5.779821802533253e-05,0.0,-1.288261654490931e-25,0.0,0.0001011211662058458,0.0,0.0,0.0,0.0,0.0,0.0,0.0,0.00017328995789259803,0.0,0.00016857677535247364,0.0,9.133145589665946e-05,0.0,0.0,-1.0519738573644964e-24,0.0,0.0,0.000575148174328305,-3.829560646189804e-25,0.0,5.852359311056292e-05,0.0,0.0,-7.897639489509477e-25,0.0,0.0,0.0010130662342235476,0.0002638824808459831,-8.406118652230103e-26,0.00018077820139518927,7.922900430212689e-05,2.1804103301189464e-27,-3.812940778953196e-25,0.0006998824697372418,0.0,0.0008613537466953,-7.292392931816651e-26,0.000388864990526057,0.0,0.0,-2.706390023255243e-25,0.0001182474014674834,0.00023042861069657734,-2.84906874721401e-25,0.0005463968399547403,0.0,-7.765475224706201e-26,0.0,-1.2933715649754795e-25,0.0,-2.5410076839702126e-25,0.0002515655115671012,-1.4055505781334771e-25,0.000367901175260489,-4.4407603611041105e-25,0.0,-1.1501154082721628e-25,1.5708783175384024e-25,0.0,0.0,0.0,0.0,0.0,0.0,0.0,0.0,0.0,0.0,0.00016407633880430317,-4.387374691977089e-27,0.0,0.0,0.0003123230423726668,1.3385234414226578e-26,0.0,-1.343707173316385e-26,0.0,0.00013360765573127735,0.0,0.0,0.0003198884549046752,0.0,0.0,2.8231888670256974e-27,6.089615820727011e-26,0.0047511075649109965,0.0,0.0004210558749502952,0.0,0.0,0.0,0.00035694509285067274,0.0,-2.2665766186058617e-25,-8.474720045483385e-25,0.0,-1.2181511327385616e-26,0.0,-2.675103271972883e-25,0.0,0.0,0.0,0.0,0.0006379001937178541,0.0008431061792992335,0.0,0.0,0.0,-1.0823286780748951e-26,0.0,0.0,-7.306260113171897e-26,0.0,0.0,0.0001256426958393985,0.0,0.0,-1.2351585950668768e-25,1.0115169391301856e-25,0.0,0.0,0.0,6.708499531196228e-05,0.0,0.0,0.0,0.0,0.0008760120642739028,4.1952803387875534e-05,-3.436664368473826e-26,0.0,0.0,0.0003113690826987576,0.00028194496197675055,0.0,2.2305345916058413e-25,0.0007138296834662541,0.0,6.003662477789449e-27,-1.7082896016305783e-25,7.313284464658353e-26,-4.831109096142663e-25,0.0011384213609829342,-4.661572331433371e-25,0.0004409042331324838,-1.0934155060020547e-25,2.0860817420140823e-26
0.1550825744301972,0.0011801232137771788,0.0,0.0,0.0,0.0,-7.335920285129014e-25,0.00040351260707982724,0.0,-1.204358826753995e-24,0.0,-8.215297959579177e-26,0.0,0.0,0.0,0.0,0.001453734774935556,0.0,0.00019051376197120955,-1.0796191695381274e-24,0.0019972044423881485,-1.7821904220817765e-24,0.0,0.0,0.0,-4.0383327064051905e-24,0.0,0.0,0.001005897100730414,-1.645189786028912e-24,-4.421961336981278e-24,0.001652758734562762,0.0001041375171160495,0.0008205224746252748,0.0002062783710081487,0.0,-1.7039121569443015e-24,0.0,0.00014943821787530276,0.0,-1.0206437331039626e-24,1.2094744187546413e-05,0.0012607216303475318,0.0,-6.99901253581152e-25,0.00022714422850780126,0.0,0.0021942777640711433,-6.107144517975596e-25,0.0,0.0,-2.324113780990441e-24,2.4605981398705455e-05,-1.12635237681699e-24,-1.1200818579031266e-24,-8.336553332393528e-25,0.0,-2.2534246505637584e-24,0.0,-7.156003853510063e-24,-5.676304224068256e-24,0.0,-4.264268609886112e-24,-4.23753241662797e-25,-2.5683324699936312e-24,-8.958723839737044e-25,-1.3697456844381069e-24,1.2098699809519707e-24,-7.602560664215832e-24,-1.714235190015802e-24,-1.8290389997972486e-24,-1.7056839068580444e-24,-1.9012038549969226e-24,-1.9650499862709937e-24,-9.604262195296347e-25,0.00023508324473415975,-1.8298282507810125e-24,-1.1206905434840217e-24,-7.444000494648801e-25,-1.0531841006343475e-24,-2.70728874115497e-25,-1.7608098160458237e-24,0.0,-7.447505923187669e-25,0.0008386698822326508,-8.175451556831702e-25,4.528996431652835e-05,4.8207826065852326e-26,1.4703048103385012e-24,-2.845493852877745e-25,-6.493925835690922e-26,2.3325980269422423e-25,-4.204184336439568e-24,-2.4984230131130404e-24,-1.308478635329531e-24,0.0003034965245461919,0.0,0.0,0.0,0.0,0.0,0.0,0.0,0.0,1.6326688305963187e-06,1.79252658634572e-26,-1.1639888028413972e-25,0.0,5.599337943412712e-25,0.0001044728983356505,3.665425587062055e-24,0.00014963071965726435,-5.833086402327955e-25,-2.0668851508447193e-24,0.0,-5.502920242872707e-24,0.0,0.0,-3.774766740437081e-24,0.0,0.00023299251896435514,7.455273815704561e-26,0.0,0.0031556436558776305,-9.242431821681757e-25,0.0,0.0,0.002797552858235876,-1.249609644967566e-25,0.0,-1.665656874427214e-24,-1.0132860652677621e-24,0.0,-3.8726418865368016e-25,0.0,-1.4657782653140482e-24,0.0,-2.8738892025086686e-24,0.0,0.0,0.0008850650950414844,-2.9557059795072577e-24,0.0,-7.978677336148803e-25,-1.1939837777362838e-24,-1.2325838352665465e-24,0.0,0.0,-3.45551090521906e-24,0.008834250219714677,0.0,0.0,-7.165786600359758e-25,0.0,-1.167883570248626e-24,0.0,0.0,-1.3688233631256809e-24,-5.743564808845821e-25,0.0018676367237357569,0.0,-1.529180803906267e-24,0.0,-3.1677368315946195e-24,0.0,-2.6777347937587097e-24,0.0,0.0,0.0,0.0,-1.2186144721675768e-25,0.0,0.0,-1.25372515678577e-25,0.0,0.0,0.0,0.0,0.0,0.0,0.0,0.0,0.0,0.0
0.3400735284028544,6.254559240076071e-26,0.0,0.0,0.0,0.0,3.2279832751461628e-25,3.541664180442739e-05,5.223118063164727e-07,3.9967856856929863e-05,0.0,-1.7220553503920582e-26,-3.3758342055642455e-26,0.0,0.0,0.0,9.501790799218137e-26,0.0,0.0006283470461880981,0.0033026171331146073,-2.197756615849854e-25,-5.648603866062024e-25,0.0013865311804335137,0.0,0.0,0.0003057236136004234,-1.248223037984671e-24,0.0,0.00015305609157392994,0.0019958661897457484,0.000694264789911864,-1.0801970534920287e-25,0.0001243313853039934,2.547689962595382e-26,0.00661420909616046,0.0,0.0004895109708774645,0.0,0.000165766333886748,0.0,-2.850537653195763e-25,8.963404261726398e-05,1.1690666333186903e-25,0.0,0.0009816853909546982,0.0001242091020182928,-3.0928163669947973e-25,0.007121845669171398,0.0004641888151676883,0.0,0.0,0.00035225893244838656,0.0003904809701971087,1.077038490997925e-24,0.00015325651154045913,-3.2292097932385106e-25,0.0,0.000490069038502684,-2.8332996701900316e-25,1.6388164396421688e-25,0.00035193871572848136,0.0,0.0013708143480611224,0.0002241285345671671,0.001798541450456622,9.849151232889715e-05,0.00020781654905142462,0.00036797735086710286,0.002503299056154118,2.543225989286489e-25,0.0031450933011953736,0.008276844613156207,-1.2119501086306138e-24,0.0019021302500181266,0.0005572372624950619,0.001528581425867607,0.0004324467640850584,0.00013370595156288943,0.0004833475824417275,0.0013877183900779483,0.0007364946266265317,0.0007414689765808879,0.0,-4.0238096595982934e-25,3.5966670120901295e-26,0.0009744473577506993,7.4207054411996e-06,-1.1441135836008447e-26,0.001281482133165025,5.490826500438441e-05,0.0009749788015241752,0.0006112465687482172,0.0004235246727241018,0.000428485138855639,0.00146398994680481,-8.869174280393564e-26,0.0,0.0,0.0,-1.7566697688305968e-25,0.0,0.0,0.0,0.0,2.3354705960836243e-27,-6.548498124593108e-26,0.0027262399784555177,0.0,0.0016556599474251091,0.00013469530722743804,0.00340247640560563,3.1648324969380423e-25,0.0003060687625079018,0.004136983376707093,-5.117428933046656e-25,2.906727825771302e-24,0.0,5.192045940561225e-25,-4.654043441382369e-25,0.0,0.0009993636578329035,1.1150526951270199e-25,0.00034004810636705315,3.204602883810035e-05,0.001088342662386734,0.0,0.0,-3.533999615282519e-25,0.00011773458902771055,0.0,1.1725303999972306e-24,0.0006464756928781326,0.0,0.0002522748195814146,0.0,0.001254247142967141,-1.957979151902226e-25,2.903142107138692e-05,0.0,0.0,-5.472169576007316e-25,0.0010909166361385385,0.0,-7.649130160678345e-26,0.001629680289348656,0.0012824950294143204,0.0,0.0,1.7659204700180924e-05,-2.0705032296505154e-26,0.0,0.0004801075705351871,1.395271196720949e-25,0.0,0.002085567223878905,1.37622327643278e-25,-3.441659172430183e-25,0.00033034001863785085,4.26485671539718e-05,-2.612206650326908e-25,-2.5620174036130554e-25,0.0008643457958288515,3.530363699278076e-25,0.0007553399423687138,0.000749932756258153,0.000669025326635422,-6.05267288884247e-27,2.6814422594175236e-26,-9.256750920611949e-25,-1.6529615048306434e-25,0.0005474788537035802,-1.8314528864976818e-25,-9.417373017374843e-25,9.87211060763289e-25,2.606759293570788e-26,-4.825342522812188e-25,-1.8440230829942993e-25,5.703117875968462e-27,0.00012817797318565738,5.760186454805757e-25,2.491326529915939e-25,1.5885648704790173e-25,1.5835016730185729e-25,4.155669642025725e-25
0.2483030621790161,5.877356795930398e-05,0.0,0.0,0.0,0.0,0.0021541443456879815,0.0001232610945044993,0.00024656036576320027,0.0016718320790033942,0.0,6.561378328889571e-05,1.9472714949957465e-05,0.0,0.0,0.0,0.000294741813493986,0.0,0.0041459430878875445,0.000915860295636346,5.79665142110609e-05,0.00034523987757444855,0.0005539028567441057,0.0,0.0,0.0025179330418127525,0.00042436367983667586,0.0,0.002167945105918528,0.0008064441851030858,0.0027821336322829283,3.9951175233604595e-05,0.0016843263794092344,0.0001034288188373837,0.030445540984368573,0.0,0.003684249734342121,0.0,8.700427362599435e-05,0.0,0.0012570641595292897,4.7167540343955436e-05,9.951858902813602e-05,0.0,0.004219355911383242,1.0829067155044003e-05,0.0003415127543591667,0.0008706824571362778,0.0018524532362889706,0.0,0.0,0.002837389650641653,0.00011788405986645344,0.00030034694678552823,0.0036978172109373127,0.005062203235325179,0.0,0.0019013406075976047,4.353461399715719e-05,0.019976678536344827,0.00037110372638461014,0.0,0.00028273683103009333,0.0018601315110887266,0.004110181214608186,0.0011397375841520733,0.0015629119328292662,0.0006281294016684574,0.0025234627569825268,0.0027785317729287404,0.002617524071203555,0.0022741108511941895,0.0037247708075201853,0.0028913189396056007,0.0020671392011006556,0.00031697406536069134,0.004284226831080402,0.003554381561553654,0.0037249177207743615,0.002893223678455443,0.0018471520781851477,0.0018441273347642824,0.0,0.003291946933281019,3.297028153215657e-05,0.00888114063329622,2.1512286846873326e-06,0.0019702616682813335,0.00508734959995547,0.0014555942490738598,0.0018209873995535806,0.0016575384883211243,0.00030681636940658053,0.0017773206391390871,0.0025715615260565607,3.183576002003591e-05,0.0,0.0,0.0,7.542669459609029e-05,0.0,0.0,0.0,0.0,1.7825085095951844e-05,0.0032201588759841753,0.0014953494153139293,0.0,0.0003540808825656502,0.0008625720495911837,0.010254569909934565,0.0002060354329821524,0.005073161021617678,0.001349013811637349,0.00023062064868183422,0.0020925827174772134,0.0,0.00026326896096625393,0.0004166349467453104,0.0,0.0027018604148716886,0.007463067434925195,0.0009617623924303562,8.8141657348096e-05,0.00037603604606512253,0.0,0.0,0.00010380056581218979,0.0018103576664044124,0.0,0.002826876203920409,0.002160400105896704,0.0,0.0021988460498635035,0.0,0.008792769381431535,3.2104654842740406e-05,0.00021453429648270268,0.0,0.0,0.00039401311195724835,0.005427824692756817,0.0,0.00020250925698941884,0.00040954538082652226,0.0017651062798236213,0.0,0.0,0.00025267079103238,0.0002007370153711861,0.0,0.0023435240948827957,0.0030288638801389514,0.0,0.00787308050577581,0.00037325716507353947,4.212145496555817e-05,0.00022061486528267252,0.00017600156536691727,0.00027962820401457127,3.812286702402208e-05,9.280529545704756e-05,7.375577643290383e-05,0.0002626479227314627,0.00020995191471972748,0.0027504593174429077,0.00011388340399119027,3.025701890812468e-05,0.00012945784749875485,0.00014666954547779717,0.009634335005999962,6.592151499225336e-05,0.00018516447422411845,0.0047736640974383035,4.346358386969704e-06,0.00022495555020155577,0.00016762010687491628,0.0001839904655585094,9.954217688101788e-05,0.0002660033785469465,0.00015425658614997195,0.0001482697242332926,0.00012850764446557507,8.029807131314778e-05
0.2483030621790161,5.877356795930398e-05,0.0,0.0,0.0,0.0,0.0021541443456879815,0.0001232610945044993,0.00024656036576320027,0.0016718320790033942,0.0,6.561378328889571e-05,1.9472714949957465e-05,0.0,0.0,0.0,0.000294741813493986,0.0,0.0041459430878875445,0.000915860295636346,5.79665142110609e-05,0.00034523987757444855,0.0005539028567441057,0.0,0.0,0.0025179330418127525,0.00042436367983667586,0.0,0.002167945105918528,0.0008064441851030858,0.0027821336322829283,3.9951175233604595e-05,0.0016843263794092344,0.0001034288188373837,0.030445540984368573,0.0,0.003684249734342121,0.0,8.700427362599435e-05,0.0,0.0012570641595292897,4.7167540343955436e-05,9.951858902813602e-05,0.0,0.004219355911383242,1.0829067155044003e-05,0.0003415127543591667,0.0008706824571362778,0.0018524532362889706,0.0,0.0,0.002837389650641653,0.00011788405986645344,0.00030034694678552823,0.0036978172109373127,0.005062203235325179,0.0,0.0019013406075976047,4.353461399715719e-05,0.019976678536344827,0.00037110372638461014,0.0,0.00028273683103009333,0.0018601315110887266,0.004110181214608186,0.0011397375841520733,0.0015629119328292662,0.0006281294016684574,0.0025234627569825268,0.0027785317729287404,0.002617524071203555,0.0022741108511941895,0.0037247708075201853,0.0028913189396056007,0.0020671392011006556,0.00031697406536069134,0.004284226831080402,0.003554381561553654,0.0037249177207743615,0.002893223678455443,0.0018471520781851477,0.0018441273347642824,0.0,0.003291946933281019,3.297028153215657e-05,0.00888114063329622,2.1512286846873326e-06,0.0019702616682813335,0.00508734959995547,0.0014555942490738598,0.0018209873995535806,0.0016575384883211243,0.00030681636940658053,0.0017773206391390871,0.0025715615260565607,3.183576002003591e-05,0.0,0.0,0.0,7.542669459609029e-05,0.0,0.0,0.0,0.0,1.7825085095951844e-05,0.0032201588759841753,0.0014953494153139293,0.0,0.0003540808825656502,0.0008625720495911837,0.010254569909934565,0.0002060354329821524,0.005073161021617678,0.001349013811637349,0.00023062064868183422,0.0020925827174772134,0.0,0.00026326896096625393,0.0004166349467453104,0.0,0.0027018604148716886,0.007463067434925195,0.0009617623924303562,8.8141657348096e-05,0.00037603604606512253,0.0,0.0,0.00010380056581218979,0.0018103576664044124,0.0,0.002826876203920409,0.002160400105896704,0.0,0.0021988460498635035,0.0,0.008792769381431535,3.2104654842740406e-05,0.00021453429648270268,0.0,0.0,0.00039401311195724835,0.005427824692756817,0.0,0.00020250925698941884,0.00040954538082652226,0.0017651062798236213,0.0,0.0,0.00025267079103238,0.0002007370153711861,0.0,0.0023435240948827957,0.0030288638801389514,0.0,0.00787308050577581,0.00037325716507353947,4.212145496555817e-05,0.00022061486528267252,0.00017600156536691727,0.00027962820401457127,3.812286702402208e-05,9.280529545704756e-05,7.375577643290383e-05,0.0002626479227314627,0.00020995191471972748,0.0027504593174429077,0.00011388340399119027,3.025701890812468e-05,0.00012945784749875485,0.00014666954547779717,0.009634335005999962,6.592151499225336e-05,0.00018516447422411845,0.0047736640974383035,4.346358386969704e-06,0.00022495555020155577,0.00016762010687491628,0.0001839904655585094,9.954217688101788e-05,0.0002660033785469465,0.00015425658614997195,0.0001482697242332926,0.00012850764446557507,8.029807131314778e-05
0.2637343410448276,0.00037688202010372786,0.0,0.0,0.0,0.0,0.0006641854023593057,-5.0519170449885573e-26,0.0,0.0051829661715671,0.0,7.455411034184028e-25,0.0,0.0,0.0,0.0,4.270994862050218e-25,0.0,0.004051370030467389,0.0001435655706164329,8.35718589175909e-26,-4.2349857069410005e-25,0.0,0.0,0.0,0.004122380884948161,0.0,0.0,0.002570011029779825,2.999116213229619e-25,4.5117122992931635e-25,0.0002939424365609284,0.0003192368481070545,8.147576696704946e-06,0.0023092845129259096,0.0,0.001153881555681773,0.0,0.00019808963149453064,0.0,2.7421517413829126e-24,0.0005974378732136142,0.0013839744734718477,0.0,0.0,1.658391150614508e-25,0.0,0.0016643500736250253,7.257236760384442e-06,0.0,0.0,0.0005229483192209008,0.0009752068555107055,0.0011393694954347276,2.701579734769655e-05,-5.386310338095989e-25,0.0,0.0005579693300952946,0.0,-6.114858526873669e-26,0.0007774243377016698,0.0,-4.2422260491549325e-25,-1.7374888812242265e-25,0.001158418902207086,1.7786665569849226e-05,4.891967365070409e-05,2.899537852749993e-25,0.0003350261674810768,0.00017441358230273711,0.0003084055489538017,0.0,-1.9183622649397483e-24,0.00016739360922462648,0.00013719827762542558,0.00044472755408684955,8.025803222795761e-05,2.2681679242081047e-25,0.00018450808897177597,-5.0881975247888104e-26,-3.7315817656040694e-25,0.0006712988212549114,0.0,-4.6428012141316655e-25,9.740026871896637e-05,0.0,7.984595576989798e-06,-2.458860425429902e-25,0.0016126216044471018,7.405664884906744e-05,0.0,-1.5033287520758996e-25,0.0030492341041452944,6.837236133470405e-26,-1.3148368424914451e-25,0.00011153872512904533,0.0,0.0,0.0,0.0,0.0,0.0,0.0,0.0,0.00022216398516765,8.193402822977046e-26,0.0006302096519807726,0.0,0.0,0.00027707181976729993,-2.059625659643071e-24,-5.1437462920023e-25,3.185034129053044e-05,0.005237392588288087,0.0,0.00628779104774872,0.0,0.0,6.198916658497841e-25,0.0,4.718602842641894e-25,1.646817267046738e-25,0.0,1.45412054564859e-24,1.4704504703147424e-26,0.0,0.0,0.00432245491652565,0.0003182955387559126,0.0,4.172532262078983e-25,1.5633460530395602e-05,0.0,0.0002185663797831717,0.0,1.1951503563582772e-25,0.0,0.00018923825599965455,0.0,0.0,0.00015748271127687588,5.627192861359135e-25,0.0,6.183536112770594e-05,0.0023219519153982898,0.0003890318946117666,0.0,0.0,-1.0088023485852026e-25,2.846892669319114e-24,0.0,0.0,0.00042602927581953575,0.0,7.579420068335746e-26,0.0,0.0,0.0,0.00048098173126068873,-1.5149881636512664e-25,0.0,0.0006267299580444555,0.0,-1.8756892766097244e-24,0.0,0.00013735459221354945,0.0,0.0,0.0,0.0,0.0,0.0,0.0,0.0,0.0,0.0,0.0,0.0,0.0,0.0,0.0,0.0,0.0,0.0
0.16405723101836006,2.897487372516227e-25,0.0,0.0,0.0,0.0,0.005374956000934546,4.594216980692856e-27,2.687661454333204e-25,0.001676355642049527,0.0,1.535731719032481e-25,5.371213112147963e-05,0.0,0.0,0.0,2.4565279846240346e-25,0.0,0.009061916380000503,0.00015159814069703992,2.958622045265136e-25,6.372756415432698e-26,2.3915922895462248e-26,0.0,0.0,0.004558236149604998,0.0008927233654783781,0.0,0.0024251443925464187,0.001657080893183326,0.004450345457152947,1.1378448474031393e-25,0.004102166823783566,2.1409249179610907e-25,0.05506292003391159,0.0,0.009625749353791117,0.0,1.1803240641911695e-05,0.0,7.608402740907715e-25,3.0609810852229697e-25,8.447155919138715e-26,0.0,0.007672839790232719,-1.6118331448731069e-27,0.0002529721051089091,6.293175783766634e-25,0.004176897107809837,0.0,0.0,0.006403602529286323,-2.6245356964190542e-25,3.6656748990587003e-25,0.00874439308955986,0.011795778023993467,0.0,0.003336720732949913,1.6094454275361158e-25,0.04615221228644439,-1.8098728216556006e-25,0.0,0.00017597082888650597,0.0034818224160592212,0.007345038192201469,0.002302573709616823,0.0032976316612079648,0.0013852467931732447,0.004672314587583032,0.006207642958095738,0.005122236260790795,0.0008895623611546768,0.01127729573599925,0.007020632044966498,0.003831538538079276,0.0005824196744666562,0.010526437805034119,0.00847392240251947,0.008040732746681123,0.006144215269864145,0.00401392108619314,0.003553196841025607,0.0,0.006664943380396941,8.266954068795135e-26,0.018438120311876322,-2.211322506478718e-27,0.005138900745930918,0.008947033009681252,0.0027714148299273845,0.003386431004808486,0.0031086315363883675,5.811753600801279e-25,0.002834370874966593,0.004855931382031697,-2.9583700413199154e-26,0.0,0.0,0.0,9.119295609225859e-05,0.0,0.0,0.0,0.0,-8.635855062162022e-27,0.006694380109203287,0.0023644297613347283,0.0,9.637535969898068e-05,0.00187890526513644,0.01958954928177007,4.602259462190236e-25,0.013436433424964749,0.000925197752021125,0.00013506860920632448,3.1987794722937533e-24,0.0,3.9919764524075707e-26,6.411469386305128e-25,0.0,0.004862780790654726,0.012857113963188688,0.0036349767196735914,7.778340043763099e-26,0.0002694513509830837,0.0,0.0,-2.092917754761714e-25,0.004607567317523523,0.0,0.005927633319525775,0.0042671189025297,0.0,0.0061485701215347015,0.0,0.016386638642078368,5.476515742835754e-27,8.406286639605693e-26,0.0,0.0,-2.865619163389232e-25,0.008884437022110107,0.0,4.4250779042223926e-26,2.0620814954462232e-25,0.002816110729217033,0.0,0.0,1.826821981304676e-05,9.098637357642179e-26,0.0,0.004687417453146878,0.007804751459683468,0.0,0.015806810556895215,-7.044562610640411e-26,5.205686920090985e-26,1.6924873468452036e-05,-5.944556501291755e-26,9.09650258365678e-26,5.98564859798213e-26,4.673679414049848e-25,1.0402736410340445e-25,1.1827184238423902e-26,3.4494178480209627e-06,0.005014289270161493,-1.689826212192998e-25,3.7830053561059256e-05,0.00022504901292143642,1.1714842510104958e-25,0.019796210387675643,0.0007980312790833374,4.416616519658727e-25,0.012472706862062023,1.565209003375597e-26,0.00029134075641223646,0.0001584497861058144,4.245598852250791e-26,2.0249213917285871e-25,0.00015784486610145317,0.00011662074300770619,0.0006942700826910485,8.946366438696589e-26,3.441636677873049e-05
0.2483030621790161,5.877356795930398e-05,0.0,0.0,0.0,0.0,0.0021541443456879815,0.0001232610945044993,0.00024656036576320027,0.0016718320790033942,0.0,6.561378328889571e-05,1.9472714949957465e-05,0.0,0.0,0.0,0.000294741813493986,0.0,0.0041459430878875445,0.000915860295636346,5.79665142110609e-05,0.00034523987757444855,0.0005539028567441057,0.0,0.0,0.0025179330418127525,0.00042436367983667586,0.0,0.002167945105918528,0.0008064441851030858,0.0027821336322829283,3.9951175233604595e-05,0.0016843263794092344,0.0001034288188373837,0.030445540984368573,0.0,0.003684249734342121,0.0,8.700427362599435e-05,0.0,0.0012570641595292897,4.7167540343955436e-05,9.951858902813602e-05,0.0,0.004219355911383242,1.0829067155044003e-05,0.0003415127543591667,0.0008706824571362778,0.0018524532362889706,0.0,0.0,0.002837389650641653,0.00011788405986645344,0.00030034694678552823,0.0036978172109373127,0.005062203235325179,0.0,0.0019013406075976047,4.353461399715719e-05,0.019976678536344827,0.00037110372638461014,0.0,0.00028273683103009333,0.0018601315110887266,0.004110181214608186,0.0011397375841520733,0.0015629119328292662,0.0006281294016684574,0.0025234627569825268,0.0027785317729287404,0.002617524071203555,0.0022741108511941895,0.0037247708075201853,0.0028913189396056007,0.0020671392011006556,0.00031697406536069134,0.004284226831080402,0.003554381561553654,0.0037249177207743615,0.002893223678455443,0.0018471520781851477,0.0018441273347642824,0.0,0.003291946933281019,3.297028153215657e-05,0.00888114063329622,2.1512286846873326e-06,0.0019702616682813335,0.00508734959995547,0.0014555942490738598,0.0018209873995535806,0.0016575384883211243,0.00030681636940658053,0.0017773206391390871,0.0025715615260565607,3.183576002003591e-05,0.0,0.0,0.0,7.542669459609029e-05,0.0,0.0,0.0,0.0,1.7825085095951844e-05,0.0032201588759841753,0.0014953494153139293,0.0,0.0003540808825656502,0.0008625720495911837,0.010254569909934565,0.0002060354329821524,0.005073161021617678,0.001349013811637349,0.00023062064868183422,0.0020925827174772134,0.0,0.00026326896096625393,0.0004166349467453104,0.0,0.0027018604148716886,0.007463067434925195,0.0009617623924303562,8.8141657348096e-05,0.00037603604606512253,0.0,0.0,0.00010380056581218979,0.0018103576664044124,0.0,0.002826876203920409,0.002160400105896704,0.0,0.0021988460498635035,0.0,0.008792769381431535,3.2104654842740406e-05,0.00021453429648270268,0.0,0.0,0.00039401311195724835,0.005427824692756817,0.0,0.00020250925698941884,0.00040954538082652226,0.0017651062798236213,0.0,0.0,0.00025267079103238,0.0002007370153711861,0.0,0.0023435240948827957,0.0030288638801389514,0.0,0.00787308050577581,0.00037325716507353947,4.212145496555817e-05,0.00022061486528267252,0.00017600156536691727,0.00027962820401457127,3.812286702402208e-05,9.280529545704756e-05,7.375577643290383e-05,0.0002626479227314627,0.00020995191471972748,0.0027504593174429077,0.00011388340399119027,3.025701890812468e-05,0.00012945784749875485,0.00014666954547779717,0.009634335005999962,6.592151499225336e-05,0.00018516447422411845,0.0047736640974383035,4.346358386969704e-06,0.00022495555020155577,0.00016762010687491628,0.0001839904655585094,9.954217688101788e-05,0.0002660033785469465,0.00015425658614997195,0.0001482697242332926,0.00012850764446557507,8.029807131314778e-05
0.14816811728602616,0.00011026118599180367,0.0,0.0,0.0,0.0,0.004313324596372007,-1.0452991621992004e-26,-6.830518214931922e-26,0.003372679965537851,0.0,4.0942381108900454e-26,-2.3308580309447387e-26,0.0,0.0,0.0,-2.7614003455391686e-25,0.0,0.004786771170186415,-8.127328967119603e-25,1.505229495865199e-26,1.1052586834883146e-25,-7.200464308437893e-25,0.0,0.0,0.0029993840242251825,-5.7260413638456285e-25,0.0,0.004019187378613993,-5.623051192088903e-26,0.0059558465455870025,-1.0540147722262886e-25,0.004390738956450444,0.0008112261804249036,0.03819573029570404,0.0,0.00826346924103711,0.0,-3.9853233932329647e-26,0.0,-4.747031218417496e-25,6.684172759648118e-26,-1.6717008381755735e-25,0.0,0.00739779558768461,1.922120895409877e-05,6.928589570164893e-26,0.0002504627315514997,0.003330013060619523,0.0,0.0,0.005781440966112938,-7.16821280279292e-26,0.0006091270073936694,0.005546199715288438,0.008902895115894397,0.0,0.0033087215600398805,-1.1133251223992204e-25,0.05473174735884043,-1.2763827132394355e-24,0.0,0.00015479610106469124,0.0034170300208501573,0.005334577474185228,0.0022391666517425574,0.002275108629931543,6.511996022861551e-26,0.005645596647797228,0.0047177052150787,0.004612009052386949,4.757839550267923e-05,0.0033939083667193603,0.004419099479928362,0.003929309940979067,-5.359513306776164e-25,0.008819994982903435,0.006092076055981406,0.004703159697714315,0.00421568551840037,0.0045059866006003525,0.0033132727824447443,0.0,0.006166257234713303,3.4882090537678286e-27,0.01186516498754953,5.8739413815901955e-06,0.00400901902392656,0.005107864360324693,0.0024246032355716334,0.0035280162697115835,0.003122885803719041,-2.415281502327517e-25,0.0031805845061140324,0.005771030390375093,2.7225573431225986e-05,0.0,0.0,0.0,-1.3628655764648607e-25,0.0,0.0,0.0,0.0,2.1636455782953223e-05,0.007305107742580829,0.002353202359868229,0.0,0.0002900805993017213,0.001665467315652675,0.020567401383436698,-2.2174602273809586e-25,0.009937305014900097,-1.9098975828099133e-24,-2.1786229913024183e-25,0.0017712906435619557,0.0,-5.724113407278357e-27,-5.068710870361455e-25,0.0,0.004609311470680721,0.014851243097481695,0.0009979062729332808,1.4224507616657762e-25,-3.9909326385315133e-26,0.0,0.0,-3.9965920699656356e-26,0.0027107383206947814,0.0,0.006299368231335223,0.004537463002367218,0.0,0.004845198736261997,0.0,0.016532871718304403,8.516336620670624e-26,-1.2805352812875992e-25,0.0,0.0,-2.2131571964849365e-25,0.011671846850238608,0.0,-1.6775045216118676e-25,0.00010811977195500858,0.00327263933284807,0.0,0.0,-4.249537849715513e-25,-3.0966945197840703e-25,0.0,0.003730300494123526,0.002900885747882974,0.0,0.01157410920959253,-1.9529351095455512e-25,-5.0243974532713783e-26,0.00040074502644787805,1.476237084633343e-27,-1.1215308896145362e-24,-6.998221727563627e-26,-1.893005598538553e-25,-2.11327921989759e-25,-4.233089334113818e-25,3.236867712230676e-25,0.003636748004801308,-1.6215727754971943e-25,-1.1963103907651916e-26,8.845546923156014e-26,-3.752914255786174e-27,0.019797544599202004,-2.1637276451366605e-25,-5.757127236982466e-25,0.008642069105213888,7.576065704032332e-27,3.35006686251029e-26,-2.438283560734381e-25,-1.9122380652132294e-25,9.252548448369074e-05,-1.8307331492638802e-25,-3.097579884470439e-25,1.8390091274095285e-25,-1.1036100318077583e-25,-9.012251463343165e-26
0.19191585578675172,5.493679907662059e-25,0.0,0.0,0.0,0.0,0.00531032457762602,-6.128018793337676e-27,0.00013345645321014086,0.0010315347285696434,0.0,1.6214800751084762e-25,7.538991212638617e-26,0.0,0.0,0.0,-5.509999858009583e-25,0.0,0.00898825435023016,0.0006514803521140588,-4.339353199240552e-28,0.0005032682395188143,1.4708168838948387e-25,0.0,0.0,0.005736398271008267,-6.876697532416819e-26,0.0,0.0016923548609235398,0.0004476581256570511,0.004467825087179698,-4.345106670228113e-25,0.004298658594753129,-3.235417725429634e-25,0.07722447360015153,0.0,0.008934149436082173,0.0,6.694251660210009e-27,0.0,-1.5148560452900047e-25,-1.920492815130577e-25,1.2251327325371192e-25,0.0,0.004870888022517625,-1.4725969686710512e-26,1.1344802060999316e-25,0.0011639196155165152,0.003983707896124785,0.0,0.0,0.005748569454403127,2.399157711074165e-25,9.034087683316353e-25,0.009587055825297576,0.008252188858095604,0.0,0.0025711152987508675,2.5238672492504077e-25,0.043951634710533795,7.101604282174147e-06,0.0,3.7656087787067034e-25,0.002954948169936062,0.008677412442522138,0.0025319264441631562,0.003163672058354279,0.00010275515154884751,0.003943486849272074,0.0052162881562890185,0.004455147793463047,0.0020939751828049327,0.00572410816964284,0.00848820166959271,0.002547418709179011,2.0201231531199073e-26,0.008768033029320159,0.008686077288673667,0.008238534962462763,0.0051114419443963974,0.004015674882471585,0.0038025342392717753,0.0,0.006031980469276618,-1.5826751207000445e-25,0.02073699286528746,1.6062356255162582e-06,0.003912047213275894,0.0068552425391385985,0.003294515959785725,0.004150906607772923,0.002707287858483076,2.6255019429368005e-25,0.0023857589433607562,0.005214830895092888,-2.842775197242708e-26,0.0,0.0,0.0,9.081062226114619e-26,0.0,0.0,0.0,0.0,-1.9521895345865424e-27,0.007324552771281847,0.0032317792025057927,0.0,0.00035336624166904977,0.0016831247212849274,0.016489917438617704,8.655146974211429e-25,0.012809729878736938,-1.1917696633119944e-24,-1.4375461576814588e-25,0.002796481946442932,0.0,2.606592704126779e-25,-4.2663833842898664e-26,0.0,0.0049467793600320295,0.021232552051830913,0.005308660522673163,1.0109523917103496e-25,5.0437491642261e-25,0.0,0.0,7.352831478011179e-26,0.004169657595712146,0.0,0.005091536601110375,0.006065186475885306,0.0,0.004988979599337501,0.0,0.015807346073727795,1.1695511661871881e-25,0.00019045051022045776,0.0,0.0,5.876856207061238e-25,0.012263260134091226,0.0,0.000857696512489066,7.091669441705096e-25,0.002211957570039315,0.0,0.0,8.828474827830966e-26,-3.5796413453823655e-25,0.0,0.0057422796377931415,0.006190919295240163,0.0,0.015768311188128336,-5.126891703416089e-25,-3.6536259508132556e-25,0.000744148320621022,-1.049822180558009e-25,1.9839336405641475e-25,-3.8616475031218693e-26,-2.217358512381841e-25,-6.458608607622943e-26,5.438631701622422e-25,8.293476552345072e-26,0.005218993647592787,1.4147902727115183e-25,9.163459438251141e-26,-6.347919124204311e-25,5.013301209559849e-25,0.022562637513941393,-7.50642934686386e-27,-4.10507152008031e-25,0.01275455916643188,1.2965637498044434e-26,-3.1858421075994608e-25,7.113513295143037e-26,-3.172393421001991e-25,-1.6803004333341773e-26,2.0106288911298496e-25,-1.0950774168708881e-25,6.043498140235927e-26,-2.0077920840961554e-25,7.115947624312442e-27
0.2483030621790161,5.877356795930398e-05,0.0,0.0,0.0,0.0,0.0021541443456879815,0.0001232610945044993,0.00024656036576320027,0.0016718320790033942,0.0,6.561378328889571e-05,1.9472714949957465e-05,0.0,0.0,0.0,0.000294741813493986,0.0,0.0041459430878875445,0.000915860295636346,5.79665142110609e-05,0.00034523987757444855,0.0005539028567441057,0.0,0.0,0.0025179330418127525,0.00042436367983667586,0.0,0.002167945105918528,0.0008064441851030858,0.0027821336322829283,3.9951175233604595e-05,0.0016843263794092344,0.0001034288188373837,0.030445540984368573,0.0,0.003684249734342121,0.0,8.700427362599435e-05,0.0,0.0012570641595292897,4.7167540343955436e-05,9.951858902813602e-05,0.0,0.004219355911383242,1.0829067155044003e-05,0.0003415127543591667,0.0008706824571362778,0.0018524532362889706,0.0,0.0,0.002837389650641653,0.00011788405986645344,0.00030034694678552823,0.0036978172109373127,0.005062203235325179,0.0,0.0019013406075976047,4.353461399715719e-05,0.019976678536344827,0.00037110372638461014,0.0,0.00028273683103009333,0.0018601315110887266,0.004110181214608186,0.0011397375841520733,0.0015629119328292662,0.0006281294016684574,0.0025234627569825268,0.0027785317729287404,0.002617524071203555,0.0022741108511941895,0.0037247708075201853,0.0028913189396056007,0.0020671392011006556,0.00031697406536069134,0.004284226831080402,0.003554381561553654,0.0037249177207743615,0.002893223678455443,0.0018471520781851477,0.0018441273347642824,0.0,0.003291946933281019,3.297028153215657e-05,0.00888114063329622,2.1512286846873326e-06,0.0019702616682813335,0.00508734959995547,0.0014555942490738598,0.0018209873995535806,0.0016575384883211243,0.00030681636940658053,0.0017773206391390871,0.0025715615260565607,3.183576002003591e-05,0.0,0.0,0.0,7.542669459609029e-05,0.0,0.0,0.0,0.0,1.7825085095951844e-05,0.0032201588759841753,0.0014953494153139293,0.0,0.0003540808825656502,0.0008625720495911837,0.010254569909934565,0.0002060354329821524,0.005073161021617678,0.001349013811637349,0.00023062064868183422,0.0020925827174772134,0.0,0.00026326896096625393,0.0004166349467453104,0.0,0.0027018604148716886,0.007463067434925195,0.0009617623924303562,8.8141657348096e-05,0.00037603604606512253,0.0,0.0,0.00010380056581218979,0.0018103576664044124,0.0,0.002826876203920409,0.002160400105896704,0.0,0.0021988460498635035,0.0,0.008792769381431535,3.2104654842740406e-05,0.00021453429648270268,0.0,0.0,0.00039401311195724835,0.005427824692756817,0.0,0.00020250925698941884,0.00040954538082652226,0.0017651062798236213,0.0,0.0,0.00025267079103238,0.0002007370153711861,0.0,0.0023435240948827957,0.0030288638801389514,0.0,0.00787308050577581,0.00037325716507353947,4.212145496555817e-05,0.00022061486528267252,0.00017600156536691727,0.00027962820401457127,3.812286702402208e-05,9.280529545704756e-05,7.375577643290383e-05,0.0002626479227314627,0.00020995191471972748,0.0027504593174429077,0.00011388340399119027,3.025701890812468e-05,0.00012945784749875485,0.00014666954547779717,0.009634335005999962,6.592151499225336e-05,0.00018516447422411845,0.0047736640974383035,4.346358386969704e-06,0.00022495555020155577,0.00016762010687491628,0.0001839904655585094,9.954217688101788e-05,0.0002660033785469465,0.00015425658614997195,0.0001482697242332926,0.00012850764446557507,8.029807131314778e-05
0.1420482751475047,4.283469921589205e-26,0.0,0.0,0.0,0.0,0.004246979959842492,-2.0583940285125487e-26,3.1481015334401785e-25,0.0012218541553114244,0.0,3.362896225760476e-26,-5.26758042947712e-26,0.0,0.0,0.0,-1.4333708500887243e-25,0.0,0.008340839066908794,0.00035309266057164063,-2.813726541242281e-25,-1.957228895940559e-25,-1.844310234418997e-25,0.0,0.0,0.004033820848973373,-1.189251793377827e-25,0.0,0.0037220592750466016,5.662530292564093e-26,0.004168525854114557,-1.3594592873724449e-25,0.004931174834093418,-3.3939952104505217e-25,0.05145570708190971,0.0,0.00894941897844225,0.0,-3.9786929516630803e-26,0.0,-4.1024712617497413e-26,-5.57354109235035e-26,-3.7875634816590036e-25,0.0,0.006731669383594539,1.84037428085136e-27,-1.1360693248843539e-25,0.0003217459790529016,0.004638285328085828,0.0,0.0,0.00602030798636011,-1.3198515050242674e-25,1.3564243990929753e-25,0.007980321008825546,0.008748055724275722,0.0,0.0026556299793240503,-9.008876129338402e-26,0.04600620853257037,-5.134013045856738e-25,0.0,7.288375358573953e-26,0.00255433834131939,0.007398035271580966,0.0012015102339227967,0.0024447726396010527,-2.9507741885778493e-25,0.0038915260567189895,0.0056305718792267175,0.004555089508909878,-7.558346701126269e-25,0.006981511973173394,0.0071411619657821244,0.0029345735975471908,-2.7132851858779524e-25,0.009130088878523136,0.008239371194167573,0.0068705716489149355,0.005997385896627878,0.003760038422393545,0.0033492741737776556,0.0,0.006970194840174869,-7.55548419526443e-26,0.015594190812621408,1.5723355163819873e-08,0.003777169513769395,0.007480741167016985,0.0024042716890067366,0.003400413811275125,0.0022986172162470786,5.267558863165144e-26,0.0030445306805036054,0.00411095380806497,1.4754919436303188e-26,0.0,0.0,0.0,-7.413745412302625e-26,0.0,0.0,0.0,0.0,6.042934067422673e-28,0.006892260638838734,0.0022347567064408816,0.0,-7.122428967322319e-26,0.0012028279781143537,0.021179017748120775,-2.229314645724805e-25,0.012796186621851332,2.7654754223110622e-24,-2.311134213734887e-25,8.90212662797257e-25,0.0,2.2346778962728843e-25,-3.4897106837419553e-25,0.0,0.005014066147402332,0.012982860222539723,5.2360620304810765e-05,1.454727099804326e-25,3.183352402560371e-25,0.0,0.0,7.733760760672451e-26,0.003996985380637991,0.0,0.004730555975990995,0.004127293491330174,0.0,0.005301824187202482,0.0,0.015303186198814628,-3.981804766534068e-27,-1.7371077706782415e-25,0.0,0.0,-1.1090035171931193e-24,0.008317045477553141,0.0,-2.875943633468917e-26,-1.7329172270941776e-25,0.003650937975046648,0.0,0.0,-2.15552230781637e-25,9.540726547465941e-25,0.0,0.0051376575481582205,0.006292455303623693,0.0,0.013523995713828355,-1.648164597918596e-25,-1.542250294676484e-25,-1.4988122154665049e-25,-3.4035594509911967e-26,-6.144551701311278e-26,-3.6059425947228963e-26,4.530163871469102e-25,-5.064009271613787e-26,2.3758298730388104e-27,-2.8313199360377637e-25,0.006056282148680341,-3.9782133866484847e-25,-1.0306559523844507e-25,-1.5077874188564e-26,1.236552598591694e-25,0.02403083142689672,-2.400158795964136e-25,-1.1026059200182183e-25,0.012363405019982324,-5.352246618304697e-27,7.848449099853549e-26,1.4434291274022873e-25,-4.2470188669295743e-26,0.00015656002712960968,2.851224771416045e-25,2.5062366151323124e-25,-9.282511747185269e-26,6.403792018120037e-27,1.5906022401669827e-25
0.2483030621790161,5.877356795930398e-05,0.0,0.0,0.0,0.0,0.0021541443456879815,0.0001232610945044993,0.00024656036576320027,0.0016718320790033942,0.0,6.561378328889571e-05,1.9472714949957465e-05,0.0,0.0,0.0,0.000294741813493986,0.0,0.0041459430878875445,0.000915860295636346,5.79665142110609e-05,0.00034523987757444855,0.0005539028567441057,0.0,0.0,0.0025179330418127525,0.00042436367983667586,0.0,0.002167945105918528,0.0008064441851030858,0.0027821336322829283,3.9951175233604595e-05,0.0016843263794092344,0.0001034288188373837,0.030445540984368573,0.0,0.003684249734342121,0.0,8.700427362599435e-05,0.0,0.0012570641595292897,4.7167540343955436e-05,9.951858902813602e-05,0.0,0.004219355911383242,1.0829067155044003e-05,0.0003415127543591667,0.0008706824571362778,0.0018524532362889706,0.0,0.0,0.002837389650641653,0.00011788405986645344,0.00030034694678552823,0.0036978172109373127,0.005062203235325179,0.0,0.0019013406075976047,4.353461399715719e-05,0.019976678536344827,0.00037110372638461014,0.0,0.00028273683103009333,0.0018601315110887266,0.004110181214608186,0.0011397375841520733,0.0015629119328292662,0.0006281294016684574,0.0025234627569825268,0.0027785317729287404,0.002617524071203555,0.0022741108511941895,0.0037247708075201853,0.0028913189396056007,0.0020671392011006556,0.00031697406536069134,0.004284226831080402,0.003554381561553654,0.0037249177207743615,0.002893223678455443,0.0018471520781851477,0.0018441273347642824,0.0,0.003291946933281019,3.297028153215657e-05,0.00888114063329622,2.1512286846873326e-06,0.0019702616682813335,0.00508734959995547,0.0014555942490738598,0.0018209873995535806,0.0016575384883211243,0.00030681636940658053,0.0017773206391390871,0.0025715615260565607,3.183576002003591e-05,0.0,0.0,0.0,7.542669459609029e-05,0.0,0.0,0.0,0.0,1.7825085095951844e-05,0.0032201588759841753,0.0014953494153139293,0.0,0.0003540808825656502,0.0008625720495911837,0.010254569909934565,0.0002060354329821524,0.005073161021617678,0.001349013811637349,0.00023062064868183422,0.0020925827174772134,0.0,0.00026326896096625393,0.0004166349467453104,0.0,0.0027018604148716886,0.007463067434925195,0.0009617623924303562,8.8141657348096e-05,0.00037603604606512253,0.0,0.0,0.00010380056581218979,0.0018103576664044124,0.0,0.002826876203920409,0.002160400105896704,0.0,0.0021988460498635035,0.0,0.008792769381431535,3.2104654842740406e-05,0.00021453429648270268,0.0,0.0,0.00039401311195724835,0.005427824692756817,0.0,0.00020250925698941884,0.00040954538082652226,0.0017651062798236213,0.0,0.0,0.00025267079103238,0.0002007370153711861,0.0,0.0023435240948827957,0.0030288638801389514,0.0,0.00787308050577581,0.00037325716507353947,4.212145496555817e-05,0.00022061486528267252,0.00017600156536691727,0.00027962820401457127,3.812286702402208e-05,9.280529545704756e-05,7.375577643290383e-05,0.0002626479227314627,0.00020995191471972748,0.0027504593174429077,0.00011388340399119027,3.025701890812468e-05,0.00012945784749875485,0.00014666954547779717,0.009634335005999962,6.592151499225336e-05,0.00018516447422411845,0.0047736640974383035,4.346358386969704e-06,0.00022495555020155577,0.00016762010687491628,0.0001839904655585094,9.954217688101788e-05,0.0002660033785469465,0.00015425658614997195,0.0001482697242332926,0.00012850764446557507,8.029807131314778e-05
0.10888125368258342,-9.66448160530474e-26,0.0,0.0,0.0,0.0,0.003913751536807782,4.082890530370987e-06,6.026457758262914e-05,0.0034901765251187595,0.0,-1.291114000046734e-25,-1.59584605665275e-26,0.0,0.0,0.0,1.045687881915627e-27,0.0,0.004835023465592155,4.377335379913917e-25,5.6725731519762486e-27,6.772139631574545e-25,-2.232143088276166e-25,0.0,0.0,0.003532875801268505,-2.651808445035598e-25,0.0,0.004142137890175982,-3.7547169759363303e-25,0.0042454168343621914,-4.223459872272004e-25,0.0014464527030260525,9.776479647066571e-26,0.06983475281811499,0.0,0.004840664281613052,0.0,7.341018100272077e-27,0.0,-3.626951233530739e-25,-5.466587242421754e-25,-1.941312718669692e-26,0.0,0.008564492380699359,-2.5230746158448188e-26,5.363138395749933e-05,0.0008655901555773363,0.002755545611458254,0.0,0.0,0.0035080436338834316,-1.195919724079405e-25,2.5515215037698063e-26,0.0044722819991082526,0.010525907218988904,0.0,0.0025256583960896516,-4.5293743853272177e-26,0.02069283078355525,0.00021778290864109026,0.0,-8.77557662723684e-26,0.0032193364937967823,0.007491975329826473,0.002564301071043961,0.003679323165016208,-1.3796878515644358e-24,0.0035316620763114186,0.003835716872710971,0.0040168568286608735,0.00023644009333601923,0.003098981466648838,0.0030805284382654638,0.00289207537346262,2.6147304754871624e-25,0.005934312496135909,0.004827208243494604,0.0059774896031917005,0.003953842958115641,0.0027287538772977882,0.0023794713804093565,0.0,0.004941112114702515,-5.656043986629024e-26,0.013856148794002094,-1.0441782963712272e-27,0.002698340332240112,0.008520325562534438,0.002928850559243802,0.002697621497536553,0.0031615208553157186,-1.1023713396522833e-24,0.003260649374867756,0.004716503565687461,7.322892443150987e-27,0.0,0.0,0.0,-1.0401290775576498e-25,0.0,0.0,0.0,0.0,-8.48099780886367e-27,0.003864351812277774,0.0023816042971988873,0.0,-8.449341428335162e-26,0.0017876008237532103,0.01699953919093535,-3.6987556535833007e-25,0.005687758549415184,-1.6573610948563302e-26,-3.879364793618683e-25,0.0009736257207242605,0.0,-7.656104269896709e-26,9.331542374736023e-26,0.0,0.0036936414696263965,0.014418871081252331,5.5488840961346675e-06,-2.233828928107876e-25,-1.2833165260248094e-24,0.0,0.0,-1.650935503515238e-25,0.0023642470855087983,0.0,0.006716560643562336,0.0032996097597421037,0.0,0.0031058016361619604,0.0,0.02212038393998112,-7.196721321794727e-26,-1.6685501115349034e-25,0.0,0.0,4.051841764113531e-25,0.00922996276468552,0.0,6.319886633199967e-25,4.0056256984729253e-25,0.0022230053182975425,0.0,0.0,-5.4745098565976395e-25,-1.427499612438835e-25,0.0,0.003795316150403449,0.004004494370497632,0.0,0.014742830768967463,0.0004185109333769357,-7.215104060525028e-26,-5.910126519300733e-26,-4.641549364883972e-25,-6.042863532013494e-25,5.1824459650860225e-05,-4.876410871965229e-25,-1.268826527882584e-25,-5.57525138066496e-25,4.444383420018117e-05,0.004580331386691818,8.261492360142637e-05,-3.092503469205211e-26,-2.355096074792672e-25,-1.1881213211169084e-25,0.020808739209431087,1.166594098926887e-25,-9.080335720106644e-25,0.00616206042712322,6.637173363792695e-06,-7.510112282954776e-26,-1.2537062453677717e-25,-1.5076563696588277e-25,-2.4767279217209723e-26,-1.6303527988788109e-25,-2.2667345695395454e-25,-1.1154593060010108e-25,-2.245618568106511e-25,1.1721154129262018e-05
0.4362241080493406,0.0,0.0,0.0,0.0,0.0,3.2034089109418456e-27,0.0,0.0,-4.598067555183423e-27,0.0,0.0,2.8115223606814912e-27,0.0,0.0,0.0,0.0,0.0,1.737349524916056e-27,4.070827664279349e-26,0.0,0.0,6.310515343506946e-27,0.0,0.0,8.200795664548461e-07,4.2163834511763745e-05,0.0,0.0,0.0,-2.4349830926591976e-26,0.0,1.2042721699817042e-06,0.0,3.420869614938305e-07,0.0,5.329738186028483e-07,0.0,0.0,0.0,0.0,0.0,0.0,0.0,2.536588473201587e-27,0.0,-6.367769418296716e-27,0.0,-2.617299287108648e-27,0.0,0.0,1.6349099207062876e-27,0.0,0.0,6.572014727668876e-06,-1.4698802546452317e-27,0.0,1.1179045700147143e-26,-2.9361459660143027e-27,0.0,8.880661280013775e-27,0.0,0.0,-2.7160451392471673e-27,4.735183017865053e-07,1.8652906400134345e-06,3.750917585394337e-27,-1.8432776521290813e-26,0.0,3.5244449477318167e-06,6.584887301398199e-06,0.0,1.8717706688357747e-26,-7.474554551245694e-29,9.160082696522887e-06,0.0,0.0,1.2861878930189202e-05,4.927552055534013e-07,-1.3059952475880456e-27,1.1495831637380926e-27,3.5378825015768434e-28,0.0,5.346580497247482e-28,0.0,7.854704061263037e-06,0.0,7.421738743294504e-06,1.8498300266998723e-27,-1.4146035659100865e-28,6.880377541915248e-06,1.0190315795349932e-06,0.0,7.292798729268723e-06,0.0,0.0,0.0,0.0,0.0,1.8583433496402425e-27,0.0,0.0,0.0,0.0,0.0,-2.7958165122703076e-27,0.0,0.0,0.0,8.286859498344797e-06,1.2448497570067588e-05,0.0,3.10353733484477e-06,0.0,1.9790717408470387e-26,0.0,0.0,1.4403867810055543e-26,0.0,0.0,0.0,2.095341419825299e-05,0.0,0.0,2.0634912294337448e-05,0.0,0.0,0.0,2.788603695884365e-07,0.0,4.875091738317699e-27,1.5076725262799266e-27,0.0,-2.1518418933888478e-27,0.0,1.73210540052759e-05,3.840240452482167e-06,0.0,0.0,0.0,-1.3399967390959476e-26,-9.102548639210145e-27,0.0,0.0,0.0,0.0,0.0,0.0,9.562840314337873e-28,0.0,0.0,2.0722167779387255e-27,0.0,0.0,5.5430236601386314e-27,1.4694287346327236e-05,1.5251794843385802e-05,0.0,0.0,-8.599216719807948e-28,-4.553777152133088e-28,0.0,6.625510743060809e-27,0.0,6.800145139934512e-06,-1.013531818947307e-27,4.465542838080559e-27,2.2111585732798343e-06,-1.9634067282947028e-26,-1.2071364327824504e-27,4.3187698319086775e-26,6.994146256768763e-27,-1.0573238177889099e-26,2.607405885543127e-05,3.0862906315361558e-06,2.997298132703192e-26,5.8137460818309146e-27,-2.643444717914636e-27,0.0,-6.3797832634710945e-28,5.799283557817758e-28,1.4580994534883087e-26,5.0548180760941205e-27,-2.9303613768352075e-28
0.4694348743750994,3.160412855081614e-05,0.0,0.0,0.0,0.0,0.0020118309716316055,-9.640284097626473e-26,0.0,0.004059711724607914,0.0,-9.95958201020478e-25,0.0,0.0,0.0,0.0,0.005046629143924384,0.0,0.00033051169068221316,0.011751613900074348,0.0004040656383832583,0.007855822453824546,0.0,0.0,0.0,0.00487262684103572,0.0,0.0,0.008462199570472206,0.0002149931313699948,-1.3817527616719837e-24,-1.3948205417394395e-25,0.0010200111929882737,-3.347128736425912e-25,0.01315703558008315,0.0,7.568952254654348e-05,0.0,5.7128382703059414e-05,0.0,-4.64598202680478e-24,-7.581084776269631e-25,0.0004378448305333681,0.0,0.0007612026617580682,5.87719189267885e-26,0.0,0.0011296116051363063,0.0008120501717714272,0.0,0.0,0.003011994601431108,0.0003803764890875987,0.0032832713372022955,0.0013097016926861451,0.0020830260520629785,0.0,0.0018332724221538342,0.0,0.019745857156067068,0.0006812389207708354,0.0,0.0017144037172996138,0.0005595787341049363,0.0026326011005979293,0.0007377901968147113,8.53952168497812e-06,0.004398086588189399,6.393004392754793e-26,0.0029633813672393203,0.00403613388982443,0.02588048981573643,0.003199651757494768,-1.3088060003822223e-24,0.0011757615609978946,0.0013806683204480785,0.004236696349755173,0.0020616179855291366,7.586740281313164e-05,0.0029000904272974315,0.00013926627886909508,0.0008848271955290609,0.0,0.0035015069493688523,0.0002612253765230143,0.0008888569489037448,-3.774990719308898e-27,0.0003458500307943916,3.618854132192148e-24,0.0009289945808679176,0.0010665533270963964,0.0005336354954964249,0.0021738091381027836,0.0005802885747488816,0.0053227426718739715,-3.648741061051775e-26,0.0,0.0,0.0,0.0,0.0,0.0,0.0,0.0,-2.406577209114767e-26,0.004654967726275608,-1.2677906576050598e-25,0.0,0.0043977279922317565,0.00020843945798280794,-1.3233354334962984e-24,0.0030336282641974604,-1.2412977042296444e-25,0.0047662309889676905,0.0,0.006301017865565224,0.0,0.0,0.0007739286718641338,0.0,-1.2817279757156724e-24,8.025340118356043e-05,0.0,2.900358540220312e-25,-2.458862144287511e-25,0.0,0.0,0.00045922254257627006,5.947448440968453e-25,0.0,0.0002694551725820164,-4.156994072711057e-25,0.0,0.00048138125657051756,0.0,0.0014749351288420288,0.0,0.002539500264331544,0.0,0.0,0.0008223639928881592,0.0027034956827527586,0.0,7.501930730621219e-25,0.0007945621474000704,0.004715065189071172,0.0,0.0,0.003587020205511138,1.7273135589039252e-26,0.0,0.0,-2.1971478739113663e-26,0.0,0.0028597948273285656,0.0,0.0,0.005296623513265091,0.0030957018924139923,0.0009960066690607847,0.0,1.4451933847464754e-24,0.0,0.0013330022794145657,0.0,0.0033864163392255493,0.0,0.0,0.0,0.0,5.518386834603217e-31,0.0,0.0,0.00047672753115491506,0.0,0.0,0.0,0.0,0.0,0.0,0.0,0.0,0.0,0.0
0.2483030621790161,5.877356795930398e-05,0.0,0.0,0.0,0.0,0.0021541443456879815,0.0001232610945044993,0.00024656036576320027,0.0016718320790033942,0.0,6.561378328889571e-05,1.9472714949957465e-05,0.0,0.0,0.0,0.000294741813493986,0.0,0.0041459430878875445,0.000915860295636346,5.79665142110609e-05,0.00034523987757444855,0.0005539028567441057,0.0,0.0,0.0025179330418127525,0.00042436367983667586,0.0,0.002167945105918528,0.0008064441851030858,0.0027821336322829283,3.9951175233604595e-05,0.0016843263794092344,0.0001034288188373837,0.030445540984368573,0.0,0.003684249734342121,0.0,8.700427362599435e-05,0.0,0.0012570641595292897,4.7167540343955436e-05,9.951858902813602e-05,0.0,0.004219355911383242,1.0829067155044003e-05,0.0003415127543591667,0.0008706824571362778,0.0018524532362889706,0.0,0.0,0.002837389650641653,0.00011788405986645344,0.00030034694678552823,0.0036978172109373127,0.005062203235325179,0.0,0.0019013406075976047,4.353461399715719e-05,0.019976678536344827,0.00037110372638461014,0.0,0.00028273683103009333,0.0018601315110887266,0.004110181214608186,0.0011397375841520733,0.0015629119328292662,0.0006281294016684574,0.0025234627569825268,0.0027785317729287404,0.002617524071203555,0.0022741108511941895,0.0037247708075201853,0.0028913189396056007,0.0020671392011006556,0.00031697406536069134,0.004284226831080402,0.003554381561553654,0.0037249177207743615,0.002893223678455443,0.0018471520781851477,0.0018441273347642824,0.0,0.003291946933281019,3.297028153215657e-05,0.00888114063329622,2.1512286846873326e-06,0.0019702616682813335,0.00508734959995547,0.0014555942490738598,0.0018209873995535806,0.0016575384883211243,0.00030681636940658053,0.0017773206391390871,0.0025715615260565607,3.183576002003591e-05,0.0,0.0,0.0,7.542669459609029e-05,0.0,0.0,0.0,0.0,1.7825085095951844e-05,0.0032201588759841753,0.0014953494153139293,0.0,0.0003540808825656502,0.0008625720495911837,0.010254569909934565,0.0002060354329821524,0.005073161021617678,0.001349013811637349,0.00023062064868183422,0.0020925827174772134,0.0,0.00026326896096625393,0.0004166349467453104,0.0,0.0027018604148716886,0.007463067434925195,0.0009617623924303562,8.8141657348096e-05,0.00037603604606512253,0.0,0.0,0.00010380056581218979,0.0018103576664044124,0.0,0.002826876203920409,0.002160400105896704,0.0,0.0021988460498635035,0.0,0.008792769381431535,3.2104654842740406e-05,0.00021453429648270268,0.0,0.0,0.00039401311195724835,0.005427824692756817,0.0,0.00020250925698941884,0.00040954538082652226,0.0017651062798236213,0.0,0.0,0.00025267079103238,0.0002007370153711861,0.0,0.0023435240948827957,0.0030288638801389514,0.0,0.00787308050577581,0.00037325716507353947,4.212145496555817e-05,0.00022061486528267252,0.00017600156536691727,0.00027962820401457127,3.812286702402208e-05,9.280529545704756e-05,7.375577643290383e-05,0.0002626479227314627,0.00020995191471972748,0.0027504593174429077,0.00011388340399119027,3.025701890812468e-05,0.00012945784749875485,0.00014666954547779717,0.009634335005999962,6.592151499225336e-05,0.00018516447422411845,0.0047736640974383035,4.346358386969704e-06,0.00022495555020155577,0.00016762010687491628,0.0001839904655585094,9.954217688101788e-05,0.0002660033785469465,0.00015425658614997195,0.0001482697242332926,0.00012850764446557507,8.029807131314778e-05
0.2483030621790161,5.877356795930398e-05,0.0,0.0,0.0,0.0,0.0021541443456879815,0.0001232610945044993,0.00024656036576320027,0.0016718320790033942,0.0,6.561378328889571e-05,1.9472714949957465e-05,0.0,0.0,0.0,0.000294741813493986,0.0,0.0041459430878875445,0.000915860295636346,5.79665142110609e-05,0.00034523987757444855,0.0005539028567441057,0.0,0.0,0.0025179330418127525,0.00042436367983667586,0.0,0.002167945105918528,0.0008064441851030858,0.0027821336322829283,3.9951175233604595e-05,0.0016843263794092344,0.0001034288188373837,0.030445540984368573,0.0,0.003684249734342121,0.0,8.700427362599435e-05,0.0,0.0012570641595292897,4.7167540343955436e-05,9.951858902813602e-05,0.0,0.004219355911383242,1.0829067155044003e-05,0.0003415127543591667,0.0008706824571362778,0.0018524532362889706,0.0,0.0,0.002837389650641653,0.00011788405986645344,0.00030034694678552823,0.0036978172109373127,0.005062203235325179,0.0,0.0019013406075976047,4.353461399715719e-05,0.019976678536344827,0.00037110372638461014,0.0,0.00028273683103009333,0.0018601315110887266,0.004110181214608186,0.0011397375841520733,0.0015629119328292662,0.0006281294016684574,0.0025234627569825268,0.0027785317729287404,0.002617524071203555,0.0022741108511941895,0.0037247708075201853,0.0028913189396056007,0.0020671392011006556,0.00031697406536069134,0.004284226831080402,0.003554381561553654,0.0037249177207743615,0.002893223678455443,0.0018471520781851477,0.0018441273347642824,0.0,0.003291946933281019,3.297028153215657e-05,0.00888114063329622,2.1512286846873326e-06,0.0019702616682813335,0.00508734959995547,0.0014555942490738598,0.0018209873995535806,0.0016575384883211243,0.00030681636940658053,0.0017773206391390871,0.0025715615260565607,3.183576002003591e-05,0.0,0.0,0.0,7.542669459609029e-05,0.0,0.0,0.0,0.0,1.7825085095951844e-05,0.0032201588759841753,0.0014953494153139293,0.0,0.0003540808825656502,0.0008625720495911837,0.010254569909934565,0.0002060354329821524,0.005073161021617678,0.001349013811637349,0.00023062064868183422,0.0020925827174772134,0.0,0.00026326896096625393,0.0004166349467453104,0.0,0.0027018604148716886,0.007463067434925195,0.0009617623924303562,8.8141657348096e-05,0.00037603604606512253,0.0,0.0,0.00010380056581218979,0.0018103576664044124,0.0,0.002826876203920409,0.002160400105896704,0.0,0.0021988460498635035,0.0,0.008792769381431535,3.2104654842740406e-05,0.00021453429648270268,0.0,0.0,0.00039401311195724835,0.005427824692756817,0.0,0.00020250925698941884,0.00040954538082652226,0.0017651062798236213,0.0,0.0,0.00025267079103238,0.0002007370153711861,0.0,0.0023435240948827957,0.0030288638801389514,0.0,0.00787308050577581,0.00037325716507353947,4.212145496555817e-05,0.00022061486528267252,0.00017600156536691727,0.00027962820401457127,3.812286702402208e-05,9.280529545704756e-05,7.375577643290383e-05,0.0002626479227314627,0.00020995191471972748,0.0027504593174429077,0.00011388340399119027,3.025701890812468e-05,0.00012945784749875485,0.00014666954547779717,0.009634335005999962,6.592151499225336e-05,0.00018516447422411845,0.0047736640974383035,4.346358386969704e-06,0.00022495555020155577,0.00016762010687491628,0.0001839904655585094,9.954217688101788e-05,0.0002660033785469465,0.00015425658614997195,0.0001482697242332926,0.00012850764446557507,8.029807131314778e-05
0.27153766736039103,4.729650230089927e-26,0.0,0.0,0.0,0.0,0.0002657374798572557,6.094383163785076e-05,0.0008961230881166946,4.107321106680123e-25,0.0,-1.5747730469163377e-25,-8.639172338772484e-26,0.0,0.0,0.0,0.0015169987236803711,0.0,0.0007900890992105311,0.0005219027586306005,3.8609295539549324e-05,2.2309206033090137e-25,0.0006992143083605391,0.0,0.0,0.0008171151521474411,0.0014225421087389015,0.0,0.0007075714563863652,1.5426367929996693e-25,5.915613521222e-26,-6.957756281255224e-25,0.0005954081498598388,3.4548578749156726e-26,2.9268753084486975e-26,0.0,0.00017367636973764309,0.0,1.823322740706955e-06,0.0,7.849322944162221e-25,-2.486245000177203e-25,7.264361953744672e-05,0.0,0.0008177419978025394,-1.7795795844267383e-26,0.0010728807179905967,7.166886870873138e-25,0.00027187192819470694,0.0,0.0,0.0003102763018101512,0.00014003514891533844,0.00017782008074548715,0.0011492040346632933,-4.365779054424909e-25,0.0,3.3572741775588246e-26,-1.3362773391378935e-25,-4.277861619930326e-25,-2.8481038631768523e-25,0.0,-3.409419101176941e-25,0.00037472832112742614,0.0006809909310556879,0.0006045451874221101,4.554043980000537e-25,0.0014211143864687752,0.00020181929765191698,0.0019288875225358271,0.001016631922274865,8.412228571204155e-06,0.0004147272633479326,0.0007476742971666644,0.00024735571064138124,0.000368645175982505,-8.082191460717123e-27,-9.886373729146317e-25,0.0014846365203803945,0.0016177279912800559,0.00017775415048074044,0.0005246630869859933,0.0,0.0006417015154331606,0.00017890630754155786,0.0011625598318507114,7.321627290769436e-28,0.0005687014604004879,0.002320310311887854,0.0003468810787094533,0.0005014723960674088,-3.956513688700424e-25,0.00019743216105823008,9.350490721769411e-05,4.845076031541469e-26,-1.2518875502682437e-25,0.0,0.0,0.0,0.00028719045414763404,0.0,0.0,0.0,0.0,4.393351088887216e-27,0.0008589203651106989,0.0006115411522657936,0.0,-5.3002744264665246e-27,8.459081138332927e-05,2.491828922996173e-24,-3.8728850163430903e-25,-5.210487756523389e-25,2.3978466598118936e-25,0.000468890390361315,-1.4772119594935594e-24,0.0,0.0013749194272888584,2.1791381534619455e-25,0.0,1.3225513954754157e-25,-9.753655201712519e-25,0.0016848003849969004,-2.927249968927227e-25,-5.247991576530344e-25,0.0,0.0,-1.0983249568745007e-24,0.0007945756614733001,0.0,0.00024275357390653724,0.0009294758926774677,0.0,8.827201761857919e-05,0.0,-5.89783841447133e-25,0.00013297471687635106,-1.2733265445977387e-25,0.0,0.0,0.00259802948584854,0.000751021521460491,0.0,0.001445276388624197,2.9106248935885536e-25,6.6915900163695e-25,0.0,0.0,0.00016146145473481301,-3.3256342390658514e-25,0.0,0.000603745211536147,-5.359060765819341e-27,0.0,0.0017764409477691034,1.3617919085853106e-05,0.0005295351684611079,0.0,8.272576080996595e-26,0.0014715358628326245,0.00018482647401790633,-1.2906290770666215e-25,0.0005323722857164485,-9.448872319052248e-25,0.0005641339414581379,0.00020261471934627848,0.0006640640934357663,5.9824982672038205e-05,-1.2737225962265857e-25,0.0002848160346908495,0.0008035976853328177,7.1552244797612015e-25,-6.4431195613122035e-25,0.0007706615836198672,9.272065883698981e-05,0.0005391588244882759,0.0006173071813274937,0.0008618020763739722,-3.103242218072139e-27,0.0008463142212099657,0.0008356813953992026,0.0006141164404451719,-8.662283700090057e-26,0.0005115294913658838
0.15716099648324683,-3.436894959957723e-30,0.0,0.0,0.0,0.0,0.0037628149821152517,6.6261441836087e-26,4.706063434844262e-25,0.0028746632996445405,0.0,-1.5731739932739034e-25,1.360688523799454e-25,0.0,0.0,0.0,5.3481477273074e-25,0.0,0.008574499401702362,0.0011188375189623773,1.7914866668650035e-25,1.4426499006396082e-25,1.6287056299349234e-24,0.0,0.0,0.004025714409648001,8.715874219018533e-25,0.0,0.003144506967876629,0.00045620463676420206,0.005763400840895829,3.5598765415341907e-26,0.0019084332649852251,7.9170246146501875e-25,0.07087731894121074,0.0,0.004501140780976193,0.0,4.095249463577163e-26,0.0,6.333526307869011e-25,3.225428157156265e-26,4.591422601061893e-25,0.0,0.005467782934536862,4.848484271346018e-26,1.7515224199367328e-05,0.004261490169927623,0.0025403720793935242,0.0,0.0,0.00393036235951641,2.288784229612711e-25,2.0154686402717605e-24,0.005326783091730957,0.010994542187051901,0.0,0.003634384453532477,2.281790111772916e-25,0.02212293322990127,2.1325696063995456e-24,0.0,1.1970694250406625e-24,0.0030464251427305823,0.010558942493646287,0.002341267411202363,0.0041019475248910316,1.9531221432491335e-24,0.0020536136871573967,0.0035510641277337117,0.005769475072110394,0.002394513066904005,0.008537763138000087,0.004594971865480402,0.002972677219995805,7.039359754493553e-25,0.006049274466265171,0.005934275703147352,0.005756103111473686,0.0036138952708205294,0.002321169620276468,0.003350521060373588,0.0,0.003926551643905773,1.2289665062273878e-25,0.022215551618190593,5.227612005230632e-27,0.0038489919883390104,0.00826556425615958,0.003213672112794283,0.0027401517875547824,0.0029171926726883884,8.818287755994378e-25,0.0044717291598443416,0.005114828743102724,2.981666809074582e-26,0.0,0.0,0.0,3.4266972580606825e-25,0.0,0.0,0.0,0.0,1.5866786836922864e-26,0.004188291987456647,0.0036785757239779747,0.0,0.0007233715989854704,0.0016157559294973267,0.013629753074820585,4.072252297128728e-25,0.005236379573705597,-1.8787938371455652e-24,0.00021941410830041326,0.0005125376789274869,0.0,0.0001719375307284377,1.167601691518809e-24,0.0,0.005609650675747428,0.01240282908495924,1.1316612454383482e-24,5.813664768507721e-25,0.0002854274316521833,0.0,0.0,3.0734433245550986e-25,0.0025587213471686505,0.0,0.0041978609493682284,0.003709947490581039,0.0,0.003906552697287453,0.0,0.017266137817801397,1.9859952348701857e-05,1.6765429391234377e-25,0.0,0.0,1.0987198791885804e-24,0.015979689458989567,0.0,2.645281309796932e-25,4.602559930194842e-25,0.004931539541055762,0.0,0.0,5.791770987911389e-26,4.143693894194684e-25,0.0,0.0046390636787300155,0.008332891318929076,0.0,0.016005900403992447,1.7492960342541354e-05,1.912077992699893e-25,1.9302602493547505e-25,-2.6520430143696204e-25,2.2826444747520487e-24,5.186202103675014e-05,3.8313380644071203e-25,4.268560780287894e-25,6.921838448077111e-25,9.127178949801386e-26,0.007844991723043555,3.039099806700784e-26,1.9659437712964625e-05,2.436122032737857e-25,9.833584442968034e-05,0.014470841130824813,2.5648110061654827e-27,1.736042693316248e-24,0.0060740697114328125,1.931650297866065e-26,2.8271423657829833e-25,3.2689771322099975e-25,2.4759407526789627e-25,1.4441797237366018e-25,0.0001472801941411215,4.537390048353476e-25,5.022826064363665e-25,1.551528297516926e-25,4.107629186188799e-25
0.2483030621790161,5.877356795930398e-05,0.0,0.0,0.0,0.0,0.0021541443456879815,0.0001232610945044993,0.00024656036576320027,0.0016718320790033942,0.0,6.561378328889571e-05,1.9472714949957465e-05,0.0,0.0,0.0,0.000294741813493986,0.0,0.0041459430878875445,0.000915860295636346,5.79665142110609e-05,0.00034523987757444855,0.0005539028567441057,0.0,0.0,0.0025179330418127525,0.00042436367983667586,0.0,0.002167945105918528,0.0008064441851030858,0.0027821336322829283,3.9951175233604595e-05,0.0016843263794092344,0.0001034288188373837,0.030445540984368573,0.0,0.003684249734342121,0.0,8.700427362599435e-05,0.0,0.0012570641595292897,4.7167540343955436e-05,9.951858902813602e-05,0.0,0.004219355911383242,1.0829067155044003e-05,0.0003415127543591667,0.0008706824571362778,0.0018524532362889706,0.0,0.0,0.002837389650641653,0.00011788405986645344,0.00030034694678552823,0.0036978172109373127,0.005062203235325179,0.0,0.0019013406075976047,4.353461399715719e-05,0.019976678536344827,0.00037110372638461014,0.0,0.00028273683103009333,0.0018601315110887266,0.004110181214608186,0.0011397375841520733,0.0015629119328292662,0.0006281294016684574,0.0025234627569825268,0.0027785317729287404,0.002617524071203555,0.0022741108511941895,0.0037247708075201853,0.0028913189396056007,0.0020671392011006556,0.00031697406536069134,0.004284226831080402,0.003554381561553654,0.0037249177207743615,0.002893223678455443,0.0018471520781851477,0.0018441273347642824,0.0,0.003291946933281019,3.297028153215657e-05,0.00888114063329622,2.1512286846873326e-06,0.0019702616682813335,0.00508734959995547,0.0014555942490738598,0.0018209873995535806,0.0016575384883211243,0.00030681636940658053,0.0017773206391390871,0.0025715615260565607,3.183576002003591e-05,0.0,0.0,0.0,7.542669459609029e-05,0.0,0.0,0.0,0.0,1.7825085095951844e-05,0.0032201588759841753,0.0014953494153139293,0.0,0.0003540808825656502,0.0008625720495911837,0.010254569909934565,0.0002060354329821524,0.005073161021617678,0.001349013811637349,0.00023062064868183422,0.0020925827174772134,0.0,0.00026326896096625393,0.0004166349467453104,0.0,0.0027018604148716886,0.007463067434925195,0.0009617623924303562,8.8141657348096e-05,0.00037603604606512253,0.0,0.0,0.00010380056581218979,0.0018103576664044124,0.0,0.002826876203920409,0.002160400105896704,0.0,0.0021988460498635035,0.0,0.008792769381431535,3.2104654842740406e-05,0.00021453429648270268,0.0,0.0,0.00039401311195724835,0.005427824692756817,0.0,0.00020250925698941884,0.00040954538082652226,0.0017651062798236213,0.0,0.0,0.00025267079103238,0.0002007370153711861,0.0,0.0023435240948827957,0.0030288638801389514,0.0,0.00787308050577581,0.00037325716507353947,4.212145496555817e-05,0.00022061486528267252,0.00017600156536691727,0.00027962820401457127,3.812286702402208e-05,9.280529545704756e-05,7.375577643290383e-05,0.0002626479227314627,0.00020995191471972748,0.0027504593174429077,0.00011388340399119027,3.025701890812468e-05,0.00012945784749875485,0.00014666954547779717,0.009634335005999962,6.592151499225336e-05,0.00018516447422411845,0.0047736640974383035,4.346358386969704e-06,0.00022495555020155577,0.00016762010687491628,0.0001839904655585094,9.954217688101788e-05,0.0002660033785469465,0.00015425658614997195,0.0001482697242332926,0.00012850764446557507,8.029807131314778e-05
0.14405564202287,0.0001857932690741462,0.0,0.0,0.0,0.0,0.0016396374595156647,-3.427463850914515e-26,0.0,-3.561862742548492e-25,0.0,-5.611211760745706e-25,0.0,0.0,0.0,0.0,0.0034129964667346593,0.0,0.002487692836477798,0.0013670534050554267,2.1586443429542923e-25,0.0003517475749898796,0.0,0.0,0.0,-1.5492114044608696e-25,0.0,0.0,-1.0905138996274982e-24,0.0017708835344905501,0.00044210594849808426,-1.474807861162158e-25,-8.52569062216941e-26,1.6341439088505488e-24,-8.865411888120449e-26,0.0,2.661816117788442e-05,0.0,3.497211638577697e-26,0.0,-2.5166010577766463e-24,0.00047481628976776873,-2.688743081541791e-25,0.0,0.0,2.6880828283721754e-26,0.0,-6.194004689106017e-25,0.00018495562729543553,0.0,0.0,0.00021378000790573542,3.620321104934648e-05,1.8621669892931423e-05,1.6654114364136455e-06,-4.756538429236633e-25,0.0,0.0004921209880105528,0.0,1.3326291845307316e-24,-7.727136206191992e-25,0.0,0.0003154601955412956,1.546035725757313e-05,0.000317157578521941,-1.5278406605766501e-25,0.0001581259609107316,0.0010403534984621495,0.0022817858123436994,0.00044128252506763426,0.0019051255165172397,-1.8509012832284965e-25,-1.6068236864977016e-24,-1.4860775765754967e-25,-4.408756434732333e-25,0.0006996862288019483,0.0003837436287143982,0.000536466014157688,0.00010465115790127182,0.00036130740594149743,-1.0625498841245962e-25,0.0013180526238297872,0.0,-3.9672273629522533e-25,0.00041576473920752196,0.0,2.4805683285852296e-07,3.510542035920836e-05,0.002202137425461259,7.721533082396035e-05,0.00028068101470077686,3.969698437675379e-06,-7.857462695171459e-25,0.00034555012407710707,0.00012047183249403704,-3.148892315118438e-25,0.0,0.0,0.0,0.0,0.0,0.0,0.0,0.0,1.549277493889686e-26,6.423468642435524e-26,0.00022674310606663644,0.0,0.00030612861149890156,-5.757768534336532e-25,0.0008688496909106242,0.000519229504999669,3.115530936170198e-25,-1.623893836064143e-24,0.0,-2.979878684850304e-25,0.0,0.0,0.003298926205679744,0.0,-4.540944338308469e-25,0.00017845357760749782,0.0,-1.2741000101237322e-24,-6.644387639677888e-25,0.0,0.0,-3.6364325655604903e-25,-1.1699803377427171e-25,0.0,-3.7075846059408986e-25,0.0003184661106374057,0.0,0.000162815246734615,0.0,-1.9151477440482355e-25,0.0,-2.2705383775821787e-25,0.0,0.0,9.21567977143498e-05,0.0005367884868272948,0.0,0.0006959072362605278,0.006939609471439635,0.0005813888718109116,0.0,0.0,0.0009619164525173795,-1.8020337837169855e-25,0.0,0.0,-5.87829012681166e-27,0.0,0.00041956766591864957,0.0,0.0,0.00021291073336119967,-7.039647132608873e-26,0.0007560703907974847,0.0,0.0002952190231881909,0.0,0.0029426687380070277,0.0,-1.6132618998715645e-25,0.0,0.0,0.0,0.0,1.0724919883888346e-54,0.0,0.0,0.0,0.0,0.0,0.0,0.0,0.0,0.0,0.0,0.0,0.0,0.0
0.06768665693774306,0.0006477233933730324,0.0,0.0,0.0,0.0,9.664512960867032e-05,0.00036112786215808227,0.0,-7.229076255867652e-25,0.0,6.971766338751603e-05,0.0,0.0,0.0,0.0,5.348444839772041e-27,0.0,8.455493404536956e-26,0.0001911585895668018,0.00045581301859815113,-2.7089663302111685e-25,0.0,0.0,0.0,0.0018803281176681856,0.0,0.0,0.0011403394538275018,0.0012366545724298158,0.00021938521697704373,3.5767553324820667e-05,3.03546019305704e-26,0.000310443008340848,0.0013172235134207635,0.0,-2.818439131171822e-26,0.0,0.0003421336371406346,0.0,-1.750647828942212e-24,0.00015485257986946118,6.377000529344074e-05,0.0,0.0,3.042832371114592e-26,0.0,0.0001619427116618048,0.00033644981488201685,0.0,0.0,0.0005217775103815756,0.00020021651946783422,-2.974489323971837e-26,6.301416366841677e-05,0.00015782584032897836,0.0,2.5474605074977437e-05,0.0,8.755079557208178e-26,4.7547865611232036e-05,0.0,0.0003052301440507063,9.342295034240656e-05,0.00040410702537733816,6.807459857021978e-05,0.0002799643581324391,6.592024090658416e-05,5.424662022320042e-05,-4.3162320858203803e-26,0.0005136858861277026,0.0,0.00015001203752091217,0.0005827427873670265,-1.579838512728397e-25,-8.20451693473045e-26,0.0002229559517532347,0.00011749042628952636,-6.547388830963275e-26,0.00016650293603641262,3.951974396479153e-05,0.0004903438897330606,0.0,1.62715660666529e-25,0.0003072537290015106,0.0,-1.6824601939711747e-28,0.0001593434833307586,2.0261723862358008e-25,0.00011289282543017885,0.0,0.00032385828598583235,0.0006284767391233154,-1.6834467963066027e-25,-1.6268169204616764e-25,0.00016065395764695565,0.0,0.0,0.0,0.0,0.0,0.0,0.0,0.0,6.537335202721875e-06,1.8968452901213964e-05,0.00016520963293915295,0.0,0.0,7.18898897438451e-26,0.00033360097327395116,0.0001298680016670787,0.00026884772516525327,0.0009386461040527272,0.0,0.0017414299262165285,0.0,0.0,1.2995839153154356e-27,0.0,0.00043520995379892606,0.0002950965340200138,0.0,0.00045170469384375256,-1.0004045554871115e-25,0.0,0.0,0.00019888131057813733,9.540250962695977e-27,0.0,2.3787417142743915e-05,-2.469518364787301e-26,0.0,0.00022747821329789032,0.0,0.00013984278971403233,0.0,2.1405105324255244e-05,0.0,0.0,2.8920651415599803e-25,-2.7053956721298667e-25,0.0,0.00015229170173230875,0.0008732987238166753,-7.146069583838802e-26,0.0,0.0,7.639306630867945e-06,-2.1483469586003704e-25,0.0,0.0,-1.2858650408257682e-25,0.0,-1.116887888638454e-25,0.0,0.0,0.0,0.00013047724803876554,6.201331382755688e-26,0.0,8.940661373922242e-26,0.0,-1.3449129101643663e-25,0.0,8.282407439213609e-05,0.0,0.0,0.0,0.0,0.0,0.0,0.0,0.0,0.0,0.0,0.0,0.0,0.0,0.0,0.0,0.0,0.0,0.0
0.16746432017129265,-3.714649057748862e-26,0.0,0.0,0.0,0.0,0.004048320030207562,-1.7152984745216348e-28,0.0,0.003878925646242381,0.0,1.2360391752401037e-25,0.0,0.0,0.0,0.0,2.7898126764410214e-05,0.0,0.012276301151153484,0.000149544615713589,-1.8847109301114202e-25,2.5960444065927044e-25,0.0,0.0,0.0,0.004713222160275125,0.0,0.0,0.004681625918444458,-7.4610751752343995e-25,0.0064875012803758,-1.7505579192684605e-26,0.002513108966818451,3.068865509591398e-25,0.10810406518255687,0.0,0.005186024252008534,0.0,-7.286180492742088e-27,0.0,-1.958420380989278e-24,-1.9285075883734946e-26,-2.1505395332145246e-25,0.0,0.012972981327007827,2.8546003375740548e-05,0.0,0.0002723603999239293,0.004604394989478484,0.0,0.0,0.008098132426180514,-1.9077096832643584e-25,-2.166676655427237e-25,0.009588387968025254,0.016249389750243957,0.0,0.005348682579811219,0.0,0.044444685347001085,-1.388734010913666e-24,0.0,1.52658412274475e-25,0.00457609187144201,0.0063411853579282305,0.0010606821947756716,0.0039040475724714226,-3.494228515344992e-25,0.002823288100479401,0.006509895421436228,0.005089700690554368,-1.4525832760286565e-24,0.007483809194867137,0.004473734974117341,0.004635801884835856,0.001380270031405272,0.011901612802857509,0.008880213765470803,0.008764304047596887,0.006411009543095171,0.003501523728232377,0.005048827597323105,0.0,0.011104316991010733,-1.4003661009583442e-25,0.01585590096344704,6.466242393445745e-06,0.0030244253379310476,0.019097279739976457,0.0033395055302847137,0.003669332332099026,0.003916657054679168,0.00035675570207064126,0.004539349760344087,0.005342817521520291,-4.6347295445383755e-26,0.0,0.0,0.0,0.0,0.0,0.0,0.0,0.0,4.064911351303398e-27,0.006920636205635663,0.0029291517381231725,0.0,0.0005083581645601491,0.0016327897240151676,0.028092185107802405,-2.917634735418767e-25,0.013301937890201173,9.587492747337551e-05,0.0,-4.7442081134273816e-24,0.0,0.0,0.001470049926803952,0.0,0.007814194392323174,0.02043220806955574,3.584742678335146e-05,0.00015829345892365979,0.00012475933227310262,0.0,0.0,-4.530244582403957e-25,0.0047455582413779476,0.0,0.007983652166605354,0.004934335759934007,0.0,0.0040502186457553055,0.0,0.023441991823383957,0.0,0.0001946849960017341,0.0,0.0,-3.8919576469436873e-25,0.011039905197223258,0.0,-2.8967363891946686e-26,1.9967541519851667e-26,0.005463317488914751,0.0,0.0,-2.453620668719184e-25,-2.8693335058083905e-25,0.0,0.005348316470541541,0.0037026725091549675,0.0,0.019997401647620146,0.0,0.0,9.898155966731595e-26,-4.833047261436427e-26,7.962080040710117e-27,0.0,1.868149948920714e-25,0.0,-1.1522335754831876e-24,0.0,0.007129953542969236,0.0,0.0,0.0,0.0,0.01982902708830536,0.0,0.0,0.013164204403408807,0.0,0.0,0.0,0.0,0.0,0.0,0.0,0.0,0.0,0.0
0.2483030621790161,5.877356795930398e-05,0.0,0.0,0.0,0.0,0.0021541443456879815,0.0001232610945044993,0.00024656036576320027,0.0016718320790033942,0.0,6.561378328889571e-05,1.9472714949957465e-05,0.0,0.0,0.0,0.000294741813493986,0.0,0.0041459430878875445,0.000915860295636346,5.79665142110609e-05,0.00034523987757444855,0.0005539028567441057,0.0,0.0,0.0025179330418127525,0.00042436367983667586,0.0,0.002167945105918528,0.0008064441851030858,0.0027821336322829283,3.9951175233604595e-05,0.0016843263794092344,0.0001034288188373837,0.030445540984368573,0.0,0.003684249734342121,0.0,8.700427362599435e-05,0.0,0.0012570641595292897,4.7167540343955436e-05,9.951858902813602e-05,0.0,0.004219355911383242,1.0829067155044003e-05,0.0003415127543591667,0.0008706824571362778,0.0018524532362889706,0.0,0.0,0.002837389650641653,0.00011788405986645344,0.00030034694678552823,0.0036978172109373127,0.005062203235325179,0.0,0.0019013406075976047,4.353461399715719e-05,0.019976678536344827,0.00037110372638461014,0.0,0.00028273683103009333,0.0018601315110887266,0.004110181214608186,0.0011397375841520733,0.0015629119328292662,0.0006281294016684574,0.0025234627569825268,0.0027785317729287404,0.002617524071203555,0.0022741108511941895,0.0037247708075201853,0.0028913189396056007,0.0020671392011006556,0.00031697406536069134,0.004284226831080402,0.003554381561553654,0.0037249177207743615,0.002893223678455443,0.0018471520781851477,0.0018441273347642824,0.0,0.003291946933281019,3.297028153215657e-05,0.00888114063329622,2.1512286846873326e-06,0.0019702616682813335,0.00508734959995547,0.0014555942490738598,0.0018209873995535806,0.0016575384883211243,0.00030681636940658053,0.0017773206391390871,0.0025715615260565607,3.183576002003591e-05,0.0,0.0,0.0,7.542669459609029e-05,0.0,0.0,0.0,0.0,1.7825085095951844e-05,0.0032201588759841753,0.0014953494153139293,0.0,0.0003540808825656502,0.0008625720495911837,0.010254569909934565,0.0002060354329821524,0.005073161021617678,0.001349013811637349,0.00023062064868183422,0.0020925827174772134,0.0,0.00026326896096625393,0.0004166349467453104,0.0,0.0027018604148716886,0.007463067434925195,0.0009617623924303562,8.8141657348096e-05,0.00037603604606512253,0.0,0.0,0.00010380056581218979,0.0018103576664044124,0.0,0.002826876203920409,0.002160400105896704,0.0,0.0021988460498635035,0.0,0.008792769381431535,3.2104654842740406e-05,0.00021453429648270268,0.0,0.0,0.00039401311195724835,0.005427824692756817,0.0,0.00020250925698941884,0.00040954538082652226,0.0017651062798236213,0.0,0.0,0.00025267079103238,0.0002007370153711861,0.0,0.0023435240948827957,0.0030288638801389514,0.0,0.00787308050577581,0.00037325716507353947,4.212145496555817e-05,0.00022061486528267252,0.00017600156536691727,0.00027962820401457127,3.812286702402208e-05,9.280529545704756e-05,7.375577643290383e-05,0.0002626479227314627,0.00020995191471972748,0.0027504593174429077,0.00011388340399119027,3.025701890812468e-05,0.00012945784749875485,0.00014666954547779717,0.009634335005999962,6.592151499225336e-05,0.00018516447422411845,0.0047736640974383035,4.346358386969704e-06,0.00022495555020155577,0.00016762010687491628,0.0001839904655585094,9.954217688101788e-05,0.0002660033785469465,0.00015425658614997195,0.0001482697242332926,0.00012850764446557507,8.029807131314778e-05
0.2483030621790161,5.877356795930398e-05,0.0,0.0,0.0,0.0,0.0021541443456879815,0.0001232610945044993,0.00024656036576320027,0.0016718320790033942,0.0,6.561378328889571e-05,1.9472714949957465e-05,0.0,0.0,0.0,0.000294741813493986,0.0,0.0041459430878875445,0.000915860295636346,5.79665142110609e-05,0.00034523987757444855,0.0005539028567441057,0.0,0.0,0.0025179330418127525,0.00042436367983667586,0.0,0.002167945105918528,0.0008064441851030858,0.0027821336322829283,3.9951175233604595e-05,0.0016843263794092344,0.0001034288188373837,0.030445540984368573,0.0,0.003684249734342121,0.0,8.700427362599435e-05,0.0,0.0012570641595292897,4.7167540343955436e-05,9.951858902813602e-05,0.0,0.004219355911383242,1.0829067155044003e-05,0.0003415127543591667,0.0008706824571362778,0.0018524532362889706,0.0,0.0,0.002837389650641653,0.00011788405986645344,0.00030034694678552823,0.0036978172109373127,0.005062203235325179,0.0,0.0019013406075976047,4.353461399715719e-05,0.019976678536344827,0.00037110372638461014,0.0,0.00028273683103009333,0.0018601315110887266,0.004110181214608186,0.0011397375841520733,0.0015629119328292662,0.0006281294016684574,0.0025234627569825268,0.0027785317729287404,0.002617524071203555,0.0022741108511941895,0.0037247708075201853,0.0028913189396056007,0.0020671392011006556,0.00031697406536069134,0.004284226831080402,0.003554381561553654,0.0037249177207743615,0.002893223678455443,0.0018471520781851477,0.0018441273347642824,0.0,0.003291946933281019,3.297028153215657e-05,0.00888114063329622,2.1512286846873326e-06,0.0019702616682813335,0.00508734959995547,0.0014555942490738598,0.0018209873995535806,0.0016575384883211243,0.00030681636940658053,0.0017773206391390871,0.0025715615260565607,3.183576002003591e-05,0.0,0.0,0.0,7.542669459609029e-05,0.0,0.0,0.0,0.0,1.7825085095951844e-05,0.0032201588759841753,0.0014953494153139293,0.0,0.0003540808825656502,0.0008625720495911837,0.010254569909934565,0.0002060354329821524,0.005073161021617678,0.001349013811637349,0.00023062064868183422,0.0020925827174772134,0.0,0.00026326896096625393,0.0004166349467453104,0.0,0.0027018604148716886,0.007463067434925195,0.0009617623924303562,8.8141657348096e-05,0.00037603604606512253,0.0,0.0,0.00010380056581218979,0.0018103576664044124,0.0,0.002826876203920409,0.002160400105896704,0.0,0.0021988460498635035,0.0,0.008792769381431535,3.2104654842740406e-05,0.00021453429648270268,0.0,0.0,0.00039401311195724835,0.005427824692756817,0.0,0.00020250925698941884,0.00040954538082652226,0.0017651062798236213,0.0,0.0,0.00025267079103238,0.0002007370153711861,0.0,0.0023435240948827957,0.0030288638801389514,0.0,0.00787308050577581,0.00037325716507353947,4.212145496555817e-05,0.00022061486528267252,0.00017600156536691727,0.00027962820401457127,3.812286702402208e-05,9.280529545704756e-05,7.375577643290383e-05,0.0002626479227314627,0.00020995191471972748,0.0027504593174429077,0.00011388340399119027,3.025701890812468e-05,0.00012945784749875485,0.00014666954547779717,0.009634335005999962,6.592151499225336e-05,0.00018516447422411845,0.0047736640974383035,4.346358386969704e-06,0.00022495555020155577,0.00016762010687491628,0.0001839904655585094,9.954217688101788e-05,0.0002660033785469465,0.00015425658614997195,0.0001482697242332926,0.00012850764446557507,8.029807131314778e-05
0.41336946933348345,0.0,0.0,0.0,0.0,0.0,0.0014496636966997148,0.0,4.3716680066251487e-26,0.00044745546319328644,0.0,8.32777332133671e-26,-1.1816417424868309e-25,0.0,0.0,0.0,0.0006065291219988516,0.0,-8.724583534239524e-25,0.004089267901941831,8.819296960626257e-05,0.0016268794084484625,6.717990790616414e-25,0.0,0.0,0.003701179153803713,-7.563255819217305e-25,0.0,0.0030322766284575117,0.0028494953881383935,2.504401998403001e-25,-2.4618349707191697e-26,4.431791612353029e-25,-2.3064214688490687e-27,0.003304663005292666,0.0,4.512079562568703e-25,0.0,0.0,0.0,0.0,0.0004687409343036723,9.745267901598895e-05,0.0,-2.116102654654526e-25,0.0,0.0002031973097128146,-5.1499200301817825e-25,0.0003565496585701662,0.0,0.0,0.000917537568118463,0.0007708371150304076,7.447452717092744e-25,0.001118737281999575,0.001995792867671517,0.0,0.0005681956061899017,-3.786388936914242e-25,0.005732027647865372,1.6162016926347032e-24,0.0,0.00310087146348192,2.0339535184504846e-05,0.003059552656463714,0.0003589816205312932,0.00038135983273231405,0.006772263711330238,0.0010642585884205406,0.0013490189844159864,0.0008426068261459186,0.01407877335989182,7.394123028953617e-25,0.0017598332455466554,0.0010003852508433891,0.002798077422662427,0.001701719265660008,0.001036744670482842,0.0006574610886118716,0.0012537589145925783,0.0001245193149038986,0.0002901729918762284,0.0,-1.2402766437523058e-24,-3.444945958267649e-26,0.0011984064252616147,0.0,4.216372936865954e-25,6.78643574776277e-27,0.0010256814153528067,0.0025421476966418287,3.9141573892270683e-25,0.0009519676533227211,0.0004335438064795357,0.00252369947145866,0.0,0.0,0.0,0.0,1.109735691157648e-25,0.0,0.0,0.0,0.0,0.0,0.0005745590302540975,0.0004803019120372115,0.0,0.00100861282421452,0.00021687001963075907,0.003518912797153545,0.0013855839329184694,1.3822911501340335e-25,0.004002660490418129,0.0005617549010975491,-5.490934624374926e-24,0.0,0.0001833330997573162,0.0022059797080340423,0.0,0.002558483394205751,0.0006764344946211815,1.3131716979347094e-24,1.579494232161205e-25,0.0014114271187701574,0.0,0.0,-7.03587192611478e-26,-2.1134862056039546e-25,0.0,0.00012838944632606952,0.00030166751524390384,0.0,0.0006557720739955048,0.0,8.486161576456692e-25,-7.536563827555147e-26,0.001169016538350697,0.0,0.0,0.0006490622476087278,0.00013738304916327356,0.0,0.0025432456794690183,2.225639639511758e-26,-2.5727651214023425e-25,0.0,0.0,0.001741309438253868,1.8175583646774276e-05,0.0,-6.823483785740685e-25,-1.3135495572954517e-24,0.0,0.0023076912252440796,3.953059434947024e-25,-1.3370435178195663e-25,0.0017189841067062573,0.001018115836296248,4.109454449289613e-25,-4.788494736431913e-26,0.0004593226793307041,-3.162547421217542e-26,0.0002718432197101722,6.000452240190475e-05,0.00021899901113332353,1.1856952388826877e-25,4.50172641515814e-05,1.1450321693084177e-24,0.00044577305992974016,0.0007347601820166442,4.315833082731467e-25,3.7542313328561734e-26,1.2651007428757078e-25,2.132268163447234e-05,7.470440606859247e-27,-2.0427122270030528e-25,2.3428561460129044e-25,0.0,-9.17121063306344e-27,-1.9378230822366316e-25,1.4035709693928939e-24,-1.2501527241452248e-26,0.00017836687406875838
0.358127467953479,-6.9245104733320525e-25,0.0,0.0,0.0,0.0,3.580968927477044e-06,-7.597201436667102e-26,0.0,4.2381456266384075e-24,0.0,1.1529225411917255e-25,0.0,0.0,0.0,0.0,3.5933303137073117e-25,0.0,0.004714603546585607,1.2124886134544707e-24,0.00017587487938859972,1.4110184148069204e-25,0.0,0.0,0.0,0.0026618250945156293,0.0,0.0,0.004019070419390138,0.0011053922537592486,2.0163197002471615e-24,0.0005359424938764165,-3.1472194476879686e-25,-2.371836306310099e-24,-1.3209464226477282e-24,0.0,-4.191352852019783e-25,0.0,-6.243011832392316e-26,0.0,-2.5707482171009233e-24,9.019329624293772e-26,0.0019071459178467945,0.0,0.0,-3.1949293622241074e-26,0.0,-6.189021980006583e-26,0.00028759246209035836,0.0,0.0,4.670107612328502e-25,7.371388965098867e-25,0.001264670861933752,0.0003778063429353432,-9.921504261781124e-26,0.0,-2.2104489618133113e-25,0.0,8.179800447908609e-26,0.0005974514631559622,0.0,0.0009224685101154453,-1.200615975167623e-25,0.0002341665527632562,0.0003430254362001484,-2.480704712733674e-25,0.0012706981624110516,1.965246296799391e-25,-6.917957646522296e-26,0.0005270003177177206,-9.26701064417227e-26,-4.0535873333457956e-24,0.000192410069050693,0.0006564776513023459,0.000986941895253631,0.0032132238983611817,7.087256465880703e-05,9.467099975230142e-26,-3.74981569546155e-25,-7.92764023206422e-26,4.739767591751835e-26,0.0,-7.5605446351859275e-25,2.355105221463287e-25,0.0,-6.655795168851239e-27,2.3349247659475457e-05,-3.4425974565990556e-25,6.79189709392498e-26,0.0,0.00035676181799225757,0.005023723034009364,4.5981953579552445e-25,2.1258805817641792e-25,-4.40317386920058e-25,0.0,0.0,0.0,0.0,0.0,0.0,0.0,0.0,3.583425270655796e-26,1.7793166813290687e-25,0.0011213343487846957,0.0,0.0,7.508744766986812e-05,4.709624121983714e-25,6.049575641159026e-25,0.0001819698656786429,0.007274694536943819,0.0,-1.5865782095511138e-24,0.0,0.0,-1.0291573513571407e-24,0.0,2.8383774504842173e-25,0.0006685716463094091,0.0,0.0037237374056858807,0.0002448096029720832,0.0,0.0,8.68238471707986e-25,0.00043437809470674274,0.0,2.7091069625573437e-24,3.0727424146409335e-25,0.0,-4.8743031329319666e-26,0.0,1.5736897163734043e-25,0.0,-3.1300676790583563e-26,0.0,0.0,0.0006934924058485523,-5.561441754980338e-27,0.0,0.0008141157705856618,0.0010665388291759802,-5.171159537103573e-25,0.0,0.0,-3.5815971944194617e-25,-2.0627606837268155e-24,0.0,0.0,3.9485040212565536e-25,0.0,0.00018135922861525728,0.0,0.0,0.0,-5.596413382956963e-25,1.3002109375724537e-25,0.0,0.0017968771662043976,0.0,0.000456396913836676,0.0,-7.592373304966685e-26,0.0,0.0,0.0,0.0,0.0,0.0,0.0,0.0,0.0,0.0,0.0,0.0,0.0,0.0,0.0,0.0,0.0,0.0
0.2483030621790161,5.877356795930398e-05,0.0,0.0,0.0,0.0,0.0021541443456879815,0.0001232610945044993,0.00024656036576320027,0.0016718320790033942,0.0,6.561378328889571e-05,1.9472714949957465e-05,0.0,0.0,0.0,0.000294741813493986,0.0,0.0041459430878875445,0.000915860295636346,5.79665142110609e-05,0.00034523987757444855,0.0005539028567441057,0.0,0.0,0.0025179330418127525,0.00042436367983667586,0.0,0.002167945105918528,0.0008064441851030858,0.0027821336322829283,3.9951175233604595e-05,0.0016843263794092344,0.0001034288188373837,0.030445540984368573,0.0,0.003684249734342121,0.0,8.700427362599435e-05,0.0,0.0012570641595292897,4.7167540343955436e-05,9.951858902813602e-05,0.0,0.004219355911383242,1.0829067155044003e-05,0.0003415127543591667,0.0008706824571362778,0.0018524532362889706,0.0,0.0,0.002837389650641653,0.00011788405986645344,0.00030034694678552823,0.0036978172109373127,0.005062203235325179,0.0,0.0019013406075976047,4.353461399715719e-05,0.019976678536344827,0.00037110372638461014,0.0,0.00028273683103009333,0.0018601315110887266,0.004110181214608186,0.0011397375841520733,0.0015629119328292662,0.0006281294016684574,0.0025234627569825268,0.0027785317729287404,0.002617524071203555,0.0022741108511941895,0.0037247708075201853,0.0028913189396056007,0.0020671392011006556,0.00031697406536069134,0.004284226831080402,0.003554381561553654,0.0037249177207743615,0.002893223678455443,0.0018471520781851477,0.0018441273347642824,0.0,0.003291946933281019,3.297028153215657e-05,0.00888114063329622,2.1512286846873326e-06,0.0019702616682813335,0.00508734959995547,0.0014555942490738598,0.0018209873995535806,0.0016575384883211243,0.00030681636940658053,0.0017773206391390871,0.0025715615260565607,3.183576002003591e-05,0.0,0.0,0.0,7.542669459609029e-05,0.0,0.0,0.0,0.0,1.7825085095951844e-05,0.0032201588759841753,0.0014953494153139293,0.0,0.0003540808825656502,0.0008625720495911837,0.010254569909934565,0.0002060354329821524,0.005073161021617678,0.001349013811637349,0.00023062064868183422,0.0020925827174772134,0.0,0.00026326896096625393,0.0004166349467453104,0.0,0.0027018604148716886,0.007463067434925195,0.0009617623924303562,8.8141657348096e-05,0.00037603604606512253,0.0,0.0,0.00010380056581218979,0.0018103576664044124,0.0,0.002826876203920409,0.002160400105896704,0.0,0.0021988460498635035,0.0,0.008792769381431535,3.2104654842740406e-05,0.00021453429648270268,0.0,0.0,0.00039401311195724835,0.005427824692756817,0.0,0.00020250925698941884,0.00040954538082652226,0.0017651062798236213,0.0,0.0,0.00025267079103238,0.0002007370153711861,0.0,0.0023435240948827957,0.0030288638801389514,0.0,0.00787308050577581,0.00037325716507353947,4.212145496555817e-05,0.00022061486528267252,0.00017600156536691727,0.00027962820401457127,3.812286702402208e-05,9.280529545704756e-05,7.375577643290383e-05,0.0002626479227314627,0.00020995191471972748,0.0027504593174429077,0.00011388340399119027,3.025701890812468e-05,0.00012945784749875485,0.00014666954547779717,0.009634335005999962,6.592151499225336e-05,0.00018516447422411845,0.0047736640974383035,4.346358386969704e-06,0.00022495555020155577,0.00016762010687491628,0.0001839904655585094,9.954217688101788e-05,0.0002660033785469465,0.00015425658614997195,0.0001482697242332926,0.00012850764446557507,8.029807131314778e-05
0.22515262797628766,0.0,0.0,0.0,0.0,0.0,0.008201671730615543,0.0,7.639635675336098e-05,0.006857519134291412,0.0,0.0,-1.018984292281009e-26,0.0,0.0,0.0,0.0,0.0,0.014718730247853992,0.0007518336914214771,0.0,0.0,2.160953703379309e-24,0.0,0.0,0.006457250030384568,-8.475937489838011e-25,0.0,0.009653174901410991,1.8962796843230125e-05,0.011880903482023248,0.0,0.009085939566720247,0.0,0.18354871769226105,0.0,0.01970140430800454,0.0,0.0,0.0,0.0,0.0,0.0,0.0,0.015704779315958133,0.0,3.629155878766024e-25,0.0006006779136312106,0.00819516169458142,0.0,0.0,0.011047660200057182,0.0,0.0,0.013654269116984873,0.025155210920061073,0.0,0.008205699227881445,-1.1753000462081283e-25,0.1253847710515871,1.5656590378705346e-24,0.0,5.158083080934806e-05,0.00718171844608258,0.01580325044853547,0.004603418898753312,0.007198101705063141,-2.8476510125802113e-25,0.011031103772663902,0.013762670961975088,0.008558386694364616,0.010004003301951388,0.008453234389411056,0.013818489325533824,0.00737798602017851,0.0,0.020727060231849257,0.017721064984216734,0.0118021946943042,0.013777070132969952,0.010722445360485269,0.00785658849927818,0.0,0.01866231767079435,0.0,0.04615032717816034,0.0,0.00954261045882056,0.015896655465032793,0.006869965272027923,0.007970306594967617,0.007480541359364291,0.0,0.008705617736726994,0.010870225030275776,0.0,0.0,0.0,0.0,1.1442836741573055e-24,0.0,0.0,0.0,0.0,0.0,0.01484226485404248,0.005354875321537265,0.0,0.0,0.0036292445143136878,0.04879033698778767,0.0,0.02388160166827595,0.00015843605912534356,5.048606887395494e-25,0.0,0.0,7.835427804173883e-25,0.0,0.0,0.012524906716797742,0.03560372182912795,8.855708989010933e-25,0.0,5.053936759252267e-25,0.0,0.0,0.0,0.0075496511232987056,0.0,0.01388453300514622,0.010645387033447187,0.0,0.010549630973225648,0.0,0.04263448636094808,-2.263782032971209e-25,0.0,0.0,0.0,8.213360821846276e-25,0.018517935271644262,0.0,0.0,0.0,0.010113043931477494,0.0,0.0,-1.875160652708088e-26,0.0,0.0,0.012354969195506667,0.01472684985421463,0.0,0.031272447759036315,-3.2501798323833264e-25,7.489745094490212e-25,0.0,0.0,6.667334473008149e-25,5.74574279333058e-25,8.442358520906673e-06,4.315811362299703e-25,0.0,2.4313031875287935e-25,0.012383880106226215,-7.173408045924838e-25,2.0902087852541173e-25,1.0101828617903357e-24,5.138748501874977e-25,0.05192651827612006,7.97913501191196e-25,-2.172701128930201e-25,0.023934788946324434,1.2358652726631375e-26,2.4453048469212726e-25,-5.071625437386803e-25,3.5359678615341916e-25,4.8577203404154586e-26,1.5265144744597706e-25,5.253069924226655e-25,2.157954762181267e-25,-5.4043015884879785e-25,-2.7280737590662585e-25
0.06973079645269044,1.190754783503298e-25,0.0,0.0,0.0,0.0,0.010524444410967051,1.945629151864001e-26,0.0,0.008598997305670292,0.0,5.890753974751157e-07,0.0,0.0,0.0,0.0,4.6440837312182317e-26,0.0,0.014999288235405476,0.000512845317110694,5.41451965398165e-26,1.52607028708e-25,0.0,0.0,0.0,0.009099913780225661,0.0,0.0,0.010298049385426852,5.039635337433793e-25,0.007172478071531957,1.412183448017193e-26,0.003171491895663349,5.46064839290241e-26,0.04316419915793003,0.0,0.0063249895341976675,0.0,3.551684725887255e-26,0.0,1.0379781864939121e-24,1.0917625653395165e-25,6.937610660845291e-06,0.0,0.02350388709281052,1.4100303975825885e-05,0.0,0.00021024694292004636,0.00468330613859359,0.0,0.0,0.009298981732616405,1.6206508128193212e-25,-1.575698938683384e-24,0.019260105501066993,0.021775319619446582,0.0,0.009166514083047778,0.0,0.05583219619437655,1.4779100056087246e-24,0.0,9.546591237799153e-26,0.008920418759440635,0.01366292182154188,0.0057383512402986725,0.005739862344089931,4.765356218878223e-25,0.008329217144823937,0.004934740539328351,0.009558242755082274,0.0011385157570824502,0.02176528474152711,0.005434384840215774,0.004174096894685087,0.00015058673463902957,0.012808505384274322,0.011049778852764813,0.01821662974538883,0.0031164429973539664,0.005468415793258513,0.0070826551352998,0.0,0.008438399270914113,2.590086898593167e-06,0.012209551127031378,4.964921380596509e-27,0.0040918485705672214,0.03418703123174929,0.004430063565277289,0.004157034398642323,0.006338056034358665,2.0478319129467963e-25,0.006835926726915614,0.00982893322567013,7.576190414445671e-27,0.0,0.0,0.0,0.0,0.0,0.0,0.0,0.0,1.380863021178706e-26,0.006843904615982686,0.004815061149503763,0.0,4.306168428288656e-25,0.003924440786042615,0.043126279476371994,2.314780402550064e-26,0.020635081025060484,0.0034478092667934567,0.0,-1.9123436190925104e-24,0.0,0.0,9.859481925318136e-25,0.0,0.009172133208712309,0.013086538771003246,0.0,3.7347328912652057e-26,1.1444922158194837e-24,0.0,0.0,1.4978457660661304e-25,0.008468410119301543,0.0,0.00997265090388453,0.00818885243121679,0.0,0.004244546253651333,0.0,0.05286610718584569,0.0,3.652645869934723e-25,0.0,0.0,3.283107604532726e-26,0.013480457811770487,0.0,5.94599595173202e-27,1.4968424586936837e-26,0.003091413262874681,0.0,0.0,3.4440872166143116e-25,7.438970346435872e-26,0.0,0.004418666752205563,0.008205460283833744,0.0,0.04529564866999803,0.0,0.0,2.9355488519501335e-25,0.0,2.6501240668073463e-27,0.0,8.755063328113342e-26,0.0,0.0,0.0,0.00537109124845409,0.0,0.0,0.0,0.0,0.03319252730249084,0.0,0.0,0.01741520171761391,0.0,0.0,0.0,0.0,0.0,0.0,0.0,0.0,0.0,0.0
0.2483030621790161,5.877356795930398e-05,0.0,0.0,0.0,0.0,0.0021541443456879815,0.0001232610945044993,0.00024656036576320027,0.0016718320790033942,0.0,6.561378328889571e-05,1.9472714949957465e-05,0.0,0.0,0.0,0.000294741813493986,0.0,0.0041459430878875445,0.000915860295636346,5.79665142110609e-05,0.00034523987757444855,0.0005539028567441057,0.0,0.0,0.0025179330418127525,0.00042436367983667586,0.0,0.002167945105918528,0.0008064441851030858,0.0027821336322829283,3.9951175233604595e-05,0.0016843263794092344,0.0001034288188373837,0.030445540984368573,0.0,0.003684249734342121,0.0,8.700427362599435e-05,0.0,0.0012570641595292897,4.7167540343955436e-05,9.951858902813602e-05,0.0,0.004219355911383242,1.0829067155044003e-05,0.0003415127543591667,0.0008706824571362778,0.0018524532362889706,0.0,0.0,0.002837389650641653,0.00011788405986645344,0.00030034694678552823,0.0036978172109373127,0.005062203235325179,0.0,0.0019013406075976047,4.353461399715719e-05,0.019976678536344827,0.00037110372638461014,0.0,0.00028273683103009333,0.0018601315110887266,0.004110181214608186,0.0011397375841520733,0.0015629119328292662,0.0006281294016684574,0.0025234627569825268,0.0027785317729287404,0.002617524071203555,0.0022741108511941895,0.0037247708075201853,0.0028913189396056007,0.0020671392011006556,0.00031697406536069134,0.004284226831080402,0.003554381561553654,0.0037249177207743615,0.002893223678455443,0.0018471520781851477,0.0018441273347642824,0.0,0.003291946933281019,3.297028153215657e-05,0.00888114063329622,2.1512286846873326e-06,0.0019702616682813335,0.00508734959995547,0.0014555942490738598,0.0018209873995535806,0.0016575384883211243,0.00030681636940658053,0.0017773206391390871,0.0025715615260565607,3.183576002003591e-05,0.0,0.0,0.0,7.542669459609029e-05,0.0,0.0,0.0,0.0,1.7825085095951844e-05,0.0032201588759841753,0.0014953494153139293,0.0,0.0003540808825656502,0.0008625720495911837,0.010254569909934565,0.0002060354329821524,0.005073161021617678,0.001349013811637349,0.00023062064868183422,0.0020925827174772134,0.0,0.00026326896096625393,0.0004166349467453104,0.0,0.0027018604148716886,0.007463067434925195,0.0009617623924303562,8.8141657348096e-05,0.00037603604606512253,0.0,0.0,0.00010380056581218979,0.0018103576664044124,0.0,0.002826876203920409,0.002160400105896704,0.0,0.0021988460498635035,0.0,0.008792769381431535,3.2104654842740406e-05,0.00021453429648270268,0.0,0.0,0.00039401311195724835,0.005427824692756817,0.0,0.00020250925698941884,0.00040954538082652226,0.0017651062798236213,0.0,0.0,0.00025267079103238,0.0002007370153711861,0.0,0.0023435240948827957,0.0030288638801389514,0.0,0.00787308050577581,0.00037325716507353947,4.212145496555817e-05,0.00022061486528267252,0.00017600156536691727,0.00027962820401457127,3.812286702402208e-05,9.280529545704756e-05,7.375577643290383e-05,0.0002626479227314627,0.00020995191471972748,0.0027504593174429077,0.00011388340399119027,3.025701890812468e-05,0.00012945784749875485,0.00014666954547779717,0.009634335005999962,6.592151499225336e-05,0.00018516447422411845,0.0047736640974383035,4.346358386969704e-06,0.00022495555020155577,0.00016762010687491628,0.0001839904655585094,9.954217688101788e-05,0.0002660033785469465,0.00015425658614997195,0.0001482697242332926,0.00012850764446557507,8.029807131314778e-05
0.11297695636169769,-8.467070601912944e-26,0.0,0.0,0.0,0.0,0.0036467913230505745,0.0,-1.291824797278411e-25,0.001764690334762957,0.0,-3.559516598780053e-25,-1.7046922270720543e-25,0.0,0.0,0.0,-7.068195915540388e-25,0.0,0.007299982164944663,0.0007582554422395522,-4.91167694738845e-25,-8.195427556946855e-25,9.200472208358274e-26,0.0,0.0,0.0051714770270382135,-1.027859825685735e-24,0.0,0.002770886110526126,-9.824856766916281e-25,0.007424381065579416,-1.1518205064637786e-25,0.0017590306035198586,-1.659114332962914e-25,0.06651763967644211,0.0,0.006062315553022947,0.0,0.0,0.0,0.0,-4.465170273085625e-25,-1.9521211674189086e-25,0.0,0.006142718902050936,-4.220543363566974e-28,-5.295141947731042e-25,0.0031874787793503604,0.005179125292002243,0.0,0.0,0.00745381637155605,-1.0930892163705687e-24,0.0009921255703758652,0.007692012027841516,0.009596995653635712,0.0,0.002200269031787648,-6.580710458262705e-25,0.02377712755546038,-1.6194753141737806e-24,0.0,0.0003216844374763194,0.004359787041317197,0.008100264245601351,0.002786723193454982,0.0025347203356583946,-1.9619429485207354e-24,0.004483566175636287,0.0025265237546616163,0.005077905174509035,-1.8419193759981243e-24,0.004661627204637232,0.004735026990908379,0.005505673028320716,-8.968477227126638e-25,0.013285379335406062,0.008096755455843041,0.007545063518559178,0.008067042420457663,0.0029644387641155185,0.004754976557687097,0.0,0.008483194409916638,-1.9446043867577837e-25,0.022047167453369605,0.0,0.005272402200292701,0.010226802749032989,0.003963027792819642,0.0030379191521200063,0.003524480579719548,-1.0356247359680505e-24,0.004417019732290753,0.00811529770196797,4.561539159705237e-28,0.0,0.0,0.0,-4.425761824425827e-25,0.0,0.0,0.0,0.0,0.0,0.009463694964374585,0.003396495595132915,0.0,-7.181288778291298e-25,0.0024069996487019814,0.027694576730053277,-1.3546027829938565e-25,0.008700813115186974,-1.9361404999436207e-24,-1.2860455822899034e-24,-3.721651193315729e-24,0.0,-5.204330557369834e-25,-8.789022378292775e-25,0.0,0.007978917332823496,0.021291357829912882,-5.821744566319397e-25,-4.139719650712518e-25,0.0005785818711133992,0.0,0.0,-1.178384216527655e-26,0.0032543514860124212,0.0,0.0038702287322933747,0.0041227916173191105,0.0,0.004974777149264192,0.0,0.019514735729840568,-1.663839430287922e-25,-1.5781021121214916e-25,0.0,0.0,-7.566846317539394e-25,0.010766664140831104,0.0,-2.918799637625263e-25,-8.508885120254069e-26,0.0051715612623876115,0.0,0.0,-2.5320803009767974e-24,-1.6391731785794863e-24,0.0,0.005743301360023838,0.00567632042857885,0.0,0.01783979966903695,-8.785873429987676e-25,-3.954277659961983e-25,-2.420968226031322e-25,-3.347592135908179e-25,-1.5711139925685743e-24,-1.555878711180016e-25,-1.494066312242203e-24,-3.40988253586157e-25,-1.0592373737919812e-24,-5.371576228932336e-25,0.0036799866815696316,-3.755436103674213e-25,2.2035041791561797e-05,-7.820927801462016e-25,3.7555531109433995e-05,0.021164520401305696,0.0007829094319857213,-1.1751504745473458e-24,0.007425173067044149,-2.2153659078781407e-26,-8.228231934385459e-25,-3.825213911303579e-25,-5.655402820309924e-25,0.0,-6.397091113304687e-25,-5.026350633342627e-25,0.0002159455600867915,-7.027234679696489e-25,-2.436956965943189e-25
0.3780728213043091,0.0,0.0,0.0,0.0,0.0,-1.624399876863975e-24,0.0,0.0009003943908804155,1.3281966510372458e-05,0.0,0.0,-6.0222819934812e-26,0.0,0.0,0.0,0.0,0.0,-2.6880873652968425e-26,0.0004295462248804022,0.0,0.0,0.005346751606015274,0.0,0.0,0.0007856814708350306,0.003986559963615862,0.0,0.0,0.0,0.0028302110010841918,0.0,0.0006278109394416208,0.0,0.0019116331318690563,0.0,-3.6574114978742965e-24,0.0,0.0,0.0,0.0,0.0,0.0,0.0,0.0001071119534571343,0.0,0.0022583726688531892,0.0,0.00021241377089954036,0.0,0.0,0.0006105988888373418,0.0,0.0,0.00020183144173542444,0.00043531351724665355,0.0,-1.0792628337970036e-24,-2.0900321229115287e-25,0.0,0.0006999063610459906,0.0,0.0,0.0009398199850389339,0.0009857542709589304,-1.614683299533579e-25,0.0004534526771179269,-4.754341830329765e-25,0.0,0.0033686494045273296,0.003480810838749398,0.0,-4.735116760345741e-24,-8.008844982473257e-25,-1.1226362505631736e-24,0.0,0.0,0.002183274782062992,0.003363998497584625,-2.3097410344651444e-25,-6.636390947599007e-25,0.0006145447041895666,0.0,-9.937332515706756e-25,0.0,-3.662412806790529e-24,0.0,-1.2672569066853665e-25,0.0023481161992651464,-1.0944236178755181e-24,0.0008428239423927794,0.00033201652720341143,0.0,4.077067373134579e-05,0.0,0.0,0.0,0.0,0.0,-2.7131911948754498e-24,0.0,0.0,0.0,0.0,0.0,0.007541691057468195,0.0,0.0,0.0,0.0007814803283347543,0.00020704869165522245,0.0,0.0011150106429349373,0.0,-5.372473702199208e-24,0.0,0.0,0.0022033549120547224,0.0,0.0,0.0,0.0007724699663292139,3.3697132422920705e-05,0.0,0.001439649857991883,0.0,0.0,0.0,-7.265417378829615e-25,0.0,9.084052974049094e-05,0.001567263651723651,0.0,0.00031683688923175466,0.0,-1.3344462656089347e-24,0.00012387125816166637,0.0,0.0,0.0,0.0022336806911401495,0.004180927275815591,0.0,0.0,0.0,0.0,0.0,0.0,-7.895837873514506e-25,0.0,0.0,0.0002012284179272413,0.0,0.0,0.0025388139156513737,0.0007434330059384017,-1.7557741008597514e-24,0.0,0.0,0.0013209477021337334,0.0006451106558176962,0.0,0.0006021415667625634,0.0,0.002234749624080951,0.0001952008624703662,0.0002807043479206268,0.0004639998450682174,7.260350950092017e-25,0.0002363407229293835,0.0008996715301325553,3.431470067640876e-24,0.0029108839649216135,-8.371903629502689e-24,-7.989900280764296e-26,-1.7157922709187174e-24,0.0032105840835825713,0.0008176923442738411,0.0,0.002035665610387307,0.00012214274981014176,-3.1206129258611623e-24,-1.5417175111358562e-24,8.358794369724936e-05
0.44901864434360755,0.0,0.0,0.0,0.0,0.0,0.00046853555172090736,0.0,0.0,0.0006961428375502266,0.0,0.0,-8.571230748984218e-26,0.0,0.0,0.0,0.0,0.0,0.0016139501735698337,0.0009462090361890468,0.0,0.0,0.007982460522599467,0.0,0.0,-2.1393725027995726e-25,-7.263872111895562e-25,0.0,0.0,0.0,-1.3928400180303295e-24,0.0,0.000279130304076773,0.0,0.0,0.0,-6.344152732478114e-25,0.0,0.0,0.0,0.0,0.0,0.0,0.0,0.002154711814223933,0.0,1.4191221705352846e-25,0.0,3.837134077191425e-25,0.0,0.0,0.00022798013059721907,0.0,0.0,0.00037416568324681273,0.00046562848831228025,0.0,-4.37117426360111e-25,0.0005262555379953322,0.0,0.0012432158642775276,0.0,0.0,0.00035922557235207905,0.0025240523282289112,1.792606150534404e-26,3.049968153910765e-05,0.00027831251252593024,0.0,0.0006986052303184385,0.0024973181169104723,0.0,-1.747155446334671e-24,0.002433516890298786,0.0008839181802585191,0.0,0.0,0.0005909476034166015,0.0006430429398576198,3.2427746381331416e-26,0.001172058943419766,0.0007841660586809869,0.0,2.8344559612715586e-25,0.0,3.01357665725295e-25,0.0,0.0004608977078185275,-6.745123536116597e-25,-1.3759755549742888e-25,1.2978157773796779e-25,0.00039376968978529375,0.0,1.4867040076565828e-25,0.0,0.0,0.0,0.0,0.0,-9.4753892402388e-25,0.0,0.0,0.0,0.0,0.0,0.004161178971006997,0.0,0.0,0.0,0.0009349684867893691,0.007124966581211157,0.0,-7.126902883023002e-25,0.0,0.004784320271400311,0.0,0.0,0.0011796937681861326,0.0,0.0,0.0,0.004935541970434241,0.0,0.0,7.19491249603311e-25,0.0,0.0,0.0,0.00059768228908971,0.0,0.0006047052233718513,0.0010183598893448618,0.0,0.0009321236979976076,0.0,-5.089537121618977e-25,0.0006704080027449299,0.0,0.0,0.0,1.6802244567559205e-25,0.0029695986120524117,0.0,0.0,0.0,0.0,0.0,0.0,0.0003137367277997806,0.0,0.0,0.001050716407376911,0.0,0.0,0.0020383357216430934,0.0022670203150029706,0.002011466077934529,0.0,0.0,0.0031629145342669572,0.00022324367227771608,0.0,0.00022670846912147994,0.0,0.0006770784921183178,4.774139506098786e-05,0.00019092191216421765,0.0001946526492108046,0.002348350375985843,0.0014941568313643874,0.0018684370134620643,0.0035896273384382537,0.003195961179795931,2.9171538712267143e-24,-2.7799771595968163e-26,5.349031973810472e-05,6.372551297534808e-25,0.0013513806130336082,0.0,0.0018656513105308112,0.0014481546917790185,0.008886687446500688,0.0007524063751181862,0.0007597344480510304
0.35122347810679366,0.0,0.0,0.0,0.0,0.0,0.0013132495667605845,0.0,0.0,0.0010026600032760696,0.0,-7.565030678433254e-25,0.0,0.0,0.0,0.0,0.0,0.0,0.008362055301090974,0.004759871156634579,0.0,-1.0759957832073688e-24,0.0,0.0,0.0,0.004490810026761099,0.0,0.0,0.003826727139393877,0.005363484111155315,0.004334466849885823,0.0,0.0006002740504728267,0.0,0.0005326986661046344,0.0,0.0006045939846826677,0.0,0.0,0.0,0.0,-5.480429090720135e-25,0.0,0.0,0.0006009629077134276,0.0,0.0,-8.469878074979872e-26,0.00026312232838359117,0.0,0.0,0.004630661066802092,-3.8707196758710673e-25,0.002667145349877645,0.000286153264422255,-1.7892832845538257e-24,0.0,0.0003024028216359448,0.0,0.009465250896133435,0.0012125358633329792,0.0,0.0024583493563632283,0.0005591890701507072,0.005011186800808037,0.00022525973646067053,0.0010646598582072374,0.0030616759161157443,-8.135178761422088e-24,0.0008551616420702846,0.002815085833336781,0.006652767494762706,0.0055743031899664576,-2.5347204486747914e-24,0.0012096730447909878,-3.9449611432657907e-25,0.0006499620954961502,0.0016423008514177503,0.00011935756731662826,-4.99125050623348e-25,0.0006573518207161886,0.0004998117497449948,0.0,0.0012365846064279285,0.0,0.0012060132580947569,0.0,0.0004143532390232504,0.0036029222198031355,0.0006886616651799496,0.000983865966019235,0.0002770552998756684,0.0016476329398142002,0.0007244896240974024,0.004618895424783153,0.0,0.0,0.0,0.0,0.0,0.0,0.0,0.0,0.0,0.0,0.0036043550384150125,-4.854975258854746e-25,0.0,0.008269222405824504,0.0006794436155548073,0.0051126021138808205,6.582836096724188e-25,-5.08880396042607e-25,-2.167232097967866e-24,0.0,0.03298195502220581,0.0,0.0,-1.4042055830888511e-25,0.0,0.0005276184063990848,0.0009037521171559613,0.0,2.7386337856286047e-31,-5.759757370485315e-25,0.0,0.0,0.0,0.0006797801640963855,0.0,0.0007851479152474103,2.6207059942665117e-25,0.0,0.0002054121982884677,0.0,0.0010189980465285281,0.0,1.2503985861699702e-24,0.0,0.0,0.0,0.0028406574478705487,0.0,1.419244667072229e-25,0.0,0.0012140487853401262,0.0,0.0,0.0013036874288808544,0.0,0.0,0.0,0.0030807010748187097,0.0,0.001993691727772641,0.0,0.0,0.004406737113043908,-1.537097271490892e-25,0.0,0.0,0.0015861509617222213,0.0,-2.289696886168189e-24,0.0,0.0037617691030286276,0.0,0.0,0.0,0.0,7.337795476506178e-31,0.0,0.0,0.0008433509211658921,0.0,0.0,0.0,0.0,0.0,0.0,0.0,0.0,0.0,0.0
0.288659471107786,0.00040929378240353576,0.0,0.0,0.0,0.0,0.0011273019312116699,0.0,0.0,0.001606270268820919,0.0,-1.736349263578525e-24,0.0,0.0,0.0,0.0,0.0030605027476618067,0.0,0.003547455967844074,0.0034130050237528207,-3.138465872652467e-25,0.006804667335079919,0.0,0.0,0.0,0.0005748472772333494,0.0,0.0,0.0033149907795955178,0.0014545325033872322,0.00017218970426862622,0.0010268341165684096,0.0006377987983595202,-2.6237931797101783e-26,0.004882470944131824,0.0,7.731173816564979e-25,0.0,0.0,0.0,0.0,0.0004910883530599959,-5.450627052727919e-25,0.0,0.0,-5.446389245590584e-28,0.0,-1.2234235420978732e-24,7.908176673978608e-06,0.0,0.0,0.0008051122487710605,0.0004202114264685064,7.616073250519088e-05,7.152290740427676e-05,0.0009478600406440959,0.0,1.641228689090574e-24,0.0,0.0013812770023918079,2.7705111240267706e-25,0.0,0.0002887651884345863,9.058994314088748e-26,0.0023949292271034078,0.00028949555895770127,-9.139505977440398e-26,0.0013732188658507917,-4.844596324048483e-25,0.0027702171481532468,0.0004096203341423539,0.0010768807579229493,2.324143232952428e-24,0.00014510445286331964,2.353161252132918e-25,0.002354005013930171,0.0021105584320905567,-2.330362860855441e-25,0.00010229526430113229,0.000576701604652673,3.3541929534000067e-25,0.0005467558724440912,0.0,-5.9334521119133495e-25,-1.0243324123135688e-25,0.0,0.0,0.00010268352870132943,-1.3182138992768914e-24,0.00041861424933447623,4.683790543307603e-26,0.00045518902054005105,0.0009085287860131762,0.0001209469837200207,0.00046113482340602786,9.329597035062934e-05,0.0,0.0,0.0,0.0,0.0,0.0,0.0,0.0,0.0,0.0021151504714106905,0.00043520663644335445,0.0,-3.2983408151756027e-25,2.1088740969969445e-25,1.981421714669269e-25,4.541614971970063e-25,0.000333363186930735,1.864600766635482e-24,0.0,0.006395654330091679,0.0,0.0,1.600331238459451e-24,0.0,0.0001437903679688446,0.00046919974589795614,0.0,1.0651259916782363e-24,3.7059177531305715e-05,0.0,0.0,-2.7481106482722282e-25,1.5378276224646463e-25,0.0,0.0008830278017403432,0.0003087535891209163,0.0,2.7558363649489045e-26,0.0,0.00017847021899487013,0.0,0.001177076161188277,0.0,0.0,-2.952532865202037e-25,0.00019549669551432783,0.0,7.79908986453399e-26,-1.8873510516807436e-24,0.0002801401615229365,0.0,0.0,0.001922615178378377,-1.2056741464023467e-24,0.0,0.0,0.0,0.0,0.001224410725011712,0.0,0.0,0.00024311663159821354,0.0007036254749672248,0.0007156051591409745,0.0,0.00077649769600659,0.0,-8.664774062941354e-25,0.0,0.0009408682055725325,0.0,0.0,0.0,0.0,6.090968599060941e-32,0.0,0.0,0.0,0.0,0.0,0.0,0.0,0.0,0.0,0.0,0.0,0.0,0.0
0.38223093013740683,1.8851389696553712e-25,0.0,0.0,0.0,0.0,-7.182033555766785e-25,0.0,2.139305078344981e-05,1.095627624297558e-24,0.0,-4.975191764452373e-26,4.924837989726226e-25,0.0,0.0,0.0,3.4194760267456423e-25,0.0,1.54286746630897e-26,3.3007009156981193e-24,-5.93340019778296e-26,1.2737869574432334e-24,0.0078104214849441835,0.0,0.0,2.7394713292982933e-24,0.0008047066331886913,0.0,-5.613615390194657e-25,3.974468485518757e-25,0.0006375693913376224,0.0005875793621096844,2.0359721646720313e-05,6.979637415779314e-26,-1.3266632892918575e-24,0.0,0.0016366779790441455,0.0,4.847358557266694e-05,0.0,-6.938197889743359e-27,1.660920943535812e-25,8.740737318714923e-25,0.0,0.0004907761314941311,4.365996230644064e-26,0.001410715766101164,-5.0118660122645885e-25,2.5539444989213005e-25,0.0,0.0,4.52386193053949e-25,3.625654274951828e-25,0.00040617449597524994,7.103102304083786e-05,7.6739341687462135e-25,0.0,2.514488010736298e-24,9.96335858720134e-25,7.280338105965455e-25,0.0012859738415656073,0.0,1.5482146666551146e-24,0.0002223703520595942,-1.0641767640170693e-26,7.391733700387071e-05,4.847850470260121e-25,0.00022912703471010564,3.590411277238382e-25,0.001286396913364015,0.0005641863486909509,6.220372677683166e-26,-4.664491534889156e-25,0.0004952395565619942,0.0009724315441095249,8.685176026745332e-05,0.0016162216427101587,0.0004607422097820035,0.00021597853593562116,0.003079378187656751,0.00015691089866948986,0.0003759313474813184,0.0,0.0017756023339177951,4.294224355517843e-25,0.00449085729192767,0.0,0.0003330378931320645,1.397166566742977e-24,0.0006103642479260266,0.0007374721220325708,4.640963976992231e-26,-2.5813118785199002e-24,5.080607254057607e-25,-3.192199886588723e-25,-3.2115251731912016e-26,0.0,0.0,0.0,1.2488590310275766e-24,0.0,0.0,0.0,0.0,8.033475014026632e-27,0.00013523736466800239,0.00010971037675769975,0.0,0.0,2.311858552180148e-25,4.213818593263722e-05,7.392876814667457e-25,0.0007562157663112464,-8.49320532924241e-26,1.1380066456891201e-05,0.0022123128490405606,0.0,7.86275259296386e-25,1.1105617644076747e-24,0.0,3.330381378414709e-25,0.0008119550150827813,0.000682574069070826,-5.47467921386037e-25,0.00013917800813086951,0.0,0.0,6.875073793352215e-25,8.8877059811374e-25,0.0,2.3666474149604816e-24,0.00014041567204594175,0.0,0.00046580333368593954,0.0,0.0009314596307195939,0.00010168590275279166,0.0006152059891615625,0.0,0.0,0.0006756194329279308,0.0016192063256249836,0.0,4.126202972454732e-26,8.013698945140783e-24,0.0010663899740789146,0.0,0.0,0.00023761282275835025,6.168012663730708e-24,0.0,0.0013903921741559185,0.00023357030117062666,0.0,0.0004167362648867034,0.0023145656075253384,2.939488702415645e-25,0.0,9.69326437698341e-25,0.0005632890338447178,-4.187549861763855e-27,1.229877925637132e-24,0.002345122950429006,3.3383603220749804e-25,0.0011890965802578844,0.000667884711455496,0.00019869091778680444,7.470829062994822e-26,0.00042147052013180976,0.0008946136129986743,0.003188471709216471,3.190249002411776e-25,0.0016282026464178238,1.6395968275513604e-24,1.2522970967882707e-26,1.3700426361477656e-24,0.00011421346112593075,0.0008086570696114495,0.0,0.0008062191850468265,0.0014208314487530202,7.047423928527498e-25,0.0006508144852756938,0.0005919908738924736
0.40675406862431396,0.0,0.0,0.0,0.0,0.0,4.84481577310627e-25,0.0,0.0,3.9143595012381327e-25,0.0,0.0,-1.2091147155662942e-24,0.0,0.0,0.0,0.0,0.0,0.0019070005890730098,3.6110839867112963e-25,0.0,0.0,0.007043305174461133,0.0,0.0,1.8278234412119067e-25,3.055872532987699e-24,0.0,0.0,0.0,0.003759074965381979,0.0,8.982999107497291e-05,0.0,0.0,0.0,0.0002440063102383795,0.0,0.0,0.0,0.0,0.0,0.0,0.0,0.002016787860917946,0.0,0.0004137134108025349,0.0,0.00022717588931555282,0.0,0.0,0.0006343581862063134,0.0,0.0,5.281019909118189e-25,1.2924856974844284e-25,0.0,0.0010207383447166062,0.0016296055995902586,0.0,0.0017586810701749089,0.0,0.0,-1.1410770690265113e-25,0.0038840672077947135,-5.524913951970451e-25,0.0009644264485669466,0.0003467811551750971,0.0,-3.1586822029843213e-25,0.004099184488411185,0.0,-2.936216817433187e-24,6.689779131914919e-25,1.607536359059887e-25,0.0,0.0,0.000894162124998783,0.0007872295397484174,1.282022810191016e-25,4.149771942709337e-25,2.060567708961226e-25,0.0,5.661818059176235e-25,0.0,-2.420094192096341e-24,0.0,7.762832103107044e-25,2.3308135503858133e-24,1.8544699082596663e-25,5.476677966180596e-25,1.1820824087796301e-24,0.0,0.0006396513652219184,0.0,0.0,0.0,0.0,0.0,-3.956686179747525e-25,0.0,0.0,0.0,0.0,0.0,0.0,0.0,0.0,0.0,0.0007471936752758209,0.005641002822780309,0.0,0.0006796501819852783,0.0,0.0027763683664475767,0.0,0.0,0.005023978488168252,0.0,0.0,0.0,0.002686384849987004,0.0,0.0,0.008025445194509899,0.0,0.0,0.0,8.351055944082352e-25,0.0,1.717305889473549e-25,0.0004829665648967808,0.0,1.448886252784746e-25,0.0,6.073816296535046e-25,3.874150981651544e-05,0.0,0.0,0.0,0.0007591629963214354,0.0015383360432430118,0.0,0.0,0.0,0.0,0.0,0.0,5.403567562813656e-25,0.0,0.0,3.1433386747356943e-25,0.0,0.0,0.0032364760071023737,0.0018222984844832378,1.4536347700551114e-24,0.0,0.0,0.0025447623987000546,2.5629006811656013e-25,0.0,4.57581068402207e-24,0.0,5.009581251199366e-25,-1.3815074126651192e-25,0.00199671805301489,0.0013953664552922935,1.6595508668774513e-24,7.2105501242961775e-25,0.00022207597284861839,-1.2533236281034864e-24,0.009641806036246613,0.0018089881019334607,0.0,0.0009359707383743142,0.0007210257708490586,1.3429131243836294e-25,0.0,0.000689099385235,7.933530105297089e-25,6.70274163123857e-25,0.003653722682047448,0.0006277627176824149
0.442233535457161,2.3178720176622724e-27,0.0,0.0,0.0,0.0,6.404166968788056e-06,0.0,0.0,-1.294119867460784e-26,0.0,2.752582096421439e-07,0.0,0.0,0.0,0.0,1.6669872178198852e-27,0.0,1.687098115159541e-05,2.495552503210324e-05,3.0713709895345345e-27,-1.6474311339658633e-26,0.0,0.0,0.0,8.783880607032345e-07,0.0,0.0,2.2512181139335206e-06,2.281227802081827e-27,-1.658962512363912e-27,1.008738866724008e-06,-2.28999437173665e-27,4.20907154783637e-07,2.1020132205025034e-26,0.0,7.919421152011512e-06,0.0,4.319535795925419e-07,0.0,1.857184651843603e-06,-8.864114110751813e-27,-4.798244183536591e-27,0.0,1.4611716266793986e-06,2.4854648462138585e-07,0.0,3.522501247995626e-06,-4.296769920657806e-27,0.0,0.0,-1.054201069726279e-26,-2.186285282578953e-27,-1.483624806327949e-26,7.95336263752023e-07,3.94237586861016e-07,0.0,-2.3719802741288993e-26,0.0,1.737242165545579e-26,2.1829751780627584e-27,0.0,7.213643820452112e-27,4.120687926484588e-07,1.1297126884604801e-05,1.0916624341901545e-07,-3.612781714378197e-27,2.4499767803997025e-05,-5.616800336383664e-26,3.729310026668527e-27,6.822959200261048e-27,3.3977706785566795e-26,7.201078942186675e-06,5.510838797809419e-06,1.1472187856715577e-26,-3.916510589468472e-28,2.6168102656220982e-06,6.100527243194877e-06,-2.3602614893289285e-27,2.1316004372717195e-05,-1.1647892512352444e-27,1.5864719724732819e-27,0.0,1.0339010680538318e-05,6.481783352901601e-28,4.864859105138672e-05,0.0,-4.941584163458653e-27,3.7288413348654715e-05,6.310793941517316e-07,1.4649422012112318e-06,1.2038447111546368e-06,6.681626518813155e-27,3.970807294845633e-27,5.7979733814240706e-06,-1.1293696003354513e-27,0.0,0.0,0.0,0.0,0.0,0.0,0.0,0.0,2.9722542568625515e-29,9.594609340952515e-27,9.07019646205132e-06,0.0,1.14095241976366e-05,1.1258567566849338e-07,1.2041253223281177e-05,7.195493367330595e-06,4.1723790626942465e-06,0.00014399714994020422,0.0,1.2192814867750683e-26,0.0,0.0,-4.003852396144365e-27,0.0,-1.803828596420203e-27,3.5246726923303076e-06,0.0,2.017170231903189e-06,8.634571145315727e-06,0.0,0.0,3.924699542248143e-08,1.4238218363919392e-27,0.0,8.66145045204613e-06,8.68042399480135e-06,0.0,3.908339523965402e-27,0.0,5.284852899846064e-06,0.0,2.836596388374421e-27,0.0,0.0,2.919461192011232e-27,1.3456389777399494e-05,0.0,1.8300553286693534e-05,2.9398887459842487e-27,2.3623016102290127e-06,0.0,0.0,5.383536641415006e-06,1.4117808528390918e-26,0.0,-2.416771629637112e-28,-1.1277760014039005e-26,0.0,1.1582186763621694e-26,0.0,0.0,7.646027248955772e-06,4.5127065301816324e-06,-1.867008484047222e-27,0.0,1.1633104545055301e-05,0.0,9.588037789086144e-27,0.0,1.3994579877882588e-05,0.0,0.0,0.0,0.0,-7.246161633859518e-28,0.0,0.0,2.3293886027181243e-06,0.0,0.0,0.0,0.0,0.0,0.0,0.0,0.0,0.0,0.0
0.2757761357665527,0.0,0.0,0.0,0.0,0.0,4.971863944223239e-27,0.0,0.0,-2.5451722503797135e-27,0.0,0.0,-1.1713219034388577e-26,0.0,0.0,0.0,0.0,0.0,3.540129638884236e-28,1.0920673323166008e-06,0.0,0.0,3.630719196124906e-05,0.0,0.0,-4.353261066045661e-27,2.7490054799763166e-05,0.0,0.0,0.0,-5.220682629426013e-27,0.0,8.244457032530574e-06,0.0,0.0,0.0,1.178846694597242e-05,0.0,0.0,0.0,0.0,0.0,0.0,0.0,2.600578716580396e-06,0.0,1.6839457931994702e-06,0.0,-2.6553115812667253e-27,0.0,0.0,1.992480942043658e-27,0.0,0.0,-1.715175835679668e-27,7.382467674162426e-06,0.0,7.275237044257646e-28,1.6220000483699622e-05,0.0,1.4353102899078558e-05,0.0,0.0,1.2777565057961072e-06,1.28143651351316e-05,1.9646973990559474e-06,2.6412744019211566e-06,4.2826570693979705e-06,0.0,4.3767770750278656e-07,-1.2942518731487357e-27,0.0,3.870912192353031e-05,7.525576516856648e-06,2.1096823206006164e-06,0.0,0.0,2.1306389701774243e-06,1.989406057552898e-27,-8.852891917332667e-28,-4.053208478119066e-27,6.987856584551704e-06,0.0,-1.7374846590688162e-27,0.0,-9.388264622065662e-27,0.0,2.5069275949669995e-06,3.0702456316805362e-06,1.4098582626916473e-06,9.997562494157007e-06,1.0660785394327004e-05,0.0,1.3673152126845886e-27,0.0,0.0,0.0,0.0,0.0,1.6421845904255165e-05,0.0,0.0,0.0,0.0,0.0,1.3456656386316207e-28,0.0,0.0,0.0,6.815646384833175e-07,-6.682769209923826e-27,0.0,2.2019542780718302e-07,0.0,4.513716822804823e-06,0.0,0.0,1.8656939266199586e-05,0.0,0.0,0.0,3.954679020862023e-27,0.0,0.0,1.1951772178213418e-05,0.0,0.0,0.0,2.4203687876704236e-27,0.0,2.9923539031030285e-06,3.6895622573556467e-06,0.0,3.6760170706723255e-06,0.0,1.6510631582576524e-05,2.012643123984215e-05,0.0,0.0,0.0,1.8071475148472434e-05,1.1559874106966876e-05,0.0,0.0,0.0,0.0,0.0,0.0,1.809424001682072e-06,0.0,0.0,8.618120008776142e-06,0.0,0.0,2.1996298732947346e-05,3.2126225610775467e-06,9.069091311345684e-06,0.0,0.0,2.0029191952305438e-05,-1.0118022217486916e-27,0.0,1.6997613893955198e-05,0.0,7.978056655613447e-07,2.5090393725689284e-06,1.1659911060515058e-05,4.7759742093639815e-06,-1.0018036536930725e-26,2.011854840444146e-06,2.3281487275123804e-06,4.76426108054566e-26,-1.4908747796705535e-27,-6.683231889631667e-27,7.978141479181485e-06,-1.7610077925360514e-27,5.227295331388633e-06,1.2640965302794754e-05,0.0,1.1867767009388776e-06,1.8982833653903437e-06,1.744070522832128e-05,2.3018461311354607e-27,7.013611344342121e-06
0.34445458139591145,-1.1730359358877562e-25,0.0,0.0,0.0,0.0,0.0012204268327872974,0.0,0.0,0.0027324307925648906,0.0,8.545928015678468e-25,0.0,0.0,0.0,0.0,-7.920984315689257e-25,0.0,0.003678948733517009,-3.0897271274991376e-24,-2.17077003502615e-24,0.0057464503529728195,0.0,0.0,0.0,0.0005313153853007083,0.0,0.0,0.005030299547738448,3.710016913588362e-24,0.0008715620510544428,-6.3143581911155385e-25,0.001112228221896044,5.535578785191991e-25,6.743137833334916e-24,0.0,-2.3962127326812078e-24,0.0,0.0,0.0,0.0,0.0003868961688848955,-7.371128764490946e-25,0.0,0.0,1.2453778016132912e-26,0.0,-4.740720842604884e-24,-1.0354822593034412e-24,0.0,0.0,0.0005078535332863315,1.3028996202367444e-24,-1.0867620028622487e-24,0.000714583776044406,-7.559078856289551e-25,0.0,2.7813114335471826e-25,0.0,3.1949548250649942e-24,0.0006098469724569765,0.0,9.16115510267263e-05,0.000270231018182893,0.0027876952794698125,0.0007374285895453442,4.332775908388215e-25,0.0018139384807900935,-1.7796232630817578e-24,0.00027639382916064785,-4.672092561750769e-25,0.001962097568563289,0.0016277915344568596,5.36200527859869e-25,0.001457543823191465,8.076671156986083e-25,1.4267759083142212e-26,6.99921252356917e-25,0.0006121925025457913,6.234748128107129e-05,-1.9811360578006473e-25,5.592749815520187e-25,0.0,4.521531947136475e-25,1.101145224083401e-24,0.0,0.0,0.00013027031959994374,0.007289551235431648,-7.260450966143413e-26,0.0038293700402885615,0.0007043746731388548,-1.7803842193834367e-25,0.000830561109550856,0.001710578189308531,0.0007275251406888239,0.0,0.0,0.0,0.0,0.0,0.0,0.0,0.0,0.0,6.425060783148587e-25,0.00018399749696165134,0.0,0.0004836493443877739,0.00016814391047296947,0.0027954569823999942,-5.413149361216688e-25,-7.415428127233949e-25,0.0010371678215671492,0.0,-4.587558573764814e-25,0.0,0.0,0.0002743149211453203,0.0,0.0004240923604991594,0.0013175998407720948,0.0,2.6048638883824167e-24,2.0040461014248793e-25,0.0,0.0,-5.121037133180041e-25,0.00011411124078507389,0.0,-2.1983092718606117e-25,0.0016887001575799294,0.0,4.864377601621963e-25,0.0,0.0005462941717433552,0.0,0.0014583608075406085,0.0,0.0,1.5830135944193974e-24,1.5004736985897591e-25,0.0,1.2200832741424897e-24,3.0378169186324764e-24,0.001852047073788743,0.0,0.0,0.0002006045179277811,-5.91506943191524e-24,0.0,0.0,0.0,0.0,0.0010639371847373294,0.0,0.0,0.0015518590600353645,-1.2601990074615432e-24,-1.0609886536104338e-24,0.0,0.0005328210642029232,0.0,0.012556645660384794,0.0,0.0008855895563942084,0.0,0.0,0.0,0.0,3.292144472026935e-32,0.0,0.0,0.0,0.0,0.0,0.0,0.0,0.0,0.0,0.0,0.0,0.0,0.0
0.3755017178055905,0.0,0.0,0.0,0.0,0.0,-7.203033393429113e-25,0.0,0.00570582330626317,-1.5889825056982747e-25,0.0,0.0,-5.6768495583838855e-25,0.0,0.0,0.0,0.0,0.0,-2.21508432699158e-25,0.000969337709925281,0.0,0.0,0.0015391073002111065,0.0,0.0,-4.383517444961896e-25,-3.611281447873857e-24,0.0,0.0,0.0,0.0007945280204720181,0.0,-2.1780374624176956e-24,0.0,0.000612819172528687,0.0,0.0010379395829451905,0.0,0.0,0.0,0.0,0.0,0.0,0.0,0.00022316936844723347,0.0,-8.01126520080194e-25,0.0,0.0004898777156281643,0.0,0.0,0.0003169704075091552,0.0,0.0,0.000530000850834018,-1.4893153053219357e-24,0.0,0.0007283808996380204,-6.573090157182068e-25,0.0,0.001686182499605983,0.0,0.0,0.0004996250366539342,0.0006221688453351344,0.00044155060703165056,0.0006095820996108265,0.0010054708152017514,0.0,0.0016857720927535857,0.0004475811721098814,0.0,-2.0157896424134638e-24,0.00013951536509651869,0.0013757521813325682,0.0,0.0,-8.447807066031423e-25,0.003935646819076806,0.0007873814263189518,2.6442696097278323e-25,0.0003315253791053794,0.0,-3.3013985015330207e-25,0.0,0.005390593835922907,0.0,-3.6848288120207376e-25,1.3587139079390686e-05,0.0005315394432397741,0.0006671163648624923,0.0011134645043499938,0.0,-4.87154444921518e-25,0.0009785356396380819,0.0,0.0,0.0,0.0,-1.789009131485827e-24,0.0,0.0,0.0,0.0,0.0,0.0014742674993945542,0.0,0.0,0.0,0.000922112092345723,-1.3373087623188891e-24,0.0,4.112146377335617e-05,0.0,-2.8237078729844796e-24,0.0,0.0,0.001976486332650957,0.0,0.0,0.0,0.00044523675255827124,0.012682919850700445,0.0,0.0004846471451042226,0.0,0.0,0.0,0.00033500876967909496,0.0,-3.8479370641072484e-25,0.0010508926479313222,0.0,0.00037295838003288304,0.0,-2.4552459092229095e-24,-5.74185785183325e-25,0.0,0.0,0.0,-1.5719659763726276e-24,0.0008327331613843708,0.0,0.0,0.0,0.0,0.0,0.0,-3.851303420105426e-25,0.0,0.0,-1.4313745805451761e-24,0.0,0.0,0.0017159943659139805,-1.682174952404015e-24,-2.4982511782542013e-25,0.0,0.0,-8.37082592532088e-25,-3.831006304865242e-25,0.0,-1.6710107563755657e-25,0.0,0.0012751312785067874,0.0006614121252882087,4.1104786772153834e-05,-6.397177793691076e-26,-6.456925400092907e-25,8.061276598565779e-05,0.000472199127340617,2.4984773027167062e-24,-5.1717658393503314e-24,-1.1759362784796303e-24,7.376965809112355e-05,-1.776925556488095e-24,-8.31681337692708e-25,0.001411390586528356,0.0009167659628809526,0.0008901854027261181,0.0002720476243520486,-1.2035795289623765e-24,-2.1018380268367915e-24,-3.5472967524375716e-25
0.1894955067046715,-2.938075169819608e-26,0.0,0.0,0.0,0.0,0.0026423226993712665,0.0,1.7218430946181776e-25,0.0035564530603794664,0.0,-4.663156384651203e-26,-9.026995892517316e-26,0.0,0.0,0.0,0.0005696251092214935,0.0,0.004430756676681898,0.0003832090630463907,-1.2347655502576118e-25,7.290657849480776e-06,1.9112471475073504e-25,0.0,0.0,0.003048002015672911,-9.267370559234412e-25,0.0,0.0029111973154845538,0.002952043965009863,0.0034156473147981194,3.4906447648140463e-26,0.0004311580543566125,1.3422205392385415e-26,0.050013424185734956,0.0,0.004144666258534613,0.0,0.0,0.0,0.0,2.9115858369537782e-06,-3.0390371940722695e-26,0.0,0.005177074262347279,3.531299940256131e-28,2.6154872502391418e-25,0.002046293598095702,0.0017604859980045004,0.0,0.0,0.002170642026403997,2.914885395529024e-25,-7.130362726608679e-25,0.003032219100382122,0.008284454509814994,0.0,0.003292954102970946,4.2682909669373445e-27,0.023473512949445708,-5.44834991677518e-25,0.0,0.0007744275334419967,0.0022304154120880372,0.007416871854312588,0.0021481006072219815,0.003277206066978132,0.0009570081546567172,0.003242768301740718,0.0034439816253796977,0.0019148526485972864,0.002928881933301617,0.0037521868638236643,0.0029628395211850366,0.003032278665462967,0.00028054645994856806,0.006241384205454357,0.004488480718382462,0.0023843713923361433,0.00283334141276348,0.0026787253859168907,0.0015750902456677048,0.0,0.0038503955398484593,-1.0545534343437945e-25,0.014863599675712349,0.0,0.003443630626074297,0.008056526491692681,0.001978288043068613,0.0021165105383074783,0.002304489813986282,-3.6724349544613353e-25,0.002910032826913642,0.003448581253304034,4.195942328323454e-27,0.0,0.0,0.0,-5.360230381504016e-25,0.0,0.0,0.0,0.0,0.0,0.0020666444451404374,0.0016889750267919082,0.0,0.0001585030251832897,0.0010714037644884153,0.012975326765769074,-2.540811977836299e-25,0.001891880644760581,-8.874200843553282e-25,-2.0169730387448333e-25,0.0023205955394364226,0.0,-3.1070775714224105e-25,0.0014541921558822043,0.0,0.004518857222255465,0.011742649508445665,-3.910987337495661e-25,1.3932789717308853e-25,-7.063838980891068e-25,0.0,0.0,8.320060962702118e-26,0.0011633872292551245,0.0,0.004680131913270462,0.0028251482970511562,0.0,0.00236180467786773,0.0,0.0169954633761536,2.548035611333585e-25,0.0001933019590251687,0.0,0.0,-8.767116084239351e-25,0.006937763018598173,0.0,0.00022826787959374608,-5.38789035893205e-25,0.0018402834381615874,0.0,0.0,-2.737556448081034e-25,9.441099902733666e-25,0.0,0.0038892626740386457,0.007780996144980528,0.0,0.009146099469380607,2.941570881842957e-25,1.628118281901721e-25,0.00041582011108480093,-1.3599488373907763e-26,-1.449944529421526e-25,-1.3564179373446892e-25,0.0003716282543440478,-1.7201495787573964e-25,0.00026154125924363514,3.2139777840069536e-25,0.006829262294549421,-1.56938017883307e-27,2.4475821002117104e-26,5.56864544985032e-25,-7.1597629876875e-25,0.011511457026760904,-1.221597255092545e-25,5.526750144834014e-25,0.002745433106325699,-3.5986232185160263e-28,-3.435241276461939e-25,1.0921497783028006e-24,-5.409077421095009e-25,2.1765476892637307e-25,4.467217947936583e-25,2.183750697577732e-26,4.283810379971304e-25,3.1444432169014096e-25,-3.158009949679032e-25
0.4232202082507943,0.0,0.0,0.0,0.0,0.0,2.168471746557269e-25,0.0,0.0010939583581780702,-1.0238347863329211e-25,0.0,0.0,-1.0504585663217672e-25,0.0,0.0,0.0,0.0,0.0,-3.9518750552208994e-25,0.00022642051557526,0.0,0.0,1.346485483649991e-24,0.0,0.0,0.0008878544066695576,0.002679289753771935,0.0,0.0,0.0,0.0006034803244392228,0.0,2.156272323289135e-25,0.0,0.00035556869867447744,0.0,0.0012233042096063316,0.0,0.0,0.0,0.0,0.0,0.0,0.0,0.0007700593577960791,0.0,0.0013517309767062699,0.0,0.0002492151822195879,0.0,0.0,2.9725684450077518e-05,0.0,0.0,-8.119880721338355e-25,0.0018708060123393043,0.0,-1.052189896359834e-24,-3.0496332636966223e-25,0.0,0.0024086309449957394,0.0,0.0,0.00020622888488036587,0.00015397515271485242,0.00047131774560078225,-1.313890028944761e-25,0.0010589458255835028,0.0,0.0003589278780166944,6.096906172108576e-26,0.0,-1.3640760002488254e-24,-9.491621086429268e-25,0.0010497900228786455,0.0,0.0,2.3294055507951293e-26,0.0018301238838253765,2.255744408408392e-05,0.0001094764726358943,2.1605039323756745e-25,0.0,-1.0885680716322615e-24,0.0,-6.6950323241260035e-25,0.0,0.0007947615824514369,0.0018475097565231432,5.554339296970884e-25,0.0013115691692661144,-1.1859014597627349e-24,0.0,0.0004704555956818665,0.0003283028528059946,0.0,0.0,0.0,0.0,-9.965352111135797e-25,0.0,0.0,0.0,0.0,0.0,1.5756421733607922e-25,0.0,0.0,0.0,0.0004983565965577359,1.9039351178752756e-24,0.0,0.00012508751928492717,0.0,4.378520380775102e-25,0.0,0.0,-1.000495365502063e-24,0.0,0.0,0.0,-5.338207170363547e-26,0.004684656966350377,0.0,0.0027286375021709536,0.0,0.0,0.0,1.265657772922024e-05,0.0,0.00042839232317623955,0.00024691516654554266,0.0,0.0006233084008577427,0.0,0.00015087662891056003,-3.9062540520203643e-25,0.0,0.0,0.0,-2.699610457533375e-25,0.0016680869775106911,0.0,0.0,0.0,0.0,0.0,0.0,0.00014848549011210329,0.0,0.0,8.620422898050681e-05,0.0,0.0,-2.0339926247642802e-24,-3.389888485005327e-25,7.97549161835427e-05,0.0,0.0,-4.778245643811833e-25,5.226978952708766e-25,0.0,0.0012559791127643263,0.0,0.0007925724613164685,5.257899080768587e-25,0.0009151874457352728,2.075872439036335e-25,1.0156105666202327e-24,4.1032254997738576e-25,0.002447010720994345,4.4244025054878997e-26,-1.0513908797352317e-23,-2.2461716245761234e-24,-1.2884852694197525e-26,0.0027151632328930777,3.7702936569030824e-25,0.00038053041117521813,0.0004942420324102885,0.0008567154669826744,0.0002271262604377277,-1.786474368456605e-24,0.0006561876502819733,0.000895228389708606
0.4429602400376905,0.0,0.0,0.0,0.0,0.0,4.89958688879553e-06,0.0,0.0,8.125635467375423e-06,0.0,0.0,1.3039437916845793e-05,0.0,0.0,0.0,0.0,0.0,3.551973282197794e-27,2.247526759597294e-05,0.0,0.0,8.817150324704172e-27,0.0,0.0,4.0212293393946648e-28,-2.822996629479206e-26,0.0,0.0,0.0,-1.4928634369242588e-27,0.0,1.2478567902668845e-27,0.0,0.0,0.0,1.1720622932114555e-05,0.0,0.0,0.0,0.0,0.0,0.0,0.0,1.0390494223660325e-05,0.0,5.8763498182772416e-06,0.0,6.23013524477625e-05,0.0,0.0,1.5885249347000451e-06,0.0,0.0,1.6283726434511717e-27,1.447664511893535e-05,0.0,1.2968910662265669e-05,-5.652366045558622e-28,0.0,3.115522488459176e-07,0.0,0.0,4.6150064568354155e-06,-1.2957192075431706e-26,-6.95084807666298e-27,-1.8776664279096352e-27,-4.95644405329914e-28,0.0,7.490626405639105e-27,-3.0855366334971816e-27,0.0,1.0475421993843698e-05,1.1908986124323319e-05,-6.995964183676334e-27,0.0,0.0,1.1013428085645107e-05,8.87750440634732e-06,4.664292344906865e-05,6.707128639395068e-27,-4.156379363935277e-27,0.0,6.303553220470823e-29,0.0,1.310192901785602e-26,0.0,2.9578160437851023e-27,-7.258334486610688e-27,6.033490730561301e-06,1.2740676510959379e-05,-9.707860701604162e-27,0.0,3.0990133364339083e-06,0.0,0.0,0.0,0.0,0.0,1.2295471591489751e-05,0.0,0.0,0.0,0.0,0.0,0.0,0.0,0.0,0.0,1.1762248587633285e-06,2.98996265197835e-26,0.0,5.743965883607455e-06,0.0,4.469540964221651e-05,0.0,0.0,-2.066209240115875e-28,0.0,0.0,0.0,2.214011695930146e-05,0.0,0.0,4.4112004308126515e-05,0.0,0.0,0.0,2.864738794715556e-05,0.0,2.509007095956474e-06,3.3831004096910027e-06,0.0,3.9764604640468635e-06,0.0,1.1667693191005272e-05,-7.984076322413351e-27,0.0,0.0,0.0,7.932303018742386e-06,-1.7530970396742933e-26,0.0,0.0,0.0,0.0,0.0,0.0,1.92349068531241e-05,0.0,0.0,2.510561461840971e-05,0.0,0.0,-3.1424821667097748e-27,2.537480840541175e-27,4.568768909098957e-27,0.0,0.0,5.887688845634148e-27,3.644989857863942e-27,0.0,-9.265111719642757e-27,0.0,4.586778284604816e-06,1.9156488330373187e-27,4.978825832037198e-27,1.739787261534535e-05,4.65066263946106e-05,-1.1887702725098814e-26,4.799601989837476e-28,7.538975798840286e-05,-4.420719862231974e-26,5.407849028776662e-26,0.0,4.4626770840471805e-06,1.274714722825589e-06,4.6947334082162543e-07,0.0,7.499250861168851e-06,7.521969385565283e-06,5.2764878778323146e-05,3.7348894291080143e-28,3.3681043097663334e-06
0.38409987538595525,0.0,0.0,0.0,0.0,0.0,-3.8738725239200284e-26,0.0,0.0,2.2239349444160137e-25,0.0,0.0,-3.7357395370867106e-25,0.0,0.0,0.0,0.0,0.0,3.894128988791429e-26,0.0014408072014625798,0.0,0.0,-5.174428938831507e-25,0.0,0.0,2.0130578735620044e-05,5.734370994852575e-26,0.0,0.0,0.0,-1.0603372910906513e-24,0.0,-5.846865883984267e-26,0.0,0.00011097047155870406,0.0,1.86083523843749e-25,0.0,0.0,0.0,0.0,0.0,0.0,0.0,-1.6605756715927567e-25,0.0,0.0016183166642139187,0.0,0.0002955969932963539,0.0,0.0,-7.923095604580287e-26,0.0,0.0,-3.9851525466796023e-25,5.332694784479272e-05,0.0,0.0004061842604940139,0.0011509166274074382,0.0,-1.5286564747862258e-24,0.0,0.0,0.00033391584635016335,-2.570506359514746e-25,6.372548076461296e-26,2.9747470594573887e-05,0.0017920711363031505,0.0,-1.694768095543564e-24,-1.3069730653087802e-24,0.0,-2.9298350341100943e-24,-3.770045154246695e-25,0.002967281853703686,0.0,0.0,-3.0145643195020933e-25,-1.5647218694912966e-24,0.004251185060621555,-2.6238501155272597e-26,-8.279159536582943e-26,0.0,-5.136735752806183e-25,0.0,0.002285006098816344,0.0,-2.4581276950372443e-26,-5.963272838714525e-25,-2.8897148972834733e-25,-1.0635046347591907e-24,3.497139211859776e-25,0.0,0.0001400269189695869,0.0,0.0,0.0,0.0,0.0,0.000761002188967758,0.0,0.0,0.0,0.0,0.0,0.0005120325925899656,0.0,0.0,0.0,-1.4437629750647672e-25,0.0019155954940789693,0.0,-1.876369699844922e-25,0.0,0.005858791825706185,0.0,0.0,-1.660196788241564e-24,0.0,0.0,0.0,-9.985158785771524e-25,0.0,0.0,4.307315146499448e-25,0.0,0.0,0.0,-2.1348096956651893e-25,0.0,0.00039098192989207614,0.0005268418499045929,0.0,0.000561092635823924,0.0,0.00033606496905356034,-3.8774529429348883e-25,0.0,0.0,0.0,1.3895130691455458e-24,-6.763714182277715e-25,0.0,0.0,0.0,0.0,0.0,0.0,-8.50616997445175e-25,0.0,0.0,0.000789836192471971,0.0,0.0,3.7789847255129623e-25,0.004415392495814607,0.00020400909734907236,0.0,0.0,5.193652926171709e-26,-2.0852607765799763e-25,0.0,-1.4826235932202931e-24,0.0,-1.297367862588186e-24,0.0005965191863579588,-2.800904337562027e-25,0.00017361890042013616,0.003476166743477267,-4.24096932374349e-25,8.49886200486107e-26,1.282698117251265e-06,-2.7663487723014624e-24,-1.4069395053283059e-25,4.57555546917908e-27,0.0008710589224171849,-3.3271325005076995e-25,0.0003893059896076471,0.0,0.00017577141822944302,0.0002046394292175919,0.0026426220482147615,6.94562692033974e-05,0.0008078251423997318
0.42663769218760206,0.0,0.0,0.0,0.0,0.0,0.0007402271964237361,0.0,-1.1221520431435263e-25,-8.170054373643332e-25,0.0,0.0,-3.9848038835267277e-25,0.0,0.0,0.0,0.0,0.0,-1.0569763666593918e-24,-1.034116726838436e-24,0.0,0.0,0.0025439232101872565,0.0,0.0,-5.6756581763549035e-25,0.002354359110595824,0.0,0.0,0.0,0.0005290368963788126,0.0,-1.1496732606966957e-24,0.0,0.00010745809674431327,0.0,0.001169179941203584,0.0,0.0,0.0,0.0,0.0,0.0,0.0,-8.362763675353285e-25,0.0,0.0018655240828616593,0.0,-3.0994701796234074e-25,0.0,0.0,4.259322112070553e-25,0.0,0.0,0.0007859273845866653,-1.141144180821715e-24,0.0,0.0007348210088251151,-9.128417622557533e-25,0.0,0.001434452673069902,0.0,0.0,0.0006589281351854866,0.00042033358576694027,0.00011066555821420956,0.0004366869145494656,-1.3330879172433424e-24,0.0,0.002943499758269521,0.001587982919646929,0.0,-4.072672935777445e-24,-2.479907467833097e-24,-1.0311537342318625e-24,0.0,0.0,-6.791451114525038e-25,0.0004904702464978106,0.0010192704345564124,-2.8654883897438254e-25,0.00030131947146687566,0.0,-6.591745585450813e-25,0.0,0.0047320981747488895,0.0,0.0003820853645865298,-1.2161120635556037e-24,0.0007367273192736935,0.0016402783941865794,0.00026294770912534967,0.0,0.0004123390370840116,0.0,0.0,0.0,0.0,0.0,-3.1294991188570543e-24,0.0,0.0,0.0,0.0,0.0,-1.9220715606470605e-24,0.0,0.0,0.0,0.000778057834152826,0.0032310785117126103,0.0,-5.088544855014123e-25,0.0,-1.5397966908485905e-24,0.0,0.0,0.0002147413084485848,0.0,0.0,0.0,-1.5169019919424453e-24,-3.852524488641177e-24,0.0,0.00044928979859779403,0.0,0.0,0.0,-1.67577933404115e-25,0.0,0.0005289000410638649,0.000520143603061621,0.0,0.0008222966996585942,0.0,0.0005635302492519588,3.0557243422157442e-27,0.0,0.0,0.0,-9.404331236701409e-25,-2.2645017023861862e-24,0.0,0.0,0.0,0.0,0.0,0.0,0.0002817601181669312,0.0,0.0,0.0006236228942219967,0.0,0.0,-1.8249353634477373e-24,0.0022164770592158355,-1.354342399081095e-24,0.0,0.0,0.00044088755574521574,-1.002521930483865e-24,0.0,-8.241768699068421e-25,0.0,0.0011898928068488,0.00038714083257651105,0.0006880901941981642,-5.224398302886208e-25,0.0015309605515744225,0.0020096817124323446,-1.893162447510332e-24,0.0008197571655063871,0.001828743448581728,-2.6662060207788227e-24,-1.2825698736997935e-25,0.0015209080928374804,0.00297188054264381,0.0004275862970209096,-3.5372705423385907e-26,0.0015777919364695794,-2.606883154517805e-24,-2.4372785043162275e-24,0.0007627325281821811,0.0003600715285297602
0.07549563385911373,0.0,0.0,0.0,0.0,0.0,0.006717038579882167,0.0,-2.35463080091542e-25,0.004082130452195117,0.0,-2.3105628852271882e-26,1.3992382481120034e-26,0.0,0.0,0.0,0.0,0.0,0.010895171484922996,-6.361891417819982e-25,0.0,1.4342338867357138e-25,2.3829126538001474e-05,0.0,0.0,0.004471671280515773,-1.1393299954711577e-25,0.0,0.005382870178492136,0.00022101923132889054,0.004880453742325242,0.0,0.005224587561357043,0.0,0.07502567150973068,0.0,0.010732298596614252,0.0,0.0,0.0,0.0,-3.6645583152811517e-26,0.0,0.0,0.013177526039361238,0.0,7.470549360324053e-05,-7.458941379884098e-25,0.00449377689647643,0.0,0.0,0.006206115269756359,-4.8924032809532727e-26,-2.730082897105429e-25,0.010496906970890675,0.014114317464164862,0.0,0.004749656903157422,2.0721085466018628e-26,0.07014428163888922,2.0758860461142367e-24,0.0,-3.4563389976808162e-25,0.005427873857315312,0.009340379952743588,0.0031595181833768984,0.004138251771763017,-1.5750166924424347e-24,0.004993222138156767,0.007477686545718651,0.0062738223316407965,1.5861641059598789e-24,0.010106848024602263,0.009221099872563348,0.0048357888518343155,4.235608960933834e-26,0.012734732223661876,0.010593007703506244,0.010314114956767075,0.007074432404566676,0.005993018478478813,0.004327687548072088,0.0,0.00983014835074237,0.0,0.020838451915623786,0.0,0.00567454363982277,0.015054993342919893,0.0035935245237900164,0.004617947867312021,0.004347061259532478,2.0036558986176006e-25,0.005077678751873609,0.006016903657410305,0.0,0.0,0.0,0.0,-2.0507947253998765e-25,0.0,0.0,0.0,0.0,0.0,0.008450149318789653,0.0027210557129519605,0.0,-1.2137167232348574e-24,0.0017889195822871416,0.029805971176666727,8.046149451812212e-26,0.01661802014736718,-9.91969674176092e-25,-1.1629261968415056e-25,-1.6185104756648876e-24,0.0,-7.183770726367917e-26,4.265560955815976e-25,0.0,0.006447885553019458,0.023606373166186766,-4.9937486933382127e-26,-1.1770207316358593e-53,3.906113966175522e-25,0.0,0.0,0.0,0.005464044321399358,0.0,0.008405256654104125,0.005261011592050006,0.0,0.004890645196469238,0.0,0.01938350303450002,-5.799779997760206e-26,1.2126669358696367e-25,0.0,0.0,-3.859479124051525e-25,0.009258052066690576,0.0,-2.1476648412270804e-26,0.0,0.005396423977937255,0.0,0.0,5.085591410803802e-26,0.0,0.0,0.005787526357564896,0.00913272026397225,0.0,0.021017977807832492,-2.2819321768102347e-25,1.6195621306515724e-26,-2.0140648617767167e-25,1.0300416508364348e-26,-3.681552708856838e-26,-8.814647033822381e-26,-1.540733164745913e-25,1.4959749967463267e-25,-7.789729704606746e-26,0.00041546690643125684,0.007113426527200457,-7.72395822562618e-26,-9.846677864147146e-27,1.9148493969514846e-26,-8.646577107654982e-26,0.035823696264453135,7.721381742955549e-26,-1.146701822869853e-25,0.015382761698193559,-1.5429640653757592e-27,2.57740534706297e-25,-5.451954246791526e-26,1.2035336708318682e-25,3.0027659856899584e-26,-5.9860811625934e-26,5.928320865609429e-06,-6.94922605809909e-26,2.1534454138050743e-25,-1.8679388348122888e-26
0.15195995230359458,0.0,0.0,0.0,0.0,0.0,5.622402253843274e-06,0.0,0.0,3.611363809012608e-06,0.0,0.0,4.0809506575543295e-05,0.0,0.0,0.0,0.0,0.0,1.7749003550138147e-06,1.0672446143422546e-05,0.0,0.0,6.610809210169981e-06,0.0,0.0,1.327937124710472e-27,3.0617580934220345e-27,0.0,0.0,0.0,9.343072015054043e-28,0.0,-1.5698006367641466e-27,0.0,0.0,0.0,5.0364352245768335e-27,0.0,0.0,0.0,0.0,0.0,0.0,0.0,4.325749241244115e-27,0.0,9.126836274593032e-28,0.0,-3.811289792128334e-27,0.0,0.0,1.8761353666521226e-07,0.0,0.0,-6.826392882227887e-28,4.034395827027315e-28,0.0,6.241757874788712e-06,1.9837737593760814e-27,0.0,6.540681872231903e-06,0.0,0.0,-2.896490040731442e-28,3.600920374794583e-27,9.068955381335945e-28,-7.143973470057584e-28,-1.4869753177372749e-27,0.0,6.091828908380718e-06,5.1998102834782796e-05,0.0,6.537746656684468e-27,2.48679510912315e-06,1.1573277269854963e-05,0.0,0.0,-2.525191687779015e-27,6.37518037719481e-06,1.3065255365643223e-29,2.316619299723114e-06,5.330723873597563e-06,0.0,1.514340104284069e-27,0.0,4.0575995078431786e-27,0.0,8.195092428326291e-06,2.7582055315636008e-27,1.239118539586042e-28,6.875390062322987e-28,1.9052221653983933e-06,0.0,3.439109955860715e-28,0.0,0.0,0.0,0.0,0.0,5.1971234714347895e-06,0.0,0.0,0.0,0.0,0.0,0.0,0.0,0.0,0.0,5.19125259214574e-28,3.475491729621968e-05,0.0,7.627064481769041e-28,0.0,1.5278535244737205e-06,0.0,0.0,3.3154216755121907e-28,0.0,0.0,0.0,1.129047195908287e-27,0.0,0.0,4.0744905574864155e-06,0.0,0.0,0.0,7.221112838603342e-29,0.0,1.1468130349741592e-27,-1.7793296542674828e-28,0.0,3.505708340891145e-07,0.0,1.4197971544934275e-05,2.4531494920676384e-27,0.0,0.0,0.0,-4.479623008028698e-28,7.581521014960219e-27,0.0,0.0,0.0,0.0,0.0,0.0,4.667306926982437e-06,0.0,0.0,-4.783339574781933e-28,0.0,0.0,1.3857858861265926e-05,2.597399764184594e-05,2.6456773840770673e-06,0.0,0.0,1.0998965283836344e-26,1.8733204678566914e-06,0.0,4.1597602857438905e-27,0.0,9.459324439991808e-28,4.159546720300581e-07,-3.4497091937966847e-29,1.8956611382547633e-27,1.4699766901292958e-26,-4.436719358368593e-27,9.316226551375579e-27,8.404514481962187e-05,8.463065517908156e-27,-3.671251138641707e-26,0.0,4.112506650818273e-27,1.5402751610753386e-27,1.657721083330861e-06,0.0,5.236740507009615e-28,2.0754458156370708e-06,-2.9772068990442514e-27,4.909466783502421e-06,-8.176057506338859e-28
0.32580134555022866,0.0,0.0,0.0,0.0,0.0,5.617008235690928e-27,0.0,1.307919790817879e-07,8.713209952602065e-06,0.0,0.0,5.535149593085693e-06,0.0,0.0,0.0,0.0,0.0,-2.628685201764965e-26,3.4644814095903395e-07,0.0,0.0,8.273510284051001e-27,0.0,0.0,-9.489055052338958e-27,-5.262340193369546e-28,0.0,0.0,0.0,-2.035875125001355e-27,0.0,4.962647272486424e-06,0.0,-5.350574615934632e-28,0.0,6.591473938690615e-06,0.0,0.0,0.0,0.0,0.0,0.0,0.0,6.862872537130303e-27,0.0,-5.572065744450078e-27,0.0,-1.5329942040662384e-26,0.0,0.0,-2.5046209501769253e-29,0.0,0.0,1.3010981766875957e-26,-7.347241700866378e-27,0.0,1.0551537415981035e-05,-4.882870995412884e-27,0.0,6.729583988486005e-28,0.0,0.0,5.331721232227983e-06,-1.7165021298682256e-26,-1.782748578957157e-27,1.5154798858346605e-06,1.6968524291155715e-26,0.0,1.8295959404550505e-05,4.74054764293942e-06,0.0,2.3863782738108912e-26,-1.4994500431148228e-27,3.5569697120794473e-06,0.0,0.0,-3.294833924986046e-27,3.313684075135429e-05,1.8507344543515847e-26,4.2582480331633884e-07,3.3635982852167857e-06,0.0,4.250762599647257e-06,0.0,1.3112096986336913e-05,0.0,9.04353755406642e-06,-5.90900651577269e-27,5.043710708350743e-27,6.969012906027448e-29,-2.052196682496331e-27,0.0,1.067767785519755e-27,0.0,0.0,0.0,0.0,0.0,-2.2754095097336547e-26,0.0,0.0,0.0,0.0,0.0,4.117649035026863e-26,0.0,0.0,0.0,3.0323811183833216e-28,1.5276744466694244e-27,0.0,-4.3086983299067784e-27,0.0,-9.602503357576814e-27,0.0,0.0,-1.835559619870566e-27,0.0,0.0,0.0,-9.6471307682973e-27,6.300335286262789e-06,0.0,2.7336659563300836e-27,0.0,0.0,0.0,-7.477637070818043e-27,0.0,-4.559962999727323e-27,3.951155284298728e-06,0.0,3.182541409135015e-06,0.0,1.3496004350131067e-05,1.0888318827963141e-26,0.0,0.0,0.0,8.18884760235693e-06,2.9841987319496848e-06,0.0,0.0,0.0,0.0,0.0,0.0,3.9589886910175694e-06,0.0,0.0,1.8660128360847905e-06,0.0,0.0,-9.684102338445092e-27,1.3973975989907058e-05,-1.3126275317701547e-26,0.0,0.0,1.0198097902021877e-26,-1.5683264953043068e-27,0.0,-1.7714294892788916e-26,0.0,8.728288430521293e-06,9.958387179896675e-06,-1.0331028005082118e-26,3.7948481293791773e-06,1.3427414574892457e-05,6.558620700537843e-27,9.37684571686254e-27,4.613075322026242e-06,7.445593533409818e-05,0.00013555279932912987,4.273415815664722e-07,1.5670126399787264e-05,-1.0623099282626651e-26,2.994255232411579e-06,0.0,1.3269328318703226e-05,7.258148023482444e-27,9.351214496282287e-06,-1.0790961786784186e-26,1.759177012188597e-27
0.11208989954649978,0.0,0.0,0.0,0.0,0.0,0.005395827379259301,0.0,1.4712904724150798e-25,0.004296407218977826,0.0,0.0,-7.559454142779285e-26,0.0,0.0,0.0,0.0,0.0,0.009172144587448266,0.0007293848729531356,0.0,-6.38170892413578e-26,-1.5965853689770367e-25,0.0,0.0,0.005042303261207545,-3.7274214913580893e-25,0.0,0.004778029180877816,3.6995690460924566e-07,0.00432349047898885,0.0,0.005231292426311879,0.0,0.02885951280630624,0.0,0.007926246915680021,0.0,0.0,0.0,0.0,0.0,0.0,0.0,0.01222080318012942,0.0,-9.719874784055398e-26,0.001183780388394534,0.00462949078640537,0.0,0.0,0.0059067406347767,-1.2735947224882725e-26,8.19994771954859e-25,0.00976500339144275,0.010204900200937578,0.0,0.004859349917544193,3.83016213728985e-05,0.0697922180269512,5.489912957204364e-26,0.0,-3.432101308869571e-25,0.004060058837536053,0.009256206658601556,0.0015289157679278416,0.0010491470332831135,-2.4600282774004566e-27,0.0041713935384168534,0.005809673966432294,0.006290102861369116,0.0015636196509737235,0.007698684140835091,0.00849380064321234,0.0036105522823508497,-1.35409256815481e-26,0.009834761785277599,0.009811469772533126,0.00927834832500666,0.004665580432167023,0.005441953206748127,0.003595833520080906,0.0,0.009178317165500159,0.0,0.013943479748268175,0.0,0.0030615078467955944,0.014697906125675082,0.0021830807053079293,0.0036054012354226374,0.004084836456877051,-1.9816438159809378e-25,0.002400555949002642,0.0034909778668605353,0.0,0.0,0.0,0.0,-1.6652902018669818e-25,0.0,0.0,0.0,0.0,0.0,0.008229927733996917,0.0035303582359488164,0.0,1.9077908318595526e-25,0.0015505864736761253,0.02682862334703788,-6.607397072648412e-27,0.015461286822679462,1.7913170099687352e-25,-2.2844680660810175e-25,-1.2305956053207483e-24,0.0,-7.715533082807964e-26,1.9211761107568205e-25,0.0,0.0033536386696833074,0.01453328717576767,2.515899193411907e-25,-5.573387400925453e-55,3.2192414585996235e-25,0.0,0.0,0.0,0.004517547577406967,0.0,0.007395701852860364,0.004908686879550657,0.0,0.002963728017326484,0.0,0.021618395034425954,8.982302348744231e-26,4.193957956711855e-26,0.0,0.0,7.124800559105488e-26,0.01241167549340072,0.0,0.0,0.0,0.0027752684347564487,0.0,0.0,2.7202598915647715e-26,0.0,0.0,0.0036871069163975463,0.0031823614888514327,0.0,0.0203136842872666,-4.0147957135143085e-25,-5.987195028931254e-26,4.989918247403109e-27,0.0,-2.0856351446933277e-25,-3.8165080141004073e-26,-8.644895014013494e-26,-5.070985273702074e-26,0.0,-1.3209223402346447e-25,0.004379107841108143,-7.007480768005509e-25,-6.450883095884364e-27,-1.364341767043562e-25,-6.438279825058773e-26,0.02556619753627966,1.9046569477050058e-27,-8.072398737849311e-26,0.017398402400561716,5.025170265063893e-27,2.2520851165039436e-25,-2.636890371774935e-25,-1.5032968308911295e-25,-2.888860709184432e-25,-3.543890730479129e-25,1.16213106090931e-25,-1.8246945675112664e-25,-3.0008294857748087e-25,-2.721417251693582e-25
0.2483030621790161,5.877356795930398e-05,0.0,0.0,0.0,0.0,0.0021541443456879815,0.0001232610945044993,0.00024656036576320027,0.0016718320790033942,0.0,6.561378328889571e-05,1.9472714949957465e-05,0.0,0.0,0.0,0.000294741813493986,0.0,0.0041459430878875445,0.000915860295636346,5.79665142110609e-05,0.00034523987757444855,0.0005539028567441057,0.0,0.0,0.0025179330418127525,0.00042436367983667586,0.0,0.002167945105918528,0.0008064441851030858,0.0027821336322829283,3.9951175233604595e-05,0.0016843263794092344,0.0001034288188373837,0.030445540984368573,0.0,0.003684249734342121,0.0,8.700427362599435e-05,0.0,0.0012570641595292897,4.7167540343955436e-05,9.951858902813602e-05,0.0,0.004219355911383242,1.0829067155044003e-05,0.0003415127543591667,0.0008706824571362778,0.0018524532362889706,0.0,0.0,0.002837389650641653,0.00011788405986645344,0.00030034694678552823,0.0036978172109373127,0.005062203235325179,0.0,0.0019013406075976047,4.353461399715719e-05,0.019976678536344827,0.00037110372638461014,0.0,0.00028273683103009333,0.0018601315110887266,0.004110181214608186,0.0011397375841520733,0.0015629119328292662,0.0006281294016684574,0.0025234627569825268,0.0027785317729287404,0.002617524071203555,0.0022741108511941895,0.0037247708075201853,0.0028913189396056007,0.0020671392011006556,0.00031697406536069134,0.004284226831080402,0.003554381561553654,0.0037249177207743615,0.002893223678455443,0.0018471520781851477,0.0018441273347642824,0.0,0.003291946933281019,3.297028153215657e-05,0.00888114063329622,2.1512286846873326e-06,0.0019702616682813335,0.00508734959995547,0.0014555942490738598,0.0018209873995535806,0.0016575384883211243,0.00030681636940658053,0.0017773206391390871,0.0025715615260565607,3.183576002003591e-05,0.0,0.0,0.0,7.542669459609029e-05,0.0,0.0,0.0,0.0,1.7825085095951844e-05,0.0032201588759841753,0.0014953494153139293,0.0,0.0003540808825656502,0.0008625720495911837,0.010254569909934565,0.0002060354329821524,0.005073161021617678,0.001349013811637349,0.00023062064868183422,0.0020925827174772134,0.0,0.00026326896096625393,0.0004166349467453104,0.0,0.0027018604148716886,0.007463067434925195,0.0009617623924303562,8.8141657348096e-05,0.00037603604606512253,0.0,0.0,0.00010380056581218979,0.0018103576664044124,0.0,0.002826876203920409,0.002160400105896704,0.0,0.0021988460498635035,0.0,0.008792769381431535,3.2104654842740406e-05,0.00021453429648270268,0.0,0.0,0.00039401311195724835,0.005427824692756817,0.0,0.00020250925698941884,0.00040954538082652226,0.0017651062798236213,0.0,0.0,0.00025267079103238,0.0002007370153711861,0.0,0.0023435240948827957,0.0030288638801389514,0.0,0.00787308050577581,0.00037325716507353947,4.212145496555817e-05,0.00022061486528267252,0.00017600156536691727,0.00027962820401457127,3.812286702402208e-05,9.280529545704756e-05,7.375577643290383e-05,0.0002626479227314627,0.00020995191471972748,0.0027504593174429077,0.00011388340399119027,3.025701890812468e-05,0.00012945784749875485,0.00014666954547779717,0.009634335005999962,6.592151499225336e-05,0.00018516447422411845,0.0047736640974383035,4.346358386969704e-06,0.00022495555020155577,0.00016762010687491628,0.0001839904655585094,9.954217688101788e-05,0.0002660033785469465,0.00015425658614997195,0.0001482697242332926,0.00012850764446557507,8.029807131314778e-05
0.3686839025495694,0.0,0.0,0.0,0.0,0.0,0.0004690633856101742,0.0,0.00019821419286684017,0.0003563082850311911,0.0,0.0,1.1172620028189352e-24,0.0,0.0,0.0,0.0,0.0,0.001959370647933957,0.0020493326319500674,0.0,0.0,-4.348897591912064e-25,0.0,0.0,0.0008263966573880823,0.00258680353818892,0.0,0.0,0.0,0.0008873619338666953,0.0,0.000785915951580444,0.0,0.0005424385592256673,0.0,0.004122473068673526,0.0,0.0,0.0,0.0,0.0,0.0,0.0,0.0018942430191444086,0.0,0.004563601353053809,0.0,0.0006014294824064625,0.0,0.0,0.0009343424210699902,0.0,0.0,0.0006398627451215668,0.0007887886017663624,0.0,0.001059618767754303,4.8898894347938404e-05,0.0,0.0011691465286944025,0.0,0.0,0.0010173892580726688,0.0027517316374939,0.000484561813069463,0.0007727694433064937,1.68570545362673e-24,0.0,0.0007872211374476943,0.0019154871514816822,0.0,3.124140515870604e-24,0.0012242811123781999,1.4021044844631188e-24,0.0,0.0,-5.234454996020419e-25,0.005023706201280939,2.2815896299604524e-24,0.0005354296225799402,0.0005874746859635961,0.0,5.542009594382554e-25,0.0,1.62362377111306e-24,0.0,5.7815714108395655e-25,0.0010788624652925988,3.532260698699611e-25,0.000834122258204297,0.00013116944601165279,0.0,7.780367794495321e-05,0.0,0.0,0.0,0.0,0.0,2.6512930642805363e-24,0.0,0.0,0.0,0.0,0.0,0.0070638729507819615,0.0,0.0,0.0,0.0004176050636596971,1.2134768038610294e-25,0.0,0.0005246856020836192,0.0,0.0008648960818561112,0.0,0.0,9.795751990981057e-25,0.0,0.0,0.0,0.003319013653612487,0.00923816185199954,0.0,0.0009877015095068854,0.0,0.0,0.0,0.00013394656152219562,0.0,0.0007047743191705758,0.0004409724704217961,0.0,0.0007306055964850648,0.0,0.0008245837549138417,4.485185384194352e-26,0.0,0.0,0.0,0.0018394761932195225,0.00142330170418932,0.0,0.0,0.0,0.0,0.0,0.0,-2.0943957793547837e-25,0.0,0.0,0.0012404814878268916,0.0,0.0,-1.9599395168904096e-25,0.0018065999603818974,2.92828944846821e-25,0.0,0.0,0.00039607072578240043,5.539470222754235e-25,0.0,1.0514618549046223e-24,0.0,0.0008440798552741654,8.521942695596438e-05,0.0014361326898394494,6.360099433316814e-26,1.6353561911134377e-24,0.000557053104034381,0.0009466492318889364,1.2146275814928985e-24,2.0033065951345412e-24,4.483580821496284e-25,4.32366157048786e-05,0.0012944684228558831,0.0016319120609503343,0.00011208873804680167,0.0,0.004811625750389797,0.002212676160561333,1.974385352021792e-24,0.0018592487586041057,0.0004674548075430223
0.39712046896171654,0.0,0.0,0.0,0.0,0.0,0.00017970362478876754,0.0,-2.612814192045585e-25,0.00020250009223841392,0.0,0.0,0.0002647465006921689,0.0,0.0,0.0,0.0,0.0,0.0036473917335833454,0.0010685381947897015,0.0,0.0,6.980558312812883e-25,0.0,0.0,0.002077698380830862,0.0011462252890971215,0.0,0.0,0.0,0.001146553152614996,0.0,0.0006467620141712436,0.0,8.487494286430385e-05,0.0,0.0018968840693949615,0.0,0.0,0.0,0.0,0.0,0.0,0.0,0.00038417632317693765,0.0,0.0019136699686560785,0.0,0.000236490876447474,0.0,0.0,0.0015339547572397277,0.0,0.0,0.0006890816503416962,0.0011866024256348027,0.0,0.00012712729809645504,3.1768121004205477e-25,0.0,0.0012018001292331763,0.0,0.0,0.0006902428156171615,0.00036354270873941683,0.0001253103233529154,3.433699109572463e-26,9.61482073571345e-27,0.0,0.0002161815069450816,0.00117800011719247,0.0,1.1306435239363366e-24,0.0025206388153046766,6.988628270305537e-05,0.0,0.0,0.0005048394751966928,6.508072691346831e-05,0.0001048267140275824,4.9925816933493286e-05,0.0004876203340739104,0.0,4.410633446119451e-26,0.0,0.004169774613631878,0.0,-1.6406382336158292e-25,0.0005957910551391884,6.149899693806914e-06,0.0005454591849406912,0.000502290456420691,0.0,0.0002877560364714067,0.00020517406771440014,0.0,0.0,0.0,0.0,-3.011658305958478e-25,0.0,0.0,0.0,0.0,0.0,-1.3417298031715025e-25,0.0,0.0,0.0,0.000404157439709676,5.321445130388312e-25,0.0,0.0006878376165406494,0.0,3.0796269551669883e-25,0.0,0.0,0.0026114721198117613,0.0,0.0,0.0,5.916353423129627e-25,0.004862590398622635,0.0,0.0022376928184212985,0.0,0.0,0.0,0.000731157870922587,0.0,3.626827873962196e-25,0.0005280418188546495,0.0,0.0004898407073255477,0.0,0.00019964035466236388,0.00040435539676597225,0.0,0.0,0.0,0.0016267817172089254,1.755768489732238e-24,0.0,0.0,0.0,0.0,0.0,0.0,0.0006879347308843359,0.0,0.0,0.001742029969328553,0.0,0.0,0.0015589542263047477,0.0023825346429116848,9.282984608182289e-26,0.0,0.0,0.0002028292137258505,9.466887444182152e-05,0.0,1.1245581137719297e-24,0.0,-9.233671913466639e-26,1.2061844109171817e-24,0.0006909441868029879,3.8143639669626774e-26,0.0021486569971662216,0.00123078051661043,0.001711360698645596,6.018924849986269e-25,-3.909669305080943e-24,-4.16270370608884e-25,5.790568874187608e-26,0.00054251498856281,0.0006036426948463769,0.0010889423632753743,2.3523444244648798e-26,0.00025846852387920817,0.0004785365508096521,8.306112246173281e-25,4.694137992749572e-25,0.0005044415843549007
0.43706077325021575,0.0,0.0,0.0,0.0,0.0,1.6148732952416069e-25,0.0,-2.0269449959255538e-26,0.001007475889473096,0.0,0.0,-6.364839824646751e-25,0.0,0.0,0.0,0.0,0.0,0.0016875528035162862,0.0018432026441249452,0.0,0.0,0.001524348092789253,0.0,0.0,0.00094932652878214,-1.0477247107290834e-24,0.0,0.0,0.0,0.001887421057817582,0.0,0.0006194126203768024,0.0,0.001120808317412683,0.0,0.001315353723755417,0.0,0.0,0.0,0.0,0.0,0.0,0.0,6.76759328028373e-05,0.0,0.0010079596338612158,0.0,7.049553880469506e-05,0.0,0.0,-8.25172131595363e-26,0.0,0.0,0.0007763924681843936,0.0008949122544650462,0.0,7.7340633522752795e-25,7.255550723967753e-25,0.0,0.0011877664784930898,0.0,0.0,0.000214812021770805,-1.6986353289955665e-24,9.334556474610491e-05,0.0002842706223143182,0.001062012097967327,0.0,0.0036358956641290227,0.00046049497970724717,0.0,-1.7753986986670305e-24,0.0012879465364964463,0.0034688312048368783,0.0,0.0,1.0847498475201479e-26,0.0031730631509799437,0.0003462738512870734,0.0007222077700026657,0.0008880378787700847,0.0,-6.99069476762652e-25,0.0,0.003173579801092553,0.0,0.0009173880326133892,0.0017127115307169981,0.0006515149372270695,0.00039916263416779705,-2.577523837206526e-25,0.0,-1.1809631937537023e-26,0.0,0.0,0.0,0.0,0.0,5.206835043292133e-25,0.0,0.0,0.0,0.0,0.0,-6.535093478457731e-25,0.0,0.0,0.0,0.000684704779314254,-1.5251356202113383e-24,0.0,-1.5069299120298935e-25,0.0,1.3937198929086609e-24,0.0,0.0,0.002219050567210079,0.0,0.0,0.0,0.0002173293268126035,0.002267814752756683,0.0,0.000999367785938343,0.0,0.0,0.0,6.822692714747154e-26,0.0,-3.641548564268622e-25,0.0010364722523428125,0.0,-1.5999308927242124e-25,0.0,-4.577512979869135e-25,-1.3577530543641173e-26,0.0,0.0,0.0,0.004964606796723927,0.00043438673397271863,0.0,0.0,0.0,0.0,0.0,0.0,0.0005130934336854611,0.0,0.0,0.00015122056870356087,0.0,0.0,0.0007537794281233561,0.0015002741145919494,-5.41845313920861e-25,0.0,0.0,0.0013960541643507954,6.474375707808194e-26,0.0,-1.1660113897434622e-24,0.0,0.002194455206490823,0.0006387986858548384,0.0005775446239719188,1.3022152974889043e-25,0.0005979600933114367,0.0008110892629675061,0.005348396935437775,9.129957896692083e-25,-2.719342318029538e-24,2.9183320604509275e-24,3.053721309072824e-26,0.0013379308235168137,1.469787319613096e-24,0.000458321629856229,0.00010678335898416117,0.0009511592847854235,0.00015903995850072015,4.278286550542342e-05,0.0008136911537755838,0.0004908364504193139
0.34355567000591464,0.0,0.0,0.0,0.0,0.0,0.0,0.0,0.006056255734825609,0.0016666330731630599,0.0,0.0,0.0,0.0,0.0,0.0,0.0,0.0,3.8171778175335094e-24,4.755420338084338e-25,0.0,0.0,0.0,0.0,0.0,0.001971900464592376,0.0007579453348915848,0.0,0.0007326817828823451,0.0,0.0,0.0,0.0013750939220439453,0.0,7.918861287146686e-27,0.0,0.0019548724255482133,0.0,0.0,0.0,0.0,0.0,0.0,0.0,6.367526625873846e-26,0.0,0.0,0.0,0.0014133248414222733,0.0,0.0,0.00024528431998340573,0.0,0.0,0.0010284994515066981,0.0013805613343379555,0.0,6.855346682320541e-25,0.0,0.0,2.12483763617518e-24,0.0,0.0,0.00181189043321959,0.003153100594379756,0.00036843627652655115,0.0011357051447116828,0.0009815950192674072,0.0004938705620251693,0.0008279725367133027,8.493298183207286e-25,0.0,0.0,0.0020426935752727486,0.0014884223247181082,0.0,0.0,0.0011175518678454596,0.0034246813002651757,0.0,0.0009743306727524382,0.0018241766700726287,0.0,0.0009579463763873238,0.0,0.0,0.0,0.00033685577929486264,1.626016838637824e-24,0.00015723372616319555,0.00037415055821388117,0.003574267669229133,0.0,0.0006698975002234433,0.0032049292922943676,0.0,0.0,0.0,0.0,0.0,0.0,0.0,0.0,0.0,0.0,0.0010950753865280067,0.0,0.0,0.0,0.00022329389381653482,0.0,0.0,1.6222256889617331e-25,0.0,0.0,0.0,0.0,0.0,0.0,0.0,0.0,3.9506099705408844e-05,0.0028926864019266354,0.0,0.0017578616139219138,0.0,0.0,0.0,0.0003499662521153913,0.0,0.0008515335323964409,0.002851930520596584,0.0,0.0012800848559355762,0.0,0.0018797738007605767,0.0,0.0,0.0,0.0,2.220341052187172e-26,0.00032416114372468575,0.0,0.0,0.0,0.0,0.0,0.0,0.0,0.0,0.0,0.00035468057692619563,0.0,0.0,0.0,0.0,0.0,0.0,0.0,0.0,0.0,0.0,0.0,0.0,0.0011452398741558583,0.002953340084835263,1.121378201913436e-25,0.0,0.0,1.6718684889540414e-26,0.0016367548181323035,0.0,0.0,1.2967509013200899e-05,0.0,0.0,5.466831656898783e-25,4.475800132799297e-28,0.005735772343803748,0.000307509663670514,3.2407708378400085e-25,0.0,0.0,4.645628524633373e-05
0.3690606766160948,0.0,0.0,0.0,0.0,0.0,0.00016787412962558526,0.0,3.5449944902849207e-25,0.0004252937512033821,0.0,0.0,-1.1441629594328915e-24,0.0,0.0,0.0,0.0,0.0,0.00145608720626481,0.0019743826752211323,0.0,0.0,-1.810078981136457e-24,0.0,0.0,0.0003166133001835995,-1.0020164704369797e-25,0.0,0.0,0.0,0.0020082110823858358,0.0,0.00019427193775224788,0.0,1.835326185127122e-25,0.0,0.0017383280149854085,0.0,0.0,0.0,0.0,0.0,0.0,0.0,0.0003530092073466914,0.0,0.0009002653011066954,0.0,-6.195172477494447e-25,0.0,0.0,0.0008702705760067235,0.0,0.0,0.0009133963712848361,0.002102501863328515,0.0,0.0007873389223369829,0.00047037627905559563,0.0,0.0017157582478325199,0.0,0.0,0.0006364001470388751,0.0016860856332898382,0.0003294711720350776,0.0006371887898880357,-3.2249783291107953e-25,1.559184388652159e-06,0.0020113939133779356,0.0018399568365267895,0.0,0.0009353515371076929,0.0008205629448016099,0.0004304516644882743,0.0,0.0,0.00018723413262401888,0.0006623047793450423,0.0026084490363703955,0.0002548916149990756,0.0006777105140026909,0.0,-2.4205612616668237e-25,0.0,0.00557013631505856,0.0,4.026559020379743e-25,-1.4150850712614741e-25,0.00046829128523724156,0.0004341167642663171,0.0002716891051726534,0.0,0.000278604323890282,-1.4436342210070394e-25,0.0,0.0,0.0,0.0,-4.201775451050193e-25,0.0,0.0,0.0,0.0,0.0,3.657224912528206e-05,0.0,0.0,0.0,2.5827562245390225e-05,-2.270693986264041e-25,0.0,2.652166219927059e-25,0.0,0.002528932138984168,0.0,0.0,0.0020647724976853373,0.0,0.0,0.0,0.0021245853547354736,-6.202883011687259e-25,0.0,0.0017928367596268145,0.0,0.0,0.0,0.0004584951825522852,0.0,1.9380650067280011e-25,0.001197098816867473,0.0,7.409102537193882e-05,0.0,0.0009318524269245077,0.0007442019106024994,0.0,0.0,0.0,0.0003741030796735814,0.0004492975533241885,0.0,0.0,0.0,0.0,0.0,0.0,0.0009320875735088133,0.0,0.0,0.0014302879478039889,0.0,0.0,0.0010146314660410508,0.0007497038614147496,4.42866494659763e-26,0.0,0.0,0.0008608582771617626,0.0006012315598701897,0.0,1.983025972721856e-25,0.0,1.183205661515547e-25,2.5033661798274882e-05,0.00013670082102458205,3.409364304398022e-05,0.0014805948115531058,0.0011259902519257245,0.004464810277641458,-7.912148069628766e-25,4.179219911269152e-25,1.4525664823933546e-24,3.3026568803372763e-26,0.000899626693832733,0.0008125046224553098,0.0009654443431675756,2.1236988290335754e-25,0.0019894931516307667,0.0008531955820615264,-1.1813337177601172e-24,0.0006510571376022896,0.0003051975931142282
0.4482345060153818,0.0,0.0,0.0,0.0,0.0,3.8731294488759278e-25,0.0,0.0009742295218756576,-3.7929008498622297e-25,0.0,0.0,0.00018340615078091968,0.0,0.0,0.0,0.0,0.0,0.0006337842545118271,0.0029932353325082682,0.0,0.0,0.004245926971013901,0.0,0.0,0.0004872923571689779,0.0015079933447572217,0.0,0.0,0.0,0.0012865724034228532,0.0,-3.156681729261839e-25,0.0,0.0006159253023935477,0.0,0.005739759660706081,0.0,0.0,0.0,0.0,0.0,0.0,0.0,-1.3338202579744782e-24,0.0,0.002401973588471431,0.0,0.0003296033900778373,0.0,0.0,-8.353694066756092e-25,0.0,0.0,0.000520775180029288,-2.743067999089427e-25,0.0,0.000776375111016215,-1.5968825437111983e-25,0.0,7.817852281441358e-05,0.0,0.0,0.0008642173455903988,7.667479243377517e-05,0.0002117761831009328,0.0005414594726102547,0.0023284639076824555,0.0,0.0012501381893087417,0.0022679887486173464,0.0,0.001979813529595442,5.862224153475337e-26,0.0013928525605696874,0.0,0.0,4.558543660010161e-26,0.004170379740270745,0.000734451605376192,0.00034696320824459035,0.0009551105748237249,0.0,-5.078969788317919e-25,0.0,0.007107831444839835,0.0,0.0008353170056667501,0.0014893331921321342,-1.2979085173988282e-24,0.0023496942550025046,0.0005264522745824244,0.0,0.00043852466056281254,7.494702128559513e-05,0.0,0.0,0.0,0.0,-8.104520148138396e-25,0.0,0.0,0.0,0.0,0.0,-5.1967752037162925e-25,0.0,0.0,0.0,0.00021510931560335492,1.7660689130715427e-25,0.0,0.0003258506462901202,0.0,-2.2917363829212856e-24,0.0,0.0,7.468094665745473e-05,0.0,0.0,0.0,-2.6660571987815172e-24,0.02035495971954247,0.0,1.4503612826313434e-26,0.0,0.0,0.0,0.00036591242216479317,0.0,-4.6094913102369775e-25,0.0017775889733290667,0.0,-4.91738040079221e-25,0.0,0.000774849221591125,-5.285294875977587e-25,0.0,0.0,0.0,0.006269372908896809,0.00042117790348423763,0.0,0.0,0.0,0.0,0.0,0.0,0.0012750558684236262,0.0,0.0,1.6212373274993993e-05,0.0,0.0,-1.1488328793806051e-24,-2.4452536235942906e-24,-1.1797465780395887e-24,0.0,0.0,0.0011706353408429074,9.147112167434373e-05,0.0,-2.4537311312119848e-24,0.0,0.0017589723321485154,0.0011155959554645949,0.0004934070896940353,-3.911203040677498e-25,-6.170564350467824e-25,0.0019107329345673882,0.0030125464167904577,0.0022544134024677816,-2.0570545545196918e-24,0.0006161194015948143,-9.340781240888945e-26,0.004136104857609644,0.0012807201900882222,0.0028180024447550765,-8.833505544256825e-26,0.0022168779977212445,0.002017806397249552,-7.4897792440157785e-25,-1.7200018814753395e-24,0.0006200652648109778
0.3071048341352976,0.0,0.0,0.0,0.0,0.0,0.0006213031357153328,0.0,0.0,-6.035920101523738e-26,0.0,0.0,0.0014820893921810678,0.0,0.0,0.0,0.0,0.0,1.911538123782581e-24,0.0006340871016948521,0.0,0.0,-3.2593975863368285e-24,0.0,0.0,-1.0466171256460736e-25,0.0018468424097669131,0.0,0.0,0.0,3.477783950786466e-25,0.0,-6.891748898908986e-26,0.0,9.61092352913831e-05,0.0,0.004438764624776083,0.0,0.0,0.0,0.0,0.0,0.0,0.0,-2.7453593252583155e-25,0.0,0.0002534468026256119,0.0,0.0008307178617769572,0.0,0.0,-1.6658705478603537e-25,0.0,0.0,-3.6281556633908655e-25,0.0003181453939185901,0.0,0.00021620696036891006,0.0002728742517988606,0.0,0.0008104919770770705,0.0,0.0,-2.509663772949563e-25,0.0013166872332527307,0.0002027189754421407,4.784111450687886e-05,1.0557756216396251e-24,0.0,0.00318289703087481,0.0026810887570302027,0.0,0.0027427394747475235,0.00035516272485609476,0.00042892480775981505,0.0,0.0,-3.5155234485057303e-25,0.00029036055505260515,0.0011414023425159866,1.035919164392037e-25,0.0005293970406414337,0.0,2.6967329457728673e-25,0.0,-8.092555038190515e-25,0.0,0.0003787385742717345,-1.359146649781324e-26,0.000100862009713169,0.0005304893567066722,4.353005118043436e-05,0.0,0.0001853570578171232,0.0,0.0,0.0,0.0,0.0,0.0010756271111152494,0.0,0.0,0.0,0.0,0.0,-8.560432078414396e-25,0.0,0.0,0.0,0.0007516158488752627,4.790082748084832e-26,0.0,-8.137206136014169e-25,0.0,0.0006416423029501765,0.0,0.0,1.075501032523408e-24,0.0,0.0,0.0,-7.350141534293293e-25,8.323719465906667e-26,0.0,0.0011228349727424392,0.0,0.0,0.0,0.0008335508570787284,0.0,4.006947487512978e-05,8.237414069544868e-05,0.0,0.0006169156225538281,0.0,-1.0685516011269904e-24,3.1493101769831864e-25,0.0,0.0,0.0,0.0018101190040693254,0.00019182230814806506,0.0,0.0,0.0,0.0,0.0,0.0,2.6219869655127446e-25,0.0,0.0,2.875622009053594e-05,0.0,0.0,-2.9746981628413763e-24,0.0010819824398472133,0.001957744024174466,0.0,0.0,0.0007454471261911749,0.0011471477247410444,0.0,4.780674069239492e-05,0.0,5.480056145912945e-25,0.00024240488888025466,0.0006322921262581197,0.0007157123486775268,0.0020986136876346,0.0003789054274110844,0.0016041076094356333,7.996003929598948e-25,1.3991879833590869e-24,1.6328344721232302e-24,6.692722470588406e-26,-1.1211837821056665e-25,0.0024073577400236033,0.001212313840803895,0.0,0.001396379822963956,0.0006806738953211859,0.002091667258233545,-1.4706505810014388e-24,1.212188295207054e-24
0.4451937737781707,0.0,0.0,0.0,0.0,0.0,-1.0457688275627347e-25,0.0,9.274391508106965e-05,0.0003630367080173172,0.0,0.0,1.203574156326243e-25,0.0,0.0,0.0,0.0,0.0,7.440887218977385e-26,0.0005450274819152992,0.0,0.0,6.170072918186536e-24,0.0,0.0,0.0011722952583492839,0.002404002720399663,0.0,0.0,0.0,0.002037474210837749,0.0,0.0011902819120376646,0.0,-3.591794351965426e-27,0.0,0.0028866466811889174,0.0,0.0,0.0,0.0,0.0,0.0,0.0,1.6870595661775434e-25,0.0,0.004168876739366889,0.0,0.0002276406367302516,0.0,0.0,0.0012025632608860031,0.0,0.0,0.0001625925245046648,0.0018158533440218406,0.0,0.0022264924175580767,9.564483196693283e-05,0.0,0.0003075368723768044,0.0,0.0,0.0009172204059991674,0.001527040469071694,3.483996404820487e-05,0.00031330143818202846,1.5714013285255858e-24,0.0,0.002083562466727741,0.004731727087447735,0.0,-2.2302018134681103e-24,0.00013399712965277667,0.001740837723671161,0.0,0.0,3.286317409549992e-05,0.0021485893063707268,0.0018132316052541849,-1.7513641732353696e-25,0.0010236599779762851,0.0,0.0006705993505957718,0.0,0.00256067736646633,0.0,0.0004451680042694512,0.001642009318313991,0.0002176651933656582,0.0006302686767702377,1.6338305817819582e-25,0.0,-2.248827837385506e-25,0.0,0.0,0.0,0.0,0.0,2.629047408664617e-26,0.0,0.0,0.0,0.0,0.0,4.601255885940678e-25,0.0,0.0,0.0,-3.7294882451486735e-26,0.0010351727018287297,0.0,0.0009333816102918228,0.0,0.0016065756304346132,0.0,0.0,0.0004737133681763421,0.0,0.0,0.0,2.5017589044534804e-24,0.0017027656360714312,0.0,0.0005706156484782404,0.0,0.0,0.0,-3.6370636879658886e-25,0.0,0.0004113405197052265,0.00010046567340003214,0.0,9.92798731426504e-05,0.0,3.2496622120163334e-25,-6.904293043878633e-26,0.0,0.0,0.0,0.0021261708194772314,7.79785745505484e-05,0.0,0.0,0.0,0.0,0.0,0.0,-5.601101285502429e-25,0.0,0.0,0.0008083749567212034,0.0,0.0,7.662597988019628e-25,-2.143925239899452e-24,3.955398990461497e-24,0.0,0.0,0.004063020306461447,6.7194810269195485e-25,0.0,7.774389954668253e-25,0.0,0.00251014510197384,0.0017026119072763308,0.0002984853682772002,3.285515265362883e-25,5.523289615799287e-25,0.0006303517402560631,0.00228719641931402,2.38281506386502e-24,0.0015593515700317489,0.002453763700834203,1.0471823563619778e-25,0.0006646633807020279,0.0016282841492593915,0.00023630718040977756,0.0,0.0011118116914736623,0.002120573680305816,-1.6312247830269865e-24,0.0007440942869884372,0.000446876660258583
0.46675302663572715,0.0,0.0,0.0,0.0,0.0,0.00024723404814789256,0.0,0.0010793294700455142,0.00031678420643833064,0.0,0.0,0.00030755629995767367,0.0,0.0,0.0,0.0,0.0,-3.1698356887912867e-25,0.0012847536908455021,0.0,0.0,0.00528025299927323,0.0,0.0,0.0014942354082749798,0.005281002918567285,0.0,0.0,0.0,2.743247151846885e-05,0.0,0.0014438558916263812,0.0,0.0009382639033986248,0.0,0.0012353283524017093,0.0,0.0,0.0,0.0,0.0,0.0,0.0,0.0005288765576751925,0.0,0.0018330986719996244,0.0,0.0007287973679048138,0.0,0.0,0.00043864958020008903,0.0,0.0,9.0869313403594e-25,0.0010054818004121403,0.0,0.0013081997214512025,2.414778678164507e-25,0.0,0.0012300383776066668,0.0,0.0,0.0016281758891178444,0.002004513981883473,0.0004703005272367215,0.00016776636210537283,0.0010669032673646793,0.0,0.0011591404705706347,1.4720097128641578e-24,0.0,-7.060937003961434e-26,0.0007457226733147492,0.002418893937358479,0.0,0.0,0.0009431794347797709,2.606872602195807e-25,-5.87147489566949e-25,0.00031660155332881415,0.0007080938870713949,0.0,-1.0793790637210845e-25,0.0,0.003487962791623518,0.0,1.6752042715897547e-25,0.0012493073188140878,0.0007986981520455689,0.0008638228625128573,0.0010149713287823416,0.0,0.0001860948413929101,2.9203372439336758e-05,0.0,0.0,0.0,0.0,1.995925128017112e-25,0.0,0.0,0.0,0.0,0.0,0.006480297306571593,0.0,0.0,0.0,0.00032537143506214465,0.0007447139977185915,0.0,0.00032799859237533555,0.0,0.0019662243723579356,0.0,0.0,0.0010842766172336604,0.0,0.0,0.0,-2.3435835927156926e-24,0.001257324983412856,0.0,1.6006841655768158e-25,0.0,0.0,0.0,0.0007640573400831182,0.0,2.798943934599055e-25,0.0015853046829399306,0.0,0.000558001355211503,0.0,9.458425590111971e-26,5.596624719964169e-25,0.0,0.0,0.0,0.0025387133006911484,0.0028705479188348513,0.0,0.0,0.0,0.0,0.0,0.0,1.0166888719545823e-24,0.0,0.0,5.012152300389976e-25,0.0,0.0,1.468368617081527e-24,0.0004060191676885389,5.512574878546659e-25,0.0,0.0,2.2161334945605817e-05,5.619737952943474e-25,0.0,4.987366208120891e-25,0.0,0.002019507982901626,2.2421118206986592e-05,0.0011607456331284658,3.7183081352401133e-25,-1.1717887915710351e-24,0.0011791006336062072,-3.0196394873720276e-25,1.330585115337109e-24,4.381332507698274e-25,3.0627005683506e-24,7.118008417544379e-26,0.0006526977733230264,0.0008513015292223337,0.001486460632838946,0.0005242036917063721,0.001572056231724826,0.0001182429238110027,3.689979002526055e-25,3.8949225481974495e-26,0.0008684667627596841
